{
"type": "FeatureCollection",
"name": "vn2000_provinces",
"crs": { "type": "name", "properties": { "name": "urn:ogc:def:crs:OGC:1.3:CRS84" } },
"xy_coordinate_resolution": 0.0001,
"features": [
{ "type": "Feature", "properties": { "name": "An Giang", "epsg": 9208, "epsg_2025": 9208 }, "geometry": { "type": "Polygon", "coordinates": [ [ [ 105.1871, 10.9132 ], [ 105.189, 10.8965 ], [ 105.1888, 10.8593 ], [ 105.1946, 10.85 ], [ 105.2094, 10.8429 ], [ 105.2176, 10.8356 ], [ 105.222, 10.8217 ], [ 105.2296, 10.8088 ], [ 105.2365, 10.8059 ], [ 105.2511, 10.8055 ], [ 105.2571, 10.8021 ], [ 105.2598, 10.7964 ], [ 105.2568, 10.7844 ], [ 105.2573, 10.7793 ], [ 105.2585, 10.7743 ], [ 105.2643, 10.7686 ], [ 105.2711, 10.7656 ], [ 105.2968, 10.7637 ], [ 105.3018, 10.7585 ], [ 105.3008, 10.7514 ], [ 105.2747, 10.7325 ], [ 105.2745, 10.727 ], [ 105.2763, 10.7248 ], [ 105.2895, 10.7187 ], [ 105.2992, 10.7189 ], [ 105.3297, 10.7257 ], [ 105.335, 10.726 ], [ 105.3475, 10.7225 ], [ 105.3497, 10.7169 ], [ 105.3373, 10.6724 ], [ 105.3409, 10.6398 ], [ 105.3473, 10.6197 ], [ 105.3686, 10.5755 ], [ 105.3737, 10.5732 ], [ 105.3837, 10.5724 ], [ 105.3908, 10.5702 ], [ 105.4126, 10.5523 ], [ 105.4178, 10.5512 ], [ 105.4435, 10.5538 ], [ 105.4783, 10.5359 ], [ 105.4823, 10.5382 ], [ 105.4857, 10.543 ], [ 105.4989, 10.5471 ], [ 105.5084, 10.5461 ], [ 105.5101, 10.5482 ], [ 105.5278, 10.5404 ], [ 105.5429, 10.5285 ], [ 105.5559, 10.5097 ], [ 105.5709, 10.4737 ], [ 105.574, 10.4479 ], [ 105.571, 10.44 ], [ 105.5721, 10.4308 ], [ 105.5639, 10.4308 ], [ 105.552, 10.4357 ], [ 105.5443, 10.4214 ], [ 105.5502, 10.4199 ], [ 105.5495, 10.4169 ], [ 105.5444, 10.4143 ], [ 105.535, 10.4133 ], [ 105.53, 10.4091 ], [ 105.5279, 10.4016 ], [ 105.5226, 10.4016 ], [ 105.527, 10.3772 ], [ 105.5188, 10.3707 ], [ 105.5191, 10.3643 ], [ 105.5143, 10.3638 ], [ 105.4978, 10.3553 ], [ 105.4895, 10.3473 ], [ 105.4891, 10.3398 ], [ 105.4858, 10.3355 ], [ 105.493, 10.3279 ], [ 105.4852, 10.3246 ], [ 105.4821, 10.3168 ], [ 105.467, 10.3118 ], [ 105.4249, 10.3041 ], [ 105.4397, 10.2707 ], [ 105.3977, 10.2544 ], [ 105.3346, 10.2353 ], [ 105.3105, 10.2753 ], [ 105.3046, 10.2699 ], [ 105.2994, 10.2781 ], [ 105.2855, 10.2636 ], [ 105.2872, 10.2608 ], [ 105.2651, 10.2395 ], [ 105.259, 10.2469 ], [ 105.2511, 10.2393 ], [ 105.2298, 10.2101 ], [ 105.2258, 10.2142 ], [ 105.2042, 10.1846 ], [ 105.1245, 10.2539 ], [ 105.0151, 10.317 ], [ 105.0159, 10.3182 ], [ 105.0, 10.3236 ], [ 104.8744, 10.3514 ], [ 104.8634, 10.3561 ], [ 104.8256, 10.4046 ], [ 104.8278, 10.4071 ], [ 104.8073, 10.4419 ], [ 104.7951, 10.4687 ], [ 104.7765, 10.4886 ], [ 104.7815, 10.5074 ], [ 104.7778, 10.5126 ], [ 104.7767, 10.5203 ], [ 104.8653, 10.5225 ], [ 104.8689, 10.5246 ], [ 104.8955, 10.5476 ], [ 104.9334, 10.6154 ], [ 104.9605, 10.6467 ], [ 105.0911, 10.7222 ], [ 105.0925, 10.7251 ], [ 105.0877, 10.7535 ], [ 105.0832, 10.7607 ], [ 105.0608, 10.7794 ], [ 105.0588, 10.8173 ], [ 105.0299, 10.8753 ], [ 105.0282, 10.8869 ], [ 105.0296, 10.892 ], [ 105.0377, 10.9001 ], [ 105.0379, 10.9133 ], [ 105.0491, 10.9311 ], [ 105.0587, 10.9378 ], [ 105.0745, 10.9446 ], [ 105.0769, 10.9596 ], [ 105.0902, 10.9546 ], [ 105.0961, 10.9547 ], [ 105.1122, 10.9622 ], [ 105.1152, 10.9557 ], [ 105.1146, 10.9469 ], [ 105.0973, 10.9227 ], [ 105.1075, 10.9191 ], [ 105.1293, 10.9238 ], [ 105.1453, 10.9243 ], [ 105.1575, 10.923 ], [ 105.1721, 10.9152 ], [ 105.1871, 10.9132 ] ] ] } },
{ "type": "Feature", "properties": { "name": "Ba Ria - Vung Tau", "epsg": 5899, "epsg_2025": 9210 }, "geometry": { "type": "MultiPolygon", "coordinates": [ [ [ [ 106.0811, 8.5775 ], [ 106.0781, 8.5798 ], [ 106.0804, 8.5828 ], [ 106.0834, 8.5806 ], [ 106.0811, 8.5775 ] ] ], [ [ [ 106.1501, 8.6072 ], [ 106.1484, 8.6089 ], [ 106.15, 8.6105 ], [ 106.1515, 8.6086 ], [ 106.1501, 8.6072 ] ] ], [ [ [ 106.1377, 8.611 ], [ 106.1348, 8.6136 ], [ 106.1372, 8.6163 ], [ 106.1402, 8.6138 ], [ 106.1377, 8.611 ] ] ], [ [ [ 106.5561, 8.628 ], [ 106.5542, 8.6285 ], [ 106.5554, 8.6303 ], [ 106.5566, 8.6297 ], [ 106.5561, 8.628 ] ] ], [ [ [ 106.6338, 8.6373 ], [ 106.6274, 8.6325 ], [ 106.6265, 8.6358 ], [ 106.6276, 8.639 ], [ 106.6338, 8.6373 ] ] ], [ [ [ 106.617, 8.6348 ], [ 106.6149, 8.6356 ], [ 106.6168, 8.6394 ], [ 106.6183, 8.6378 ], [ 106.617, 8.6348 ] ] ], [ [ [ 106.5527, 8.6575 ], [ 106.5558, 8.6554 ], [ 106.5579, 8.6509 ], [ 106.5618, 8.6525 ], [ 106.5739, 8.6462 ], [ 106.5698, 8.6409 ], [ 106.5634, 8.6396 ], [ 106.5568, 8.6302 ], [ 106.5554, 8.6338 ], [ 106.551, 8.6353 ], [ 106.5523, 8.6384 ], [ 106.551, 8.6478 ], [ 106.5463, 8.6437 ], [ 106.5453, 8.6464 ], [ 106.5399, 8.6469 ], [ 106.5378, 8.6536 ], [ 106.5389, 8.6615 ], [ 106.5428, 8.6608 ], [ 106.5462, 8.6574 ], [ 106.5486, 8.6647 ], [ 106.552, 8.6635 ], [ 106.5527, 8.6575 ] ] ], [ [ [ 106.6787, 8.6694 ], [ 106.6844, 8.6752 ], [ 106.6905, 8.6694 ], [ 106.6945, 8.6797 ], [ 106.7007, 8.6766 ], [ 106.7026, 8.6693 ], [ 106.7062, 8.6705 ], [ 106.709, 8.668 ], [ 106.7036, 8.6635 ], [ 106.6999, 8.6649 ], [ 106.694, 8.6606 ], [ 106.68, 8.6682 ], [ 106.6769, 8.6629 ], [ 106.6764, 8.6561 ], [ 106.675, 8.656 ], [ 106.6696, 8.659 ], [ 106.6662, 8.6665 ], [ 106.6599, 8.6726 ], [ 106.6599, 8.6812 ], [ 106.6717, 8.6808 ], [ 106.6787, 8.6694 ] ] ], [ [ [ 106.5576, 8.6837 ], [ 106.5534, 8.6841 ], [ 106.5528, 8.6871 ], [ 106.554, 8.6887 ], [ 106.5569, 8.6887 ], [ 106.5576, 8.6837 ] ] ], [ [ [ 106.7392, 8.6954 ], [ 106.7414, 8.6935 ], [ 106.7413, 8.6885 ], [ 106.738, 8.6824 ], [ 106.737, 8.6871 ], [ 106.731, 8.6882 ], [ 106.7377, 8.6987 ], [ 106.7395, 8.698 ], [ 106.7392, 8.6954 ] ] ], [ [ [ 106.5354, 8.7096 ], [ 106.5471, 8.7079 ], [ 106.5444, 8.7039 ], [ 106.5343, 8.706 ], [ 106.5354, 8.7096 ] ] ], [ [ [ 106.5864, 8.7353 ], [ 106.5831, 8.7351 ], [ 106.5818, 8.736 ], [ 106.5866, 8.7377 ], [ 106.5864, 8.7353 ] ] ], [ [ [ 106.6629, 8.7606 ], [ 106.6625, 8.7576 ], [ 106.6663, 8.7564 ], [ 106.6681, 8.754 ], [ 106.6672, 8.7504 ], [ 106.6596, 8.7475 ], [ 106.6572, 8.7535 ], [ 106.6523, 8.7542 ], [ 106.6502, 8.7452 ], [ 106.6596, 8.7434 ], [ 106.662, 8.7414 ], [ 106.6617, 8.7336 ], [ 106.6588, 8.7303 ], [ 106.6499, 8.7301 ], [ 106.6447, 8.7319 ], [ 106.6405, 8.73 ], [ 106.6371, 8.7255 ], [ 106.635, 8.7179 ], [ 106.6355, 8.7128 ], [ 106.6572, 8.6969 ], [ 106.6577, 8.6929 ], [ 106.6552, 8.6936 ], [ 106.65, 8.6913 ], [ 106.6428, 8.6983 ], [ 106.6332, 8.7005 ], [ 106.6284, 8.6966 ], [ 106.6252, 8.6875 ], [ 106.621, 8.6919 ], [ 106.5983, 8.6763 ], [ 106.5956, 8.6686 ], [ 106.6084, 8.6499 ], [ 106.6113, 8.6403 ], [ 106.6044, 8.6405 ], [ 106.5875, 8.6462 ], [ 106.5841, 8.645 ], [ 106.5749, 8.646 ], [ 106.5788, 8.6483 ], [ 106.5696, 8.6567 ], [ 106.5596, 8.6759 ], [ 106.5593, 8.6812 ], [ 106.5662, 8.6881 ], [ 106.5671, 8.6925 ], [ 106.5732, 8.6914 ], [ 106.5773, 8.7067 ], [ 106.5815, 8.7049 ], [ 106.5881, 8.7068 ], [ 106.587, 8.7166 ], [ 106.5908, 8.7245 ], [ 106.5968, 8.7251 ], [ 106.5991, 8.7238 ], [ 106.6003, 8.7266 ], [ 106.6076, 8.7301 ], [ 106.6107, 8.7338 ], [ 106.6178, 8.7303 ], [ 106.6225, 8.7359 ], [ 106.6224, 8.7384 ], [ 106.6201, 8.7398 ], [ 106.6206, 8.7431 ], [ 106.6261, 8.7454 ], [ 106.6285, 8.7441 ], [ 106.6314, 8.7451 ], [ 106.6378, 8.7523 ], [ 106.6506, 8.7547 ], [ 106.653, 8.7607 ], [ 106.6629, 8.7606 ] ] ], [ [ [ 106.7152, 8.7821 ], [ 106.7126, 8.7814 ], [ 106.7116, 8.7855 ], [ 106.7148, 8.786 ], [ 106.7152, 8.7821 ] ] ], [ [ [ 107.0752, 10.3763 ], [ 107.0716, 10.3775 ], [ 107.0695, 10.383 ], [ 107.0702, 10.3847 ], [ 107.0731, 10.3848 ], [ 107.0761, 10.3812 ], [ 107.0768, 10.3789 ], [ 107.0752, 10.3763 ] ] ], [ [ [ 107.0968, 10.3985 ], [ 107.0937, 10.3951 ], [ 107.0927, 10.3976 ], [ 107.0942, 10.4036 ], [ 107.0973, 10.4069 ], [ 107.0968, 10.3985 ] ] ], [ [ [ 107.1024, 10.4108 ], [ 107.1004, 10.4102 ], [ 107.0993, 10.4121 ], [ 107.1029, 10.4152 ], [ 107.1024, 10.4108 ] ] ], [ [ [ 107.1554, 10.4486 ], [ 107.1509, 10.4527 ], [ 107.1537, 10.4554 ], [ 107.1557, 10.4522 ], [ 107.1554, 10.4486 ] ] ], [ [ [ 107.1492, 10.4551 ], [ 107.142, 10.4218 ], [ 107.1371, 10.4204 ], [ 107.124, 10.4205 ], [ 107.1174, 10.4176 ], [ 107.1154, 10.4182 ], [ 107.1124, 10.4359 ], [ 107.1198, 10.4405 ], [ 107.1227, 10.4471 ], [ 107.1184, 10.4553 ], [ 107.1256, 10.4558 ], [ 107.1379, 10.4539 ], [ 107.1419, 10.4583 ], [ 107.1431, 10.4661 ], [ 107.1488, 10.4631 ], [ 107.1492, 10.4551 ] ] ], [ [ [ 107.4501, 10.8049 ], [ 107.4811, 10.7728 ], [ 107.4901, 10.7694 ], [ 107.5042, 10.7727 ], [ 107.5021, 10.7486 ], [ 107.5052, 10.7476 ], [ 107.5214, 10.7336 ], [ 107.5382, 10.714 ], [ 107.5418, 10.7006 ], [ 107.5417, 10.6737 ], [ 107.5493, 10.6544 ], [ 107.5613, 10.6323 ], [ 107.566, 10.6199 ], [ 107.5682, 10.5799 ], [ 107.5701, 10.5705 ], [ 107.555, 10.5611 ], [ 107.5483, 10.5541 ], [ 107.512, 10.5039 ], [ 107.5076, 10.5022 ], [ 107.4794, 10.5017 ], [ 107.4684, 10.4985 ], [ 107.4599, 10.491 ], [ 107.4415, 10.4692 ], [ 107.4181, 10.4675 ], [ 107.3937, 10.4693 ], [ 107.3713, 10.4684 ], [ 107.3471, 10.4574 ], [ 107.3471, 10.4599 ], [ 107.3578, 10.4676 ], [ 107.3546, 10.4684 ], [ 107.3463, 10.4643 ], [ 107.3391, 10.4631 ], [ 107.3352, 10.4589 ], [ 107.3348, 10.4564 ], [ 107.343, 10.4596 ], [ 107.3413, 10.4554 ], [ 107.3278, 10.4506 ], [ 107.3118, 10.4409 ], [ 107.2857, 10.4174 ], [ 107.2586, 10.3847 ], [ 107.2535, 10.3806 ], [ 107.2396, 10.3787 ], [ 107.216, 10.406 ], [ 107.2038, 10.407 ], [ 107.1756, 10.4012 ], [ 107.1758, 10.4029 ], [ 107.184, 10.4071 ], [ 107.1871, 10.4103 ], [ 107.1863, 10.4233 ], [ 107.1874, 10.43 ], [ 107.1858, 10.4306 ], [ 107.173, 10.4131 ], [ 107.1685, 10.4097 ], [ 107.1575, 10.3899 ], [ 107.1412, 10.3832 ], [ 107.126, 10.3747 ], [ 107.1048, 10.3563 ], [ 107.0925, 10.34 ], [ 107.0842, 10.3244 ], [ 107.0827, 10.3239 ], [ 107.0717, 10.3332 ], [ 107.0699, 10.3356 ], [ 107.0699, 10.3395 ], [ 107.0727, 10.3428 ], [ 107.0718, 10.3471 ], [ 107.0589, 10.3571 ], [ 107.061, 10.3687 ], [ 107.0537, 10.376 ], [ 107.0561, 10.3868 ], [ 107.0595, 10.3882 ], [ 107.0629, 10.3866 ], [ 107.0713, 10.3747 ], [ 107.0755, 10.3736 ], [ 107.0814, 10.3791 ], [ 107.0783, 10.3867 ], [ 107.0799, 10.3911 ], [ 107.0901, 10.3894 ], [ 107.1, 10.394 ], [ 107.1027, 10.3973 ], [ 107.1063, 10.4075 ], [ 107.1139, 10.4125 ], [ 107.1162, 10.4118 ], [ 107.1197, 10.4073 ], [ 107.1219, 10.4084 ], [ 107.1227, 10.4121 ], [ 107.1254, 10.4148 ], [ 107.1388, 10.4152 ], [ 107.1441, 10.4184 ], [ 107.1477, 10.4242 ], [ 107.1506, 10.4442 ], [ 107.1521, 10.4455 ], [ 107.1552, 10.4444 ], [ 107.1617, 10.4457 ], [ 107.1652, 10.4484 ], [ 107.1578, 10.4506 ], [ 107.1529, 10.4629 ], [ 107.1599, 10.4727 ], [ 107.1657, 10.4775 ], [ 107.1627, 10.4783 ], [ 107.1578, 10.4768 ], [ 107.1517, 10.4686 ], [ 107.1391, 10.4705 ], [ 107.1379, 10.4688 ], [ 107.1389, 10.4609 ], [ 107.1372, 10.4599 ], [ 107.1324, 10.4697 ], [ 107.1259, 10.4677 ], [ 107.1249, 10.4611 ], [ 107.1218, 10.4627 ], [ 107.1154, 10.471 ], [ 107.1137, 10.4792 ], [ 107.1048, 10.4788 ], [ 107.0962, 10.472 ], [ 107.0868, 10.473 ], [ 107.0868, 10.4717 ], [ 107.0917, 10.469 ], [ 107.0984, 10.4686 ], [ 107.1012, 10.4691 ], [ 107.1067, 10.4755 ], [ 107.1098, 10.4757 ], [ 107.1106, 10.4679 ], [ 107.1147, 10.4643 ], [ 107.1124, 10.4524 ], [ 107.1159, 10.446 ], [ 107.1028, 10.4442 ], [ 107.1001, 10.436 ], [ 107.0835, 10.4315 ], [ 107.0718, 10.4343 ], [ 107.0527, 10.4478 ], [ 107.0411, 10.4654 ], [ 107.0408, 10.4668 ], [ 107.045, 10.4705 ], [ 107.0471, 10.4748 ], [ 107.0465, 10.4819 ], [ 107.0503, 10.4863 ], [ 107.0555, 10.4872 ], [ 107.0565, 10.4945 ], [ 107.0525, 10.4935 ], [ 107.0437, 10.4848 ], [ 107.0392, 10.4748 ], [ 107.0275, 10.4787 ], [ 107.0239, 10.4704 ], [ 107.0183, 10.4744 ], [ 106.9925, 10.4727 ], [ 106.9972, 10.5055 ], [ 107.0075, 10.5151 ], [ 107.0115, 10.525 ], [ 107.0221, 10.5349 ], [ 107.0255, 10.5415 ], [ 107.0246, 10.5455 ], [ 107.0139, 10.5494 ], [ 107.0092, 10.5552 ], [ 107.0108, 10.5626 ], [ 107.0237, 10.5817 ], [ 107.0242, 10.5926 ], [ 107.0153, 10.6071 ], [ 106.9987, 10.6197 ], [ 106.9952, 10.6278 ], [ 106.9955, 10.6319 ], [ 106.998, 10.6349 ], [ 107.0033, 10.6383 ], [ 107.0129, 10.6334 ], [ 107.0152, 10.6341 ], [ 107.0122, 10.6447 ], [ 107.0441, 10.6587 ], [ 107.0554, 10.6588 ], [ 107.0655, 10.6549 ], [ 107.0939, 10.6535 ], [ 107.1021, 10.663 ], [ 107.1312, 10.6863 ], [ 107.1371, 10.7093 ], [ 107.1371, 10.7376 ], [ 107.1348, 10.747 ], [ 107.1518, 10.7455 ], [ 107.1657, 10.7551 ], [ 107.1795, 10.7684 ], [ 107.1866, 10.773 ], [ 107.196, 10.773 ], [ 107.2048, 10.7765 ], [ 107.2051, 10.7604 ], [ 107.2115, 10.759 ], [ 107.2212, 10.7586 ], [ 107.2253, 10.7614 ], [ 107.2267, 10.765 ], [ 107.2292, 10.7651 ], [ 107.2601, 10.7565 ], [ 107.2986, 10.7557 ], [ 107.3035, 10.7287 ], [ 107.3045, 10.7144 ], [ 107.2994, 10.7056 ], [ 107.2974, 10.6878 ], [ 107.3099, 10.6734 ], [ 107.3183, 10.6697 ], [ 107.3288, 10.6779 ], [ 107.3344, 10.6797 ], [ 107.3503, 10.679 ], [ 107.3473, 10.6883 ], [ 107.3461, 10.7055 ], [ 107.3473, 10.7086 ], [ 107.3575, 10.7188 ], [ 107.3591, 10.7288 ], [ 107.3613, 10.7318 ], [ 107.3749, 10.7388 ], [ 107.3804, 10.7508 ], [ 107.392, 10.7598 ], [ 107.4005, 10.771 ], [ 107.407, 10.7747 ], [ 107.4187, 10.7735 ], [ 107.4352, 10.7977 ], [ 107.442, 10.8046 ], [ 107.4501, 10.8049 ] ] ] ] } },
{ "type": "Feature", "properties": { "name": "Bac Giang", "epsg": 9214, "epsg_2025": 9214 }, "geometry": { "type": "Polygon", "coordinates": [ [ [ 106.183, 21.6053 ], [ 106.1671, 21.5963 ], [ 106.1691, 21.5901 ], [ 106.1654, 21.5793 ], [ 106.1678, 21.5706 ], [ 106.1652, 21.5432 ], [ 106.1679, 21.5348 ], [ 106.1658, 21.5173 ], [ 106.1671, 21.5131 ], [ 106.1742, 21.5096 ], [ 106.1856, 21.5082 ], [ 106.196, 21.5017 ], [ 106.2051, 21.4986 ], [ 106.235, 21.4961 ], [ 106.242, 21.4836 ], [ 106.257, 21.4888 ], [ 106.2604, 21.4927 ], [ 106.272, 21.4949 ], [ 106.279, 21.4918 ], [ 106.2859, 21.4924 ], [ 106.2802, 21.4745 ], [ 106.2832, 21.473 ], [ 106.2846, 21.4695 ], [ 106.2809, 21.454 ], [ 106.288, 21.457 ], [ 106.2889, 21.4549 ], [ 106.2868, 21.4516 ], [ 106.2873, 21.4499 ], [ 106.2937, 21.4451 ], [ 106.2999, 21.4437 ], [ 106.3037, 21.4442 ], [ 106.3024, 21.4497 ], [ 106.3081, 21.4529 ], [ 106.311, 21.4513 ], [ 106.3141, 21.4455 ], [ 106.3179, 21.4483 ], [ 106.3235, 21.4494 ], [ 106.3264, 21.4484 ], [ 106.3275, 21.4396 ], [ 106.3304, 21.4356 ], [ 106.3268, 21.4334 ], [ 106.3245, 21.4183 ], [ 106.3221, 21.4146 ], [ 106.3226, 21.4111 ], [ 106.3369, 21.4001 ], [ 106.3533, 21.3966 ], [ 106.3608, 21.3977 ], [ 106.3655, 21.4007 ], [ 106.3689, 21.3962 ], [ 106.3748, 21.3945 ], [ 106.3868, 21.3993 ], [ 106.3936, 21.4064 ], [ 106.4078, 21.4057 ], [ 106.413, 21.4085 ], [ 106.4144, 21.4118 ], [ 106.4139, 21.4167 ], [ 106.4063, 21.4224 ], [ 106.4033, 21.4279 ], [ 106.4161, 21.4378 ], [ 106.437, 21.4442 ], [ 106.4423, 21.4372 ], [ 106.4473, 21.4366 ], [ 106.4513, 21.44 ], [ 106.4632, 21.4379 ], [ 106.4807, 21.4493 ], [ 106.4861, 21.4682 ], [ 106.4926, 21.4832 ], [ 106.5078, 21.4881 ], [ 106.5189, 21.4993 ], [ 106.5066, 21.5206 ], [ 106.5057, 21.525 ], [ 106.5105, 21.5305 ], [ 106.5178, 21.5343 ], [ 106.5219, 21.54 ], [ 106.5255, 21.5502 ], [ 106.5246, 21.5557 ], [ 106.5268, 21.5617 ], [ 106.5298, 21.565 ], [ 106.534, 21.5647 ], [ 106.5401, 21.5708 ], [ 106.5508, 21.5847 ], [ 106.5514, 21.5918 ], [ 106.57, 21.6029 ], [ 106.591, 21.6 ], [ 106.6166, 21.6087 ], [ 106.6226, 21.6067 ], [ 106.6241, 21.6035 ], [ 106.6336, 21.6021 ], [ 106.6433, 21.6074 ], [ 106.6524, 21.6044 ], [ 106.6595, 21.6083 ], [ 106.6688, 21.6097 ], [ 106.6761, 21.6037 ], [ 106.688, 21.601 ], [ 106.7009, 21.5938 ], [ 106.6972, 21.5737 ], [ 106.7032, 21.5689 ], [ 106.708, 21.5623 ], [ 106.7242, 21.5567 ], [ 106.7334, 21.5454 ], [ 106.7484, 21.5416 ], [ 106.7521, 21.5418 ], [ 106.7555, 21.5442 ], [ 106.7598, 21.5555 ], [ 106.7553, 21.5588 ], [ 106.7537, 21.563 ], [ 106.7543, 21.5672 ], [ 106.7624, 21.5739 ], [ 106.7712, 21.5731 ], [ 106.7849, 21.5777 ], [ 106.7861, 21.5724 ], [ 106.7955, 21.5662 ], [ 106.7983, 21.5625 ], [ 106.8045, 21.5603 ], [ 106.8201, 21.5637 ], [ 106.8422, 21.5605 ], [ 106.8482, 21.5495 ], [ 106.8491, 21.5425 ], [ 106.8587, 21.5391 ], [ 106.864, 21.5349 ], [ 106.8579, 21.5241 ], [ 106.8559, 21.5234 ], [ 106.8522, 21.5267 ], [ 106.85, 21.5263 ], [ 106.8482, 21.518 ], [ 106.8449, 21.5152 ], [ 106.8379, 21.5136 ], [ 106.8368, 21.5089 ], [ 106.8407, 21.5055 ], [ 106.8421, 21.5015 ], [ 106.8407, 21.4959 ], [ 106.8431, 21.4946 ], [ 106.8696, 21.4979 ], [ 106.8765, 21.4967 ], [ 106.8881, 21.4912 ], [ 106.8868, 21.4851 ], [ 106.8898, 21.4793 ], [ 106.9005, 21.4723 ], [ 106.8967, 21.4637 ], [ 106.8909, 21.4604 ], [ 106.8895, 21.453 ], [ 106.8944, 21.4458 ], [ 106.9027, 21.4398 ], [ 106.9097, 21.4314 ], [ 106.9153, 21.4317 ], [ 106.925, 21.442 ], [ 106.9283, 21.4397 ], [ 106.9291, 21.4369 ], [ 106.9268, 21.4288 ], [ 106.928, 21.4272 ], [ 106.9383, 21.4355 ], [ 106.9415, 21.436 ], [ 106.945, 21.4351 ], [ 106.9491, 21.4257 ], [ 106.9545, 21.4246 ], [ 106.9591, 21.4272 ], [ 106.9668, 21.4368 ], [ 106.9838, 21.4401 ], [ 106.9886, 21.4375 ], [ 106.9904, 21.4317 ], [ 107.0017, 21.424 ], [ 107.0014, 21.4209 ], [ 106.9933, 21.4185 ], [ 106.9892, 21.4155 ], [ 106.99, 21.4092 ], [ 106.9843, 21.4031 ], [ 106.985, 21.3912 ], [ 106.9913, 21.381 ], [ 106.9893, 21.3676 ], [ 106.9858, 21.3638 ], [ 106.9855, 21.3613 ], [ 106.9876, 21.3593 ], [ 106.9996, 21.3552 ], [ 107.0148, 21.3447 ], [ 107.0215, 21.3317 ], [ 107.0296, 21.3253 ], [ 107.0322, 21.3175 ], [ 107.0277, 21.3088 ], [ 107.0174, 21.3004 ], [ 107.0027, 21.2943 ], [ 106.9978, 21.2963 ], [ 106.9851, 21.2944 ], [ 106.9713, 21.2853 ], [ 106.9732, 21.281 ], [ 106.9739, 21.2721 ], [ 106.981, 21.2678 ], [ 106.9835, 21.2607 ], [ 106.9759, 21.2412 ], [ 106.9769, 21.2285 ], [ 106.9726, 21.2256 ], [ 106.9672, 21.2247 ], [ 106.9608, 21.2116 ], [ 106.955, 21.2081 ], [ 106.9542, 21.1922 ], [ 106.9456, 21.1889 ], [ 106.9443, 21.1813 ], [ 106.9411, 21.175 ], [ 106.9323, 21.1702 ], [ 106.9257, 21.174 ], [ 106.9146, 21.1851 ], [ 106.8917, 21.1804 ], [ 106.8814, 21.1844 ], [ 106.8776, 21.1824 ], [ 106.8736, 21.1765 ], [ 106.8694, 21.1751 ], [ 106.8589, 21.1769 ], [ 106.8547, 21.1892 ], [ 106.8504, 21.1897 ], [ 106.8395, 21.1873 ], [ 106.8264, 21.1885 ], [ 106.8243, 21.1855 ], [ 106.8246, 21.1636 ], [ 106.8316, 21.1546 ], [ 106.8303, 21.1529 ], [ 106.817, 21.157 ], [ 106.802, 21.1554 ], [ 106.7958, 21.1514 ], [ 106.7896, 21.1502 ], [ 106.7703, 21.1531 ], [ 106.7631, 21.1574 ], [ 106.7471, 21.157 ], [ 106.7319, 21.1617 ], [ 106.718, 21.1605 ], [ 106.7135, 21.1614 ], [ 106.7045, 21.1693 ], [ 106.6984, 21.1683 ], [ 106.6937, 21.1711 ], [ 106.68, 21.1684 ], [ 106.6771, 21.1715 ], [ 106.6661, 21.172 ], [ 106.6493, 21.1756 ], [ 106.6397, 21.1813 ], [ 106.6371, 21.1802 ], [ 106.6386, 21.1737 ], [ 106.6361, 21.1696 ], [ 106.63, 21.1729 ], [ 106.6078, 21.1719 ], [ 106.6047, 21.1803 ], [ 106.5871, 21.1798 ], [ 106.5881, 21.1866 ], [ 106.5846, 21.1906 ], [ 106.579, 21.1932 ], [ 106.5652, 21.1895 ], [ 106.5568, 21.1947 ], [ 106.5423, 21.1923 ], [ 106.5402, 21.1942 ], [ 106.5315, 21.2162 ], [ 106.5266, 21.2234 ], [ 106.523, 21.2258 ], [ 106.5174, 21.2265 ], [ 106.5096, 21.2231 ], [ 106.5025, 21.2241 ], [ 106.4971, 21.2283 ], [ 106.4911, 21.23 ], [ 106.4884, 21.2378 ], [ 106.4866, 21.2382 ], [ 106.4836, 21.2308 ], [ 106.4658, 21.2282 ], [ 106.4607, 21.2289 ], [ 106.4525, 21.2336 ], [ 106.4371, 21.2296 ], [ 106.4285, 21.2323 ], [ 106.4231, 21.2321 ], [ 106.4157, 21.224 ], [ 106.4106, 21.2089 ], [ 106.3925, 21.2042 ], [ 106.3829, 21.1968 ], [ 106.373, 21.1967 ], [ 106.3681, 21.1858 ], [ 106.3633, 21.1802 ], [ 106.3641, 21.1744 ], [ 106.343, 21.1744 ], [ 106.3425, 21.173 ], [ 106.3459, 21.1685 ], [ 106.3452, 21.1671 ], [ 106.3317, 21.1752 ], [ 106.3223, 21.186 ], [ 106.3222, 21.1935 ], [ 106.3113, 21.1945 ], [ 106.3075, 21.1869 ], [ 106.3078, 21.1811 ], [ 106.3193, 21.1595 ], [ 106.3211, 21.149 ], [ 106.3171, 21.1386 ], [ 106.3131, 21.1332 ], [ 106.2974, 21.1227 ], [ 106.293, 21.1286 ], [ 106.2854, 21.133 ], [ 106.2707, 21.1338 ], [ 106.2639, 21.1472 ], [ 106.2545, 21.1543 ], [ 106.2535, 21.1602 ], [ 106.2563, 21.1656 ], [ 106.2521, 21.1727 ], [ 106.2458, 21.1728 ], [ 106.2377, 21.1689 ], [ 106.2246, 21.1572 ], [ 106.2064, 21.1564 ], [ 106.2073, 21.1601 ], [ 106.2189, 21.1724 ], [ 106.2182, 21.1768 ], [ 106.1957, 21.1829 ], [ 106.1875, 21.1824 ], [ 106.1821, 21.1775 ], [ 106.1703, 21.1809 ], [ 106.151, 21.2094 ], [ 106.1424, 21.2151 ], [ 106.1316, 21.2181 ], [ 106.1257, 21.216 ], [ 106.123, 21.2117 ], [ 106.1221, 21.2012 ], [ 106.1199, 21.1992 ], [ 106.1175, 21.1993 ], [ 106.089, 21.2061 ], [ 106.0835, 21.2094 ], [ 106.0847, 21.2155 ], [ 106.0798, 21.2212 ], [ 106.0716, 21.218 ], [ 106.0638, 21.2254 ], [ 106.052, 21.229 ], [ 106.0486, 21.2271 ], [ 106.0415, 21.2175 ], [ 106.0403, 21.2123 ], [ 106.0446, 21.2056 ], [ 106.0435, 21.2034 ], [ 106.0404, 21.2027 ], [ 106.0339, 21.2105 ], [ 106.0322, 21.217 ], [ 106.0337, 21.2465 ], [ 106.0243, 21.2531 ], [ 105.9933, 21.2648 ], [ 105.9914, 21.2643 ], [ 105.9842, 21.2542 ], [ 105.9894, 21.241 ], [ 105.9887, 21.2374 ], [ 105.9765, 21.2245 ], [ 105.956, 21.228 ], [ 105.95, 21.2359 ], [ 105.9396, 21.2338 ], [ 105.9341, 21.2386 ], [ 105.9364, 21.2461 ], [ 105.9358, 21.2496 ], [ 105.9207, 21.273 ], [ 105.9211, 21.2862 ], [ 105.929, 21.293 ], [ 105.9287, 21.2961 ], [ 105.9154, 21.2965 ], [ 105.9156, 21.3045 ], [ 105.9142, 21.3063 ], [ 105.9041, 21.3028 ], [ 105.8971, 21.3067 ], [ 105.8955, 21.3095 ], [ 105.8967, 21.3268 ], [ 105.885, 21.3316 ], [ 105.8804, 21.3358 ], [ 105.8789, 21.3383 ], [ 105.8797, 21.3407 ], [ 105.8852, 21.3472 ], [ 105.8942, 21.3442 ], [ 105.9015, 21.3461 ], [ 105.9043, 21.3485 ], [ 105.9065, 21.3515 ], [ 105.9051, 21.3537 ], [ 105.8958, 21.351 ], [ 105.8932, 21.3525 ], [ 105.8995, 21.3602 ], [ 105.9079, 21.3766 ], [ 105.9348, 21.3722 ], [ 105.9379, 21.373 ], [ 105.9415, 21.3799 ], [ 105.9425, 21.3892 ], [ 105.9384, 21.3999 ], [ 105.9481, 21.4049 ], [ 105.9511, 21.4086 ], [ 105.9565, 21.4229 ], [ 105.9587, 21.4376 ], [ 105.9611, 21.4381 ], [ 105.9628, 21.4361 ], [ 105.97, 21.4215 ], [ 105.9738, 21.4197 ], [ 105.9764, 21.415 ], [ 105.9837, 21.4121 ], [ 105.9855, 21.4142 ], [ 105.9885, 21.4137 ], [ 105.9923, 21.4062 ], [ 106.0065, 21.4071 ], [ 106.0161, 21.4036 ], [ 106.0187, 21.3967 ], [ 106.0229, 21.3958 ], [ 106.0292, 21.4077 ], [ 106.0331, 21.4099 ], [ 106.0299, 21.4257 ], [ 106.0245, 21.432 ], [ 106.031, 21.4394 ], [ 106.0369, 21.4391 ], [ 106.0438, 21.4425 ], [ 106.0496, 21.4543 ], [ 106.0492, 21.4619 ], [ 106.0426, 21.4646 ], [ 106.0391, 21.4712 ], [ 106.0394, 21.4742 ], [ 106.043, 21.4751 ], [ 106.0473, 21.481 ], [ 106.0387, 21.4882 ], [ 106.0363, 21.4924 ], [ 106.0412, 21.4994 ], [ 106.0435, 21.5076 ], [ 106.0433, 21.5142 ], [ 106.0402, 21.5156 ], [ 106.0397, 21.5176 ], [ 106.042, 21.5197 ], [ 106.0469, 21.5339 ], [ 106.0499, 21.5355 ], [ 106.0519, 21.5394 ], [ 106.0494, 21.5464 ], [ 106.0536, 21.5519 ], [ 106.0492, 21.5539 ], [ 106.0454, 21.5597 ], [ 106.036, 21.5622 ], [ 106.0323, 21.5608 ], [ 106.0291, 21.5635 ], [ 106.0316, 21.5658 ], [ 106.0312, 21.5714 ], [ 106.0329, 21.5732 ], [ 106.0473, 21.5815 ], [ 106.0554, 21.6036 ], [ 106.0659, 21.6067 ], [ 106.0771, 21.6195 ], [ 106.0909, 21.6234 ], [ 106.0982, 21.6242 ], [ 106.1166, 21.6175 ], [ 106.1274, 21.6169 ], [ 106.1312, 21.6177 ], [ 106.1419, 21.6243 ], [ 106.1575, 21.627 ], [ 106.16, 21.6263 ], [ 106.1736, 21.6099 ], [ 106.183, 21.6053 ] ] ] } },
{ "type": "Feature", "properties": { "name": "Bac Kan", "epsg": 9213, "epsg_2025": 9213 }, "geometry": { "type": "Polygon", "coordinates": [ [ [ 106.1823, 22.3914 ], [ 106.1876, 22.3792 ], [ 106.2056, 22.3707 ], [ 106.2156, 22.3584 ], [ 106.2181, 22.3529 ], [ 106.2182, 22.3494 ], [ 106.2095, 22.3417 ], [ 106.2001, 22.3243 ], [ 106.1985, 22.3146 ], [ 106.1995, 22.3103 ], [ 106.2114, 22.2901 ], [ 106.219, 22.2919 ], [ 106.2363, 22.2772 ], [ 106.2436, 22.2684 ], [ 106.2395, 22.237 ], [ 106.2356, 22.2237 ], [ 106.2247, 22.2155 ], [ 106.2199, 22.2093 ], [ 106.2197, 22.1976 ], [ 106.2245, 22.1893 ], [ 106.2325, 22.1816 ], [ 106.2283, 22.1741 ], [ 106.2066, 22.1561 ], [ 106.1968, 22.1457 ], [ 106.1945, 22.1439 ], [ 106.1893, 22.1444 ], [ 106.1791, 22.1305 ], [ 106.1834, 22.1249 ], [ 106.1836, 22.1191 ], [ 106.1742, 22.1114 ], [ 106.1707, 22.1136 ], [ 106.167, 22.1121 ], [ 106.1609, 22.1033 ], [ 106.1551, 22.0829 ], [ 106.1439, 22.0825 ], [ 106.1278, 22.0866 ], [ 106.1198, 22.0857 ], [ 106.1172, 22.0837 ], [ 106.1127, 22.0743 ], [ 106.1067, 22.076 ], [ 106.0983, 22.0719 ], [ 106.0978, 22.0562 ], [ 106.1006, 22.0447 ], [ 106.0994, 22.0413 ], [ 106.0944, 22.0375 ], [ 106.0941, 22.0349 ], [ 106.0951, 22.0315 ], [ 106.103, 22.0259 ], [ 106.1079, 22.0189 ], [ 106.1086, 22.0035 ], [ 106.1058, 21.9985 ], [ 106.1102, 21.997 ], [ 106.1125, 21.9941 ], [ 106.1112, 21.9641 ], [ 106.1032, 21.9635 ], [ 106.0975, 21.9612 ], [ 106.0963, 21.9532 ], [ 106.1085, 21.9526 ], [ 106.1096, 21.9495 ], [ 106.0968, 21.9392 ], [ 106.0761, 21.9437 ], [ 106.0567, 21.9428 ], [ 106.0514, 21.9455 ], [ 106.0489, 21.9543 ], [ 106.043, 21.9599 ], [ 106.0359, 21.9644 ], [ 106.0279, 21.9675 ], [ 106.0255, 21.967 ], [ 106.0171, 21.9553 ], [ 106.0136, 21.9436 ], [ 106.0009, 21.9343 ], [ 105.9917, 21.938 ], [ 105.9714, 21.9403 ], [ 105.9679, 21.933 ], [ 105.9684, 21.9253 ], [ 105.9593, 21.9233 ], [ 105.9581, 21.9145 ], [ 105.9543, 21.9095 ], [ 105.9463, 21.9043 ], [ 105.9362, 21.9011 ], [ 105.9299, 21.896 ], [ 105.9227, 21.8956 ], [ 105.9145, 21.8973 ], [ 105.9083, 21.8958 ], [ 105.8909, 21.8776 ], [ 105.88, 21.8588 ], [ 105.8709, 21.857 ], [ 105.861, 21.8613 ], [ 105.8624, 21.853 ], [ 105.8596, 21.8478 ], [ 105.8571, 21.8466 ], [ 105.8473, 21.8452 ], [ 105.8196, 21.8471 ], [ 105.8128, 21.8447 ], [ 105.8033, 21.8332 ], [ 105.7975, 21.8065 ], [ 105.785, 21.8056 ], [ 105.7769, 21.8117 ], [ 105.766, 21.8142 ], [ 105.7576, 21.8201 ], [ 105.7598, 21.8269 ], [ 105.7562, 21.8342 ], [ 105.7587, 21.8426 ], [ 105.7676, 21.8588 ], [ 105.7667, 21.8693 ], [ 105.7709, 21.8778 ], [ 105.7686, 21.8849 ], [ 105.7705, 21.8878 ], [ 105.7787, 21.8902 ], [ 105.7704, 21.8984 ], [ 105.7693, 21.9106 ], [ 105.7628, 21.9153 ], [ 105.7757, 21.933 ], [ 105.7731, 21.9528 ], [ 105.7685, 21.9561 ], [ 105.7589, 21.9689 ], [ 105.7615, 21.9868 ], [ 105.7541, 21.993 ], [ 105.7504, 22.012 ], [ 105.7462, 22.0163 ], [ 105.7385, 22.0186 ], [ 105.7291, 22.0171 ], [ 105.7215, 22.0239 ], [ 105.7094, 22.023 ], [ 105.7038, 22.0247 ], [ 105.6917, 22.0392 ], [ 105.6727, 22.048 ], [ 105.6681, 22.0487 ], [ 105.6611, 22.0407 ], [ 105.6601, 22.0319 ], [ 105.6583, 22.0298 ], [ 105.6506, 22.0263 ], [ 105.6381, 22.0271 ], [ 105.6324, 22.0204 ], [ 105.6197, 22.0192 ], [ 105.6141, 22.0135 ], [ 105.6081, 22.0127 ], [ 105.5998, 22.0141 ], [ 105.5976, 22.0114 ], [ 105.5884, 22.008 ], [ 105.5842, 22.0035 ], [ 105.5836, 21.9989 ], [ 105.5778, 21.9863 ], [ 105.5801, 21.9814 ], [ 105.5759, 21.9768 ], [ 105.5785, 21.9687 ], [ 105.5778, 21.965 ], [ 105.5713, 21.9677 ], [ 105.5728, 21.9588 ], [ 105.5587, 21.9571 ], [ 105.5538, 21.959 ], [ 105.5491, 21.9638 ], [ 105.5383, 21.9654 ], [ 105.531, 21.9687 ], [ 105.5215, 21.9837 ], [ 105.5034, 21.9933 ], [ 105.5037, 22.0088 ], [ 105.4942, 22.0107 ], [ 105.492, 22.0141 ], [ 105.4913, 22.0255 ], [ 105.4875, 22.0372 ], [ 105.4877, 22.0452 ], [ 105.475, 22.0583 ], [ 105.4674, 22.0699 ], [ 105.4614, 22.0757 ], [ 105.4664, 22.0815 ], [ 105.4669, 22.0909 ], [ 105.4725, 22.0977 ], [ 105.4687, 22.1037 ], [ 105.4633, 22.1048 ], [ 105.4616, 22.1128 ], [ 105.4627, 22.1188 ], [ 105.468, 22.1256 ], [ 105.4738, 22.1281 ], [ 105.4733, 22.1387 ], [ 105.4809, 22.1473 ], [ 105.4907, 22.1522 ], [ 105.491, 22.1582 ], [ 105.4747, 22.1646 ], [ 105.4682, 22.1617 ], [ 105.4598, 22.1739 ], [ 105.4599, 22.1788 ], [ 105.462, 22.1823 ], [ 105.4582, 22.1905 ], [ 105.4532, 22.1888 ], [ 105.4493, 22.1912 ], [ 105.4429, 22.2003 ], [ 105.431, 22.2125 ], [ 105.4299, 22.2173 ], [ 105.4331, 22.22 ], [ 105.4341, 22.2288 ], [ 105.4395, 22.2331 ], [ 105.4343, 22.2604 ], [ 105.4498, 22.2664 ], [ 105.4523, 22.2694 ], [ 105.4598, 22.2661 ], [ 105.4623, 22.2664 ], [ 105.4707, 22.2752 ], [ 105.46, 22.2828 ], [ 105.4592, 22.2851 ], [ 105.4734, 22.288 ], [ 105.4896, 22.295 ], [ 105.4793, 22.3025 ], [ 105.4775, 22.3048 ], [ 105.4773, 22.3106 ], [ 105.4808, 22.3178 ], [ 105.4835, 22.3195 ], [ 105.4944, 22.3209 ], [ 105.4963, 22.3314 ], [ 105.4946, 22.341 ], [ 105.4957, 22.3437 ], [ 105.5109, 22.3476 ], [ 105.5129, 22.3503 ], [ 105.5149, 22.368 ], [ 105.5121, 22.3764 ], [ 105.5152, 22.3857 ], [ 105.5175, 22.4021 ], [ 105.534, 22.4086 ], [ 105.5552, 22.403 ], [ 105.5603, 22.4046 ], [ 105.5694, 22.4198 ], [ 105.566, 22.4194 ], [ 105.5571, 22.4113 ], [ 105.5508, 22.4138 ], [ 105.5486, 22.4208 ], [ 105.552, 22.4299 ], [ 105.5472, 22.4386 ], [ 105.5542, 22.4393 ], [ 105.5558, 22.455 ], [ 105.5585, 22.4633 ], [ 105.5757, 22.4777 ], [ 105.5957, 22.4898 ], [ 105.5912, 22.4995 ], [ 105.5904, 22.5099 ], [ 105.5957, 22.5182 ], [ 105.596, 22.5214 ], [ 105.5889, 22.5448 ], [ 105.5766, 22.5591 ], [ 105.5707, 22.5615 ], [ 105.5636, 22.5616 ], [ 105.5584, 22.5717 ], [ 105.5482, 22.5815 ], [ 105.5455, 22.5894 ], [ 105.5471, 22.6007 ], [ 105.5275, 22.6208 ], [ 105.5298, 22.6346 ], [ 105.5354, 22.6346 ], [ 105.5391, 22.6372 ], [ 105.5395, 22.6505 ], [ 105.5431, 22.6554 ], [ 105.5464, 22.6575 ], [ 105.5591, 22.6595 ], [ 105.562, 22.6642 ], [ 105.5665, 22.6675 ], [ 105.5789, 22.669 ], [ 105.5932, 22.6675 ], [ 105.599, 22.6684 ], [ 105.6001, 22.67 ], [ 105.5993, 22.6883 ], [ 105.6139, 22.6991 ], [ 105.6195, 22.7004 ], [ 105.645, 22.7007 ], [ 105.6524, 22.7135 ], [ 105.6645, 22.7254 ], [ 105.6712, 22.7255 ], [ 105.683, 22.72 ], [ 105.6889, 22.7196 ], [ 105.6928, 22.7292 ], [ 105.6947, 22.7296 ], [ 105.6988, 22.7208 ], [ 105.7088, 22.733 ], [ 105.719, 22.7323 ], [ 105.7247, 22.7391 ], [ 105.7301, 22.7417 ], [ 105.7398, 22.7412 ], [ 105.7482, 22.7295 ], [ 105.7566, 22.7257 ], [ 105.7572, 22.7214 ], [ 105.7508, 22.7129 ], [ 105.7546, 22.7024 ], [ 105.7596, 22.6979 ], [ 105.7731, 22.6939 ], [ 105.7745, 22.6918 ], [ 105.7661, 22.68 ], [ 105.7492, 22.666 ], [ 105.7387, 22.6449 ], [ 105.7284, 22.6409 ], [ 105.7258, 22.6369 ], [ 105.7373, 22.6295 ], [ 105.7515, 22.6094 ], [ 105.751, 22.6053 ], [ 105.7448, 22.5998 ], [ 105.7433, 22.5955 ], [ 105.7512, 22.5876 ], [ 105.7644, 22.5896 ], [ 105.7771, 22.5751 ], [ 105.7769, 22.573 ], [ 105.7688, 22.566 ], [ 105.7662, 22.5568 ], [ 105.7764, 22.55 ], [ 105.7803, 22.5503 ], [ 105.7826, 22.5523 ], [ 105.7853, 22.5518 ], [ 105.789, 22.5471 ], [ 105.7928, 22.5373 ], [ 105.8025, 22.5246 ], [ 105.818, 22.5219 ], [ 105.8308, 22.5267 ], [ 105.8324, 22.5244 ], [ 105.8329, 22.5173 ], [ 105.837, 22.5165 ], [ 105.8511, 22.5213 ], [ 105.863, 22.5215 ], [ 105.892, 22.5098 ], [ 105.9042, 22.4966 ], [ 105.9121, 22.5001 ], [ 105.9203, 22.5141 ], [ 105.9226, 22.5216 ], [ 105.9312, 22.5291 ], [ 105.9445, 22.5291 ], [ 105.9505, 22.5247 ], [ 105.955, 22.5249 ], [ 105.9636, 22.5295 ], [ 105.9687, 22.5374 ], [ 105.9789, 22.5393 ], [ 105.9848, 22.5446 ], [ 106.0003, 22.5492 ], [ 106.0023, 22.5549 ], [ 106.0192, 22.5617 ], [ 106.0249, 22.5596 ], [ 106.0361, 22.5636 ], [ 106.0405, 22.5674 ], [ 106.0459, 22.5787 ], [ 106.0634, 22.5705 ], [ 106.0696, 22.5736 ], [ 106.0793, 22.5751 ], [ 106.0808, 22.5697 ], [ 106.0741, 22.5637 ], [ 106.0719, 22.5557 ], [ 106.0857, 22.5533 ], [ 106.0933, 22.5479 ], [ 106.0938, 22.5459 ], [ 106.091, 22.5422 ], [ 106.0906, 22.5391 ], [ 106.0921, 22.5358 ], [ 106.0992, 22.5357 ], [ 106.0928, 22.5292 ], [ 106.0979, 22.5197 ], [ 106.1003, 22.5174 ], [ 106.1164, 22.513 ], [ 106.1176, 22.5115 ], [ 106.1173, 22.5002 ], [ 106.1135, 22.4851 ], [ 106.1174, 22.4727 ], [ 106.1007, 22.4523 ], [ 106.0922, 22.445 ], [ 106.0924, 22.4429 ], [ 106.1004, 22.4345 ], [ 106.1007, 22.4261 ], [ 106.0978, 22.4153 ], [ 106.1014, 22.406 ], [ 106.1039, 22.4019 ], [ 106.1072, 22.4002 ], [ 106.1188, 22.4033 ], [ 106.1281, 22.4007 ], [ 106.1345, 22.396 ], [ 106.1382, 22.3956 ], [ 106.1546, 22.4103 ], [ 106.1633, 22.4111 ], [ 106.1685, 22.4086 ], [ 106.1756, 22.4022 ], [ 106.1751, 22.3957 ], [ 106.1778, 22.3928 ], [ 106.1823, 22.3914 ] ] ] } },
{ "type": "Feature", "properties": { "name": "Bac Lieu", "epsg": 5897, "epsg_2025": 9207 }, "geometry": { "type": "Polygon", "coordinates": [ [ [ 105.3707, 9.598 ], [ 105.3746, 9.5938 ], [ 105.3755, 9.5881 ], [ 105.3799, 9.5866 ], [ 105.3934, 9.5895 ], [ 105.3975, 9.5943 ], [ 105.3976, 9.5998 ], [ 105.4143, 9.6033 ], [ 105.4161, 9.6015 ], [ 105.4153, 9.5941 ], [ 105.4297, 9.6023 ], [ 105.4452, 9.5974 ], [ 105.4478, 9.588 ], [ 105.4546, 9.5917 ], [ 105.4594, 9.5879 ], [ 105.4611, 9.5882 ], [ 105.4663, 9.592 ], [ 105.4673, 9.5973 ], [ 105.4691, 9.598 ], [ 105.4759, 9.592 ], [ 105.4736, 9.5858 ], [ 105.4875, 9.5833 ], [ 105.4958, 9.591 ], [ 105.5024, 9.5923 ], [ 105.5028, 9.5871 ], [ 105.5109, 9.5857 ], [ 105.5189, 9.5904 ], [ 105.5206, 9.5952 ], [ 105.5344, 9.5981 ], [ 105.5423, 9.5863 ], [ 105.5455, 9.5863 ], [ 105.5527, 9.5707 ], [ 105.5538, 9.5614 ], [ 105.545, 9.4859 ], [ 105.5424, 9.4745 ], [ 105.5431, 9.4521 ], [ 105.5787, 9.4124 ], [ 105.5864, 9.4262 ], [ 105.5947, 9.4212 ], [ 105.5975, 9.4249 ], [ 105.6013, 9.4213 ], [ 105.6005, 9.4188 ], [ 105.6037, 9.4152 ], [ 105.6131, 9.4079 ], [ 105.6151, 9.4086 ], [ 105.6153, 9.412 ], [ 105.6184, 9.4158 ], [ 105.6368, 9.4102 ], [ 105.6396, 9.4051 ], [ 105.6353, 9.3978 ], [ 105.6405, 9.3951 ], [ 105.6454, 9.3965 ], [ 105.6481, 9.3937 ], [ 105.6485, 9.3888 ], [ 105.6546, 9.3864 ], [ 105.6644, 9.3906 ], [ 105.6708, 9.3913 ], [ 105.6753, 9.3857 ], [ 105.6818, 9.3856 ], [ 105.6862, 9.38 ], [ 105.6918, 9.381 ], [ 105.7009, 9.3786 ], [ 105.7039, 9.38 ], [ 105.7057, 9.3937 ], [ 105.7048, 9.3979 ], [ 105.7085, 9.3988 ], [ 105.7136, 9.3928 ], [ 105.7175, 9.3912 ], [ 105.7207, 9.3937 ], [ 105.7246, 9.3939 ], [ 105.7258, 9.396 ], [ 105.7354, 9.396 ], [ 105.7357, 9.4021 ], [ 105.7403, 9.4009 ], [ 105.7452, 9.4075 ], [ 105.7577, 9.4115 ], [ 105.7642, 9.4108 ], [ 105.7701, 9.4123 ], [ 105.7766, 9.4035 ], [ 105.7791, 9.4039 ], [ 105.7827, 9.4015 ], [ 105.7753, 9.3948 ], [ 105.7835, 9.384 ], [ 105.7867, 9.3842 ], [ 105.7907, 9.3791 ], [ 105.8109, 9.3711 ], [ 105.8162, 9.3725 ], [ 105.8198, 9.3875 ], [ 105.8193, 9.3944 ], [ 105.8215, 9.395 ], [ 105.8292, 9.3918 ], [ 105.8335, 9.401 ], [ 105.8393, 9.4046 ], [ 105.8455, 9.3981 ], [ 105.8469, 9.3905 ], [ 105.8552, 9.3844 ], [ 105.8513, 9.3809 ], [ 105.8515, 9.3778 ], [ 105.8587, 9.3673 ], [ 105.8572, 9.3607 ], [ 105.8534, 9.361 ], [ 105.8485, 9.3567 ], [ 105.8278, 9.3494 ], [ 105.8107, 9.3404 ], [ 105.8241, 9.2782 ], [ 105.8177, 9.2736 ], [ 105.8256, 9.2458 ], [ 105.7394, 9.2083 ], [ 105.7403, 9.2026 ], [ 105.7378, 9.2004 ], [ 105.7275, 9.1975 ], [ 105.6773, 9.1768 ], [ 105.6413, 9.1591 ], [ 105.5738, 9.1339 ], [ 105.5328, 9.1159 ], [ 105.4778, 9.0819 ], [ 105.4566, 9.063 ], [ 105.4275, 9.0261 ], [ 105.4205, 9.0208 ], [ 105.4153, 9.0237 ], [ 105.4174, 9.0371 ], [ 105.4094, 9.0441 ], [ 105.4086, 9.053 ], [ 105.391, 9.068 ], [ 105.3821, 9.0646 ], [ 105.376, 9.059 ], [ 105.3642, 9.0607 ], [ 105.3552, 9.0643 ], [ 105.3568, 9.0712 ], [ 105.3401, 9.0729 ], [ 105.333, 9.0676 ], [ 105.3244, 9.0714 ], [ 105.3166, 9.0726 ], [ 105.2965, 9.0905 ], [ 105.2821, 9.0897 ], [ 105.2721, 9.0858 ], [ 105.2607, 9.0954 ], [ 105.2514, 9.0928 ], [ 105.2505, 9.0951 ], [ 105.2453, 9.098 ], [ 105.2434, 9.1024 ], [ 105.2488, 9.1051 ], [ 105.2482, 9.1093 ], [ 105.2452, 9.1137 ], [ 105.2481, 9.1203 ], [ 105.2503, 9.1351 ], [ 105.2606, 9.1434 ], [ 105.2615, 9.1522 ], [ 105.2653, 9.1604 ], [ 105.2785, 9.1637 ], [ 105.2776, 9.1745 ], [ 105.2713, 9.184 ], [ 105.2595, 9.1796 ], [ 105.2515, 9.1985 ], [ 105.2386, 9.2014 ], [ 105.2369, 9.2108 ], [ 105.231, 9.2146 ], [ 105.231, 9.2258 ], [ 105.2381, 9.2272 ], [ 105.2541, 9.2454 ], [ 105.2566, 9.2531 ], [ 105.2762, 9.266 ], [ 105.2923, 9.2806 ], [ 105.2552, 9.3167 ], [ 105.2492, 9.3254 ], [ 105.2465, 9.3365 ], [ 105.2514, 9.344 ], [ 105.2523, 9.3435 ], [ 105.2949, 9.3877 ], [ 105.2745, 9.4006 ], [ 105.2716, 9.3965 ], [ 105.2603, 9.3999 ], [ 105.2765, 9.4341 ], [ 105.286, 9.4361 ], [ 105.2938, 9.435 ], [ 105.2899, 9.4521 ], [ 105.29, 9.4651 ], [ 105.2915, 9.4777 ], [ 105.2943, 9.4821 ], [ 105.2967, 9.5039 ], [ 105.3004, 9.5077 ], [ 105.3035, 9.5079 ], [ 105.3084, 9.5075 ], [ 105.3107, 9.5047 ], [ 105.3147, 9.5043 ], [ 105.3221, 9.5176 ], [ 105.3194, 9.5202 ], [ 105.3182, 9.5253 ], [ 105.3197, 9.5279 ], [ 105.3282, 9.5291 ], [ 105.3245, 9.5331 ], [ 105.3245, 9.5408 ], [ 105.3209, 9.5454 ], [ 105.3225, 9.5592 ], [ 105.3154, 9.5612 ], [ 105.309, 9.5568 ], [ 105.3064, 9.5569 ], [ 105.3062, 9.5636 ], [ 105.3112, 9.5728 ], [ 105.293, 9.586 ], [ 105.2846, 9.6009 ], [ 105.2873, 9.6156 ], [ 105.2848, 9.6271 ], [ 105.2899, 9.6369 ], [ 105.2934, 9.6388 ], [ 105.2941, 9.6335 ], [ 105.3066, 9.6088 ], [ 105.3161, 9.6061 ], [ 105.3275, 9.6 ], [ 105.3377, 9.613 ], [ 105.3403, 9.6138 ], [ 105.343, 9.5942 ], [ 105.36, 9.5937 ], [ 105.3707, 9.598 ] ] ] } },
{ "type": "Feature", "properties": { "name": "Bac Ninh", "epsg": 9209, "epsg_2025": 9214 }, "geometry": { "type": "Polygon", "coordinates": [ [ [ 106.2974, 21.1227 ], [ 106.2939, 21.1136 ], [ 106.2942, 21.1064 ], [ 106.3001, 21.089 ], [ 106.3016, 21.0739 ], [ 106.3096, 21.0597 ], [ 106.2923, 21.0406 ], [ 106.2914, 21.0345 ], [ 106.2936, 21.0258 ], [ 106.2926, 21.0205 ], [ 106.2768, 21.0096 ], [ 106.2711, 21.0036 ], [ 106.2699, 20.9967 ], [ 106.2712, 20.9919 ], [ 106.2543, 20.9936 ], [ 106.244, 20.9905 ], [ 106.2379, 20.9941 ], [ 106.2294, 20.9959 ], [ 106.1952, 20.9814 ], [ 106.1768, 20.9776 ], [ 106.172, 20.9755 ], [ 106.1659, 20.9693 ], [ 106.1648, 20.9726 ], [ 106.1609, 20.976 ], [ 106.1668, 20.9844 ], [ 106.1664, 20.9878 ], [ 106.1576, 20.9908 ], [ 106.1493, 20.9897 ], [ 106.1362, 21.002 ], [ 106.1295, 21.0 ], [ 106.1252, 20.9848 ], [ 106.1193, 20.9857 ], [ 106.1148, 20.9841 ], [ 106.1131, 20.9867 ], [ 106.1137, 20.9968 ], [ 106.1072, 21.0007 ], [ 106.1005, 20.9983 ], [ 106.0897, 21.0063 ], [ 106.09, 21.008 ], [ 106.084, 21.0072 ], [ 106.0784, 20.997 ], [ 106.068, 21.0018 ], [ 106.0566, 21.0014 ], [ 106.0548, 21.0028 ], [ 106.0538, 21.0074 ], [ 106.0392, 21.003 ], [ 106.0269, 20.9943 ], [ 106.017, 20.9997 ], [ 106.0157, 21.0031 ], [ 106.0095, 21.0 ], [ 106.0046, 20.9996 ], [ 105.999, 21.0017 ], [ 105.9973, 21.007 ], [ 106.0074, 21.0113 ], [ 106.0023, 21.019 ], [ 106.0025, 21.0218 ], [ 106.0145, 21.0349 ], [ 106.0184, 21.0422 ], [ 106.0181, 21.0484 ], [ 106.0127, 21.052 ], [ 106.0081, 21.0633 ], [ 106.0065, 21.0655 ], [ 106.0048, 21.0641 ], [ 106.001, 21.0731 ], [ 105.991, 21.07 ], [ 105.9669, 21.0732 ], [ 105.9605, 21.0786 ], [ 105.9556, 21.0918 ], [ 105.9399, 21.0851 ], [ 105.9339, 21.0971 ], [ 105.9331, 21.1035 ], [ 105.9299, 21.1106 ], [ 105.9201, 21.118 ], [ 105.9223, 21.1212 ], [ 105.9132, 21.1231 ], [ 105.911, 21.1255 ], [ 105.9158, 21.1296 ], [ 105.9151, 21.1325 ], [ 105.9243, 21.1411 ], [ 105.9246, 21.144 ], [ 105.9175, 21.1565 ], [ 105.9212, 21.1634 ], [ 105.9155, 21.169 ], [ 105.9161, 21.1737 ], [ 105.9209, 21.1839 ], [ 105.9049, 21.193 ], [ 105.904, 21.1964 ], [ 105.9116, 21.2039 ], [ 105.9138, 21.2098 ], [ 105.9131, 21.2178 ], [ 105.91, 21.2243 ], [ 105.908, 21.2253 ], [ 105.9029, 21.2236 ], [ 105.9044, 21.2321 ], [ 105.9177, 21.2327 ], [ 105.9254, 21.2396 ], [ 105.9249, 21.2457 ], [ 105.9329, 21.246 ], [ 105.9356, 21.2444 ], [ 105.9341, 21.2386 ], [ 105.9396, 21.2338 ], [ 105.95, 21.2359 ], [ 105.956, 21.228 ], [ 105.9755, 21.2242 ], [ 105.9887, 21.2374 ], [ 105.9894, 21.241 ], [ 105.9842, 21.2542 ], [ 105.9914, 21.2643 ], [ 105.9933, 21.2648 ], [ 106.0243, 21.2531 ], [ 106.0337, 21.2465 ], [ 106.0322, 21.217 ], [ 106.0339, 21.2105 ], [ 106.0404, 21.2027 ], [ 106.0435, 21.2034 ], [ 106.0446, 21.2056 ], [ 106.0403, 21.2123 ], [ 106.0415, 21.2175 ], [ 106.0486, 21.2271 ], [ 106.052, 21.229 ], [ 106.0638, 21.2254 ], [ 106.0716, 21.218 ], [ 106.0798, 21.2212 ], [ 106.0847, 21.2155 ], [ 106.0835, 21.2094 ], [ 106.089, 21.2061 ], [ 106.1175, 21.1993 ], [ 106.1199, 21.1992 ], [ 106.1221, 21.2012 ], [ 106.123, 21.2117 ], [ 106.1257, 21.216 ], [ 106.1316, 21.2181 ], [ 106.1424, 21.2151 ], [ 106.151, 21.2094 ], [ 106.1703, 21.1809 ], [ 106.1821, 21.1775 ], [ 106.1875, 21.1824 ], [ 106.1957, 21.1829 ], [ 106.2182, 21.1768 ], [ 106.2189, 21.1724 ], [ 106.2073, 21.1601 ], [ 106.2064, 21.1564 ], [ 106.2246, 21.1572 ], [ 106.2377, 21.1689 ], [ 106.2458, 21.1728 ], [ 106.2521, 21.1727 ], [ 106.2563, 21.1656 ], [ 106.2535, 21.1602 ], [ 106.2545, 21.1543 ], [ 106.2639, 21.1472 ], [ 106.2707, 21.1338 ], [ 106.2854, 21.133 ], [ 106.293, 21.1286 ], [ 106.2974, 21.1227 ] ] ] } },
{ "type": "Feature", "properties": { "name": "Ben Tre", "epsg": 9210, "epsg_2025": 9209 }, "geometry": { "type": "Polygon", "coordinates": [ [ [ 106.7725, 10.1915 ], [ 106.7719, 10.1722 ], [ 106.7761, 10.1689 ], [ 106.7898, 10.1498 ], [ 106.7893, 10.1425 ], [ 106.7827, 10.1311 ], [ 106.7884, 10.1211 ], [ 106.7892, 10.113 ], [ 106.788, 10.1086 ], [ 106.7797, 10.0954 ], [ 106.749, 10.0582 ], [ 106.7311, 10.0467 ], [ 106.7139, 10.0286 ], [ 106.6881, 10.0186 ], [ 106.6703, 10.002 ], [ 106.6631, 9.998 ], [ 106.6538, 9.9839 ], [ 106.6476, 9.9771 ], [ 106.6593, 9.9302 ], [ 106.6624, 9.9261 ], [ 106.6705, 9.9067 ], [ 106.6869, 9.8867 ], [ 106.6859, 9.8758 ], [ 106.6751, 9.8572 ], [ 106.6602, 9.8365 ], [ 106.6477, 9.8223 ], [ 106.6413, 9.8184 ], [ 106.6502, 9.8323 ], [ 106.6503, 9.8399 ], [ 106.6315, 9.8196 ], [ 106.6364, 9.8179 ], [ 106.6362, 9.8123 ], [ 106.6308, 9.8144 ], [ 106.6275, 9.8121 ], [ 106.6248, 9.8067 ], [ 106.6178, 9.8036 ], [ 106.6021, 9.8093 ], [ 106.5962, 9.8002 ], [ 106.5876, 9.8085 ], [ 106.5701, 9.8335 ], [ 106.5266, 9.8722 ], [ 106.49, 9.9134 ], [ 106.4798, 9.9223 ], [ 106.4687, 9.9298 ], [ 106.4346, 9.9445 ], [ 106.4105, 9.9584 ], [ 106.3968, 9.9688 ], [ 106.3734, 9.982 ], [ 106.3548, 10.0 ], [ 106.3289, 10.0122 ], [ 106.3089, 10.0244 ], [ 106.2965, 10.0387 ], [ 106.2631, 10.0909 ], [ 106.2461, 10.1104 ], [ 106.2257, 10.141 ], [ 106.2022, 10.1662 ], [ 106.1871, 10.1769 ], [ 106.1778, 10.1749 ], [ 106.1734, 10.1759 ], [ 106.1639, 10.1895 ], [ 106.1459, 10.2009 ], [ 106.1329, 10.2205 ], [ 106.1269, 10.227 ], [ 106.1104, 10.2379 ], [ 106.0904, 10.2434 ], [ 106.0461, 10.2462 ], [ 106.0365, 10.2509 ], [ 106.0327, 10.2573 ], [ 106.0333, 10.2719 ], [ 106.027, 10.2746 ], [ 106.0271, 10.2863 ], [ 106.0327, 10.2998 ], [ 106.078, 10.2783 ], [ 106.0899, 10.2782 ], [ 106.1059, 10.2848 ], [ 106.1366, 10.2845 ], [ 106.1564, 10.2915 ], [ 106.2025, 10.3146 ], [ 106.2089, 10.3165 ], [ 106.2495, 10.322 ], [ 106.2858, 10.3294 ], [ 106.297, 10.3207 ], [ 106.3025, 10.32 ], [ 106.3571, 10.3381 ], [ 106.3708, 10.341 ], [ 106.3796, 10.3403 ], [ 106.3978, 10.3367 ], [ 106.4447, 10.3082 ], [ 106.4724, 10.3078 ], [ 106.4798, 10.3043 ], [ 106.5017, 10.2892 ], [ 106.5174, 10.2831 ], [ 106.5266, 10.2732 ], [ 106.535, 10.2686 ], [ 106.5932, 10.2504 ], [ 106.6786, 10.2366 ], [ 106.686, 10.2328 ], [ 106.7142, 10.2096 ], [ 106.7384, 10.1964 ], [ 106.7539, 10.1916 ], [ 106.7725, 10.1915 ] ] ] } },
{ "type": "Feature", "properties": { "name": "Binh Dinh", "epsg": 9217, "epsg_2025": 9217 }, "geometry": { "type": "MultiPolygon", "coordinates": [ [ [ [ 109.3686, 13.5916 ], [ 109.366, 13.5935 ], [ 109.368, 13.5961 ], [ 109.3706, 13.5941 ], [ 109.3686, 13.5916 ] ] ], [ [ [ 109.3597, 13.6055 ], [ 109.3485, 13.6098 ], [ 109.338, 13.6211 ], [ 109.3352, 13.6292 ], [ 109.336, 13.6345 ], [ 109.3419, 13.635 ], [ 109.3493, 13.6241 ], [ 109.3573, 13.617 ], [ 109.3617, 13.6105 ], [ 109.3597, 13.6055 ] ] ], [ [ [ 109.2529, 13.6795 ], [ 109.2485, 13.6811 ], [ 109.2501, 13.6858 ], [ 109.2531, 13.6826 ], [ 109.2529, 13.6795 ] ] ], [ [ [ 109.2397, 13.6833 ], [ 109.2359, 13.6827 ], [ 109.2353, 13.6848 ], [ 109.2385, 13.6871 ], [ 109.2397, 13.6833 ] ] ], [ [ [ 109.2979, 13.7624 ], [ 109.2939, 13.7663 ], [ 109.2943, 13.7683 ], [ 109.2988, 13.7652 ], [ 109.2979, 13.7624 ] ] ], [ [ [ 109.2324, 13.8582 ], [ 109.2291, 13.8591 ], [ 109.2286, 13.8638 ], [ 109.2304, 13.8785 ], [ 109.2336, 13.8814 ], [ 109.2413, 13.8737 ], [ 109.2431, 13.868 ], [ 109.2402, 13.8623 ], [ 109.2324, 13.8582 ] ] ], [ [ [ 109.3009, 13.8786 ], [ 109.2982, 13.8804 ], [ 109.2999, 13.8831 ], [ 109.3028, 13.8813 ], [ 109.3009, 13.8786 ] ] ], [ [ [ 109.3456, 13.8958 ], [ 109.343, 13.8975 ], [ 109.3447, 13.9002 ], [ 109.3475, 13.8984 ], [ 109.3456, 13.8958 ] ] ], [ [ [ 109.3501, 13.8979 ], [ 109.3474, 13.8996 ], [ 109.3491, 13.9023 ], [ 109.352, 13.9005 ], [ 109.3501, 13.8979 ] ] ], [ [ [ 109.3161, 13.8998 ], [ 109.3134, 13.9015 ], [ 109.3151, 13.9042 ], [ 109.318, 13.9025 ], [ 109.3161, 13.8998 ] ] ], [ [ [ 109.3013, 14.144 ], [ 109.2954, 14.1414 ], [ 109.2946, 14.1433 ], [ 109.298, 14.1459 ], [ 109.3007, 14.1459 ], [ 109.3013, 14.144 ] ] ], [ [ [ 109.1993, 14.2309 ], [ 109.1966, 14.2327 ], [ 109.1983, 14.2353 ], [ 109.2012, 14.2336 ], [ 109.1993, 14.2309 ] ] ], [ [ [ 109.208, 14.2448 ], [ 109.2053, 14.2465 ], [ 109.207, 14.2492 ], [ 109.2099, 14.2475 ], [ 109.208, 14.2448 ] ] ], [ [ [ 109.2075, 14.2498 ], [ 109.2048, 14.2515 ], [ 109.2065, 14.2542 ], [ 109.2094, 14.2525 ], [ 109.2075, 14.2498 ] ] ], [ [ [ 108.9357, 14.6974 ], [ 108.9541, 14.6832 ], [ 108.9566, 14.6864 ], [ 108.961, 14.6855 ], [ 108.9765, 14.6727 ], [ 108.9917, 14.675 ], [ 108.9982, 14.6702 ], [ 109.0071, 14.6713 ], [ 109.0155, 14.6657 ], [ 109.0255, 14.6524 ], [ 109.034, 14.647 ], [ 109.0434, 14.6319 ], [ 109.0444, 14.6197 ], [ 109.0425, 14.6129 ], [ 109.0468, 14.6049 ], [ 109.071, 14.5845 ], [ 109.0796, 14.5795 ], [ 109.076, 14.5776 ], [ 109.07, 14.5788 ], [ 109.0676, 14.5771 ], [ 109.0641, 14.5682 ], [ 109.0655, 14.5595 ], [ 109.0777, 14.5247 ], [ 109.095, 14.4885 ], [ 109.1208, 14.4456 ], [ 109.12, 14.4392 ], [ 109.116, 14.4356 ], [ 109.1127, 14.4255 ], [ 109.1142, 14.4169 ], [ 109.1237, 14.3946 ], [ 109.1193, 14.3853 ], [ 109.1184, 14.3734 ], [ 109.1334, 14.3473 ], [ 109.1512, 14.3221 ], [ 109.1798, 14.2839 ], [ 109.1843, 14.2827 ], [ 109.1827, 14.2795 ], [ 109.1774, 14.2774 ], [ 109.1774, 14.271 ], [ 109.1869, 14.2544 ], [ 109.1919, 14.2502 ], [ 109.1963, 14.2337 ], [ 109.1918, 14.2277 ], [ 109.1867, 14.2306 ], [ 109.1811, 14.2257 ], [ 109.1796, 14.2181 ], [ 109.1814, 14.207 ], [ 109.1931, 14.1795 ], [ 109.2079, 14.1547 ], [ 109.2187, 14.1396 ], [ 109.221, 14.1386 ], [ 109.225, 14.1401 ], [ 109.2258, 14.1381 ], [ 109.2193, 14.1274 ], [ 109.2153, 14.1269 ], [ 109.2015, 14.1308 ], [ 109.1923, 14.1494 ], [ 109.1732, 14.1755 ], [ 109.1598, 14.1708 ], [ 109.1623, 14.1618 ], [ 109.1594, 14.1601 ], [ 109.1593, 14.1585 ], [ 109.1649, 14.1535 ], [ 109.1662, 14.1381 ], [ 109.1715, 14.1262 ], [ 109.1851, 14.1236 ], [ 109.1964, 14.1273 ], [ 109.2029, 14.1263 ], [ 109.2078, 14.1275 ], [ 109.2037, 14.1213 ], [ 109.2035, 14.1128 ], [ 109.2125, 14.085 ], [ 109.23, 14.0517 ], [ 109.2459, 14.0253 ], [ 109.2505, 14.0235 ], [ 109.252, 14.0183 ], [ 109.2505, 14.0142 ], [ 109.2447, 14.0098 ], [ 109.2476, 13.9992 ], [ 109.2536, 13.994 ], [ 109.2553, 13.9884 ], [ 109.2525, 13.9851 ], [ 109.2474, 13.9864 ], [ 109.2465, 13.9819 ], [ 109.2516, 13.9676 ], [ 109.2567, 13.9666 ], [ 109.2576, 13.9642 ], [ 109.2517, 13.9608 ], [ 109.2466, 13.9601 ], [ 109.2409, 13.9562 ], [ 109.2413, 13.9434 ], [ 109.253, 13.9179 ], [ 109.2691, 13.8959 ], [ 109.28, 13.8872 ], [ 109.2931, 13.8868 ], [ 109.2954, 13.8844 ], [ 109.2959, 13.8811 ], [ 109.2918, 13.8774 ], [ 109.2907, 13.8697 ], [ 109.2912, 13.8524 ], [ 109.297, 13.8287 ], [ 109.2966, 13.8267 ], [ 109.2873, 13.8175 ], [ 109.2833, 13.8055 ], [ 109.2901, 13.7846 ], [ 109.2913, 13.7763 ], [ 109.2908, 13.7714 ], [ 109.2868, 13.7622 ], [ 109.287, 13.7555 ], [ 109.2847, 13.7551 ], [ 109.2786, 13.7632 ], [ 109.2739, 13.763 ], [ 109.2641, 13.7583 ], [ 109.2513, 13.76 ], [ 109.2487, 13.7631 ], [ 109.255, 13.7665 ], [ 109.2591, 13.7725 ], [ 109.2518, 13.7783 ], [ 109.2524, 13.786 ], [ 109.2582, 13.7841 ], [ 109.2588, 13.7936 ], [ 109.274, 13.7918 ], [ 109.2772, 13.7936 ], [ 109.2783, 13.7955 ], [ 109.2771, 13.8077 ], [ 109.2808, 13.8119 ], [ 109.2812, 13.8153 ], [ 109.2803, 13.8185 ], [ 109.2761, 13.819 ], [ 109.2672, 13.8023 ], [ 109.2639, 13.8019 ], [ 109.262, 13.8038 ], [ 109.2572, 13.8152 ], [ 109.2531, 13.8511 ], [ 109.2429, 13.8973 ], [ 109.2405, 13.9022 ], [ 109.2351, 13.9034 ], [ 109.2253, 13.923 ], [ 109.221, 13.925 ], [ 109.2254, 13.9145 ], [ 109.2218, 13.9091 ], [ 109.2259, 13.9049 ], [ 109.221, 13.8997 ], [ 109.2285, 13.8998 ], [ 109.2294, 13.8974 ], [ 109.2238, 13.8857 ], [ 109.2262, 13.8737 ], [ 109.2258, 13.853 ], [ 109.2211, 13.852 ], [ 109.2187, 13.8385 ], [ 109.2238, 13.8264 ], [ 109.2243, 13.8084 ], [ 109.2269, 13.8036 ], [ 109.2264, 13.7974 ], [ 109.2214, 13.792 ], [ 109.2191, 13.7867 ], [ 109.2367, 13.7825 ], [ 109.2379, 13.7767 ], [ 109.2468, 13.775 ], [ 109.2492, 13.7728 ], [ 109.2484, 13.7709 ], [ 109.2384, 13.7713 ], [ 109.2317, 13.7696 ], [ 109.2229, 13.7639 ], [ 109.2163, 13.755 ], [ 109.2138, 13.7469 ], [ 109.2178, 13.735 ], [ 109.2164, 13.7178 ], [ 109.2202, 13.7096 ], [ 109.2249, 13.6926 ], [ 109.2312, 13.6817 ], [ 109.2317, 13.6739 ], [ 109.231, 13.6728 ], [ 109.2276, 13.6776 ], [ 109.2227, 13.6797 ], [ 109.2057, 13.6832 ], [ 109.2003, 13.6946 ], [ 109.1973, 13.6953 ], [ 109.1938, 13.6953 ], [ 109.1834, 13.6892 ], [ 109.1613, 13.6827 ], [ 109.1561, 13.6791 ], [ 109.1544, 13.6753 ], [ 109.1523, 13.6626 ], [ 109.1514, 13.6375 ], [ 109.1493, 13.6348 ], [ 109.1432, 13.6328 ], [ 109.1395, 13.6335 ], [ 109.1253, 13.6443 ], [ 109.1214, 13.6452 ], [ 109.1185, 13.6406 ], [ 109.1252, 13.6231 ], [ 109.116, 13.6138 ], [ 109.1147, 13.6084 ], [ 109.1159, 13.5872 ], [ 109.1138, 13.5863 ], [ 109.107, 13.5897 ], [ 109.1042, 13.5891 ], [ 109.088, 13.5714 ], [ 109.0803, 13.5691 ], [ 109.0644, 13.5693 ], [ 109.0552, 13.567 ], [ 109.0478, 13.562 ], [ 109.0236, 13.53 ], [ 108.9909, 13.5177 ], [ 108.9573, 13.519 ], [ 108.9282, 13.5373 ], [ 108.9114, 13.5419 ], [ 108.9056, 13.5426 ], [ 108.8705, 13.5366 ], [ 108.8629, 13.5528 ], [ 108.849, 13.5704 ], [ 108.8502, 13.5787 ], [ 108.8481, 13.5876 ], [ 108.8376, 13.6064 ], [ 108.8322, 13.6257 ], [ 108.8221, 13.6474 ], [ 108.8189, 13.6606 ], [ 108.8153, 13.6999 ], [ 108.8213, 13.7005 ], [ 108.8308, 13.7069 ], [ 108.8299, 13.7159 ], [ 108.8251, 13.7228 ], [ 108.8315, 13.7317 ], [ 108.8335, 13.7407 ], [ 108.8259, 13.7932 ], [ 108.8145, 13.8044 ], [ 108.8035, 13.8051 ], [ 108.7988, 13.8085 ], [ 108.7945, 13.8151 ], [ 108.7931, 13.8204 ], [ 108.7949, 13.8242 ], [ 108.7905, 13.852 ], [ 108.7722, 13.8651 ], [ 108.7677, 13.8716 ], [ 108.7596, 13.8958 ], [ 108.7501, 13.9016 ], [ 108.744, 13.9083 ], [ 108.7433, 13.9324 ], [ 108.7446, 13.9451 ], [ 108.7552, 13.9698 ], [ 108.7503, 13.9797 ], [ 108.7505, 13.982 ], [ 108.7621, 13.9943 ], [ 108.7513, 14.018 ], [ 108.7511, 14.0198 ], [ 108.7552, 14.0254 ], [ 108.7551, 14.0374 ], [ 108.7492, 14.046 ], [ 108.7369, 14.0511 ], [ 108.7306, 14.0555 ], [ 108.7207, 14.0672 ], [ 108.7175, 14.0732 ], [ 108.7112, 14.0967 ], [ 108.6925, 14.116 ], [ 108.6769, 14.1479 ], [ 108.6651, 14.166 ], [ 108.6656, 14.1688 ], [ 108.6754, 14.1798 ], [ 108.6716, 14.1837 ], [ 108.6797, 14.1942 ], [ 108.6753, 14.2096 ], [ 108.6754, 14.2233 ], [ 108.6651, 14.2338 ], [ 108.6661, 14.2478 ], [ 108.6639, 14.2515 ], [ 108.6585, 14.2551 ], [ 108.6546, 14.2612 ], [ 108.654, 14.2709 ], [ 108.6574, 14.2832 ], [ 108.6522, 14.2987 ], [ 108.6453, 14.3114 ], [ 108.632, 14.349 ], [ 108.6251, 14.3547 ], [ 108.6245, 14.3601 ], [ 108.6318, 14.3737 ], [ 108.6243, 14.3823 ], [ 108.6235, 14.3933 ], [ 108.6175, 14.4091 ], [ 108.6159, 14.4209 ], [ 108.6088, 14.4285 ], [ 108.6102, 14.4425 ], [ 108.6001, 14.4586 ], [ 108.6015, 14.4608 ], [ 108.608, 14.4561 ], [ 108.6147, 14.4577 ], [ 108.6192, 14.451 ], [ 108.6283, 14.4486 ], [ 108.6347, 14.4503 ], [ 108.6387, 14.4548 ], [ 108.6383, 14.4646 ], [ 108.6404, 14.4791 ], [ 108.6367, 14.4891 ], [ 108.6319, 14.4928 ], [ 108.6305, 14.4963 ], [ 108.6303, 14.4995 ], [ 108.6349, 14.5073 ], [ 108.6285, 14.518 ], [ 108.6327, 14.5263 ], [ 108.627, 14.5384 ], [ 108.6261, 14.5501 ], [ 108.6283, 14.553 ], [ 108.6382, 14.5493 ], [ 108.6403, 14.5501 ], [ 108.6385, 14.5663 ], [ 108.6741, 14.5841 ], [ 108.6753, 14.5863 ], [ 108.6749, 14.5928 ], [ 108.6784, 14.5973 ], [ 108.6811, 14.5972 ], [ 108.6871, 14.5928 ], [ 108.6951, 14.5972 ], [ 108.699, 14.6044 ], [ 108.702, 14.6151 ], [ 108.7055, 14.6148 ], [ 108.7054, 14.6096 ], [ 108.7089, 14.605 ], [ 108.7343, 14.5897 ], [ 108.754, 14.5953 ], [ 108.7614, 14.6009 ], [ 108.7597, 14.6159 ], [ 108.7648, 14.6264 ], [ 108.7651, 14.6355 ], [ 108.7635, 14.6501 ], [ 108.7591, 14.6659 ], [ 108.7594, 14.6687 ], [ 108.767, 14.6779 ], [ 108.7717, 14.6778 ], [ 108.7809, 14.6708 ], [ 108.7967, 14.6698 ], [ 108.8074, 14.6711 ], [ 108.8261, 14.6789 ], [ 108.8363, 14.6949 ], [ 108.8392, 14.6949 ], [ 108.8413, 14.693 ], [ 108.8455, 14.6844 ], [ 108.8494, 14.6848 ], [ 108.8503, 14.6894 ], [ 108.8536, 14.6926 ], [ 108.8683, 14.692 ], [ 108.8803, 14.686 ], [ 108.9015, 14.6879 ], [ 108.9059, 14.693 ], [ 108.9233, 14.699 ], [ 108.9357, 14.6974 ] ] ] ] } },
{ "type": "Feature", "properties": { "name": "Binh Duong", "epsg": 9210, "epsg_2025": 9210 }, "geometry": { "type": "Polygon", "coordinates": [ [ [ 106.9348, 11.3089 ], [ 106.9406, 11.2941 ], [ 106.9322, 11.2894 ], [ 106.9265, 11.2706 ], [ 106.9264, 11.2602 ], [ 106.9298, 11.2452 ], [ 106.9252, 11.2429 ], [ 106.91, 11.2429 ], [ 106.9091, 11.2401 ], [ 106.9117, 11.2312 ], [ 106.9165, 11.2236 ], [ 106.9158, 11.2191 ], [ 106.9113, 11.214 ], [ 106.9001, 11.2119 ], [ 106.8996, 11.2094 ], [ 106.9048, 11.1935 ], [ 106.9184, 11.1941 ], [ 106.932, 11.189 ], [ 106.9443, 11.1771 ], [ 106.9395, 11.1693 ], [ 106.9523, 11.164 ], [ 106.9644, 11.1492 ], [ 106.9639, 11.1443 ], [ 106.9537, 11.1429 ], [ 106.9521, 11.1394 ], [ 106.952, 11.1326 ], [ 106.9542, 11.125 ], [ 106.9615, 11.1177 ], [ 106.9639, 11.1104 ], [ 106.9565, 11.1074 ], [ 106.9455, 11.0891 ], [ 106.9437, 11.0785 ], [ 106.9476, 11.0726 ], [ 106.9485, 11.0682 ], [ 106.9473, 11.0607 ], [ 106.9415, 11.057 ], [ 106.9399, 11.0574 ], [ 106.9353, 11.064 ], [ 106.9325, 11.0656 ], [ 106.9303, 11.0654 ], [ 106.9217, 11.0582 ], [ 106.9205, 11.0556 ], [ 106.9212, 11.0486 ], [ 106.911, 11.0422 ], [ 106.9088, 11.0244 ], [ 106.9057, 11.0227 ], [ 106.8925, 11.0285 ], [ 106.8709, 11.0214 ], [ 106.8588, 11.0261 ], [ 106.8379, 11.0413 ], [ 106.8262, 11.0651 ], [ 106.815, 11.0647 ], [ 106.8007, 11.061 ], [ 106.7976, 11.0585 ], [ 106.7971, 11.0549 ], [ 106.8087, 11.0444 ], [ 106.8106, 11.0403 ], [ 106.8115, 11.0356 ], [ 106.809, 11.0286 ], [ 106.7894, 11.0224 ], [ 106.7737, 11.0089 ], [ 106.7729, 11.0059 ], [ 106.7732, 10.9992 ], [ 106.7812, 10.9878 ], [ 106.7935, 10.9757 ], [ 106.7944, 10.9731 ], [ 106.7805, 10.967 ], [ 106.7786, 10.9648 ], [ 106.7679, 10.9664 ], [ 106.7612, 10.9658 ], [ 106.761, 10.9537 ], [ 106.7746, 10.9406 ], [ 106.7823, 10.9384 ], [ 106.8091, 10.9199 ], [ 106.8154, 10.9052 ], [ 106.8212, 10.9045 ], [ 106.8311, 10.9062 ], [ 106.8369, 10.9032 ], [ 106.8203, 10.8918 ], [ 106.8057, 10.8749 ], [ 106.7857, 10.8685 ], [ 106.7781, 10.8702 ], [ 106.7799, 10.8764 ], [ 106.7787, 10.8832 ], [ 106.7675, 10.8951 ], [ 106.7573, 10.8826 ], [ 106.7603, 10.8706 ], [ 106.7465, 10.8655 ], [ 106.743, 10.8814 ], [ 106.7295, 10.8924 ], [ 106.7164, 10.8976 ], [ 106.7145, 10.8957 ], [ 106.711, 10.8808 ], [ 106.7142, 10.8725 ], [ 106.7105, 10.8669 ], [ 106.7003, 10.8684 ], [ 106.6873, 10.8824 ], [ 106.6869, 10.885 ], [ 106.6923, 10.8953 ], [ 106.6925, 10.9031 ], [ 106.6833, 10.9226 ], [ 106.6778, 10.9245 ], [ 106.6659, 10.9216 ], [ 106.6566, 10.9254 ], [ 106.6495, 10.9329 ], [ 106.6474, 10.9799 ], [ 106.6432, 10.9819 ], [ 106.6318, 10.9785 ], [ 106.6239, 10.9816 ], [ 106.6142, 10.9918 ], [ 106.6193, 11.0043 ], [ 106.6177, 11.0104 ], [ 106.6133, 11.0134 ], [ 106.5998, 11.0154 ], [ 106.5946, 11.0209 ], [ 106.5939, 11.0293 ], [ 106.6013, 11.04 ], [ 106.601, 11.0439 ], [ 106.5992, 11.0459 ], [ 106.5965, 11.0469 ], [ 106.5929, 11.0458 ], [ 106.5892, 11.0384 ], [ 106.5828, 11.0375 ], [ 106.5807, 11.0393 ], [ 106.5766, 11.051 ], [ 106.5712, 11.0559 ], [ 106.5677, 11.0531 ], [ 106.5663, 11.0468 ], [ 106.5619, 11.0456 ], [ 106.5451, 11.0492 ], [ 106.531, 11.0606 ], [ 106.5228, 11.0732 ], [ 106.5225, 11.0764 ], [ 106.5318, 11.0918 ], [ 106.5286, 11.0932 ], [ 106.5238, 11.0916 ], [ 106.5189, 11.0926 ], [ 106.5145, 11.0997 ], [ 106.5164, 11.1029 ], [ 106.5238, 11.1057 ], [ 106.526, 11.116 ], [ 106.5249, 11.1218 ], [ 106.5164, 11.1267 ], [ 106.5065, 11.1366 ], [ 106.499, 11.1416 ], [ 106.4901, 11.1444 ], [ 106.4767, 11.1431 ], [ 106.4698, 11.1445 ], [ 106.4659, 11.149 ], [ 106.4685, 11.153 ], [ 106.4679, 11.1564 ], [ 106.4606, 11.1607 ], [ 106.4526, 11.1605 ], [ 106.4497, 11.158 ], [ 106.4495, 11.1531 ], [ 106.4552, 11.1454 ], [ 106.4542, 11.1417 ], [ 106.4508, 11.1378 ], [ 106.4444, 11.1366 ], [ 106.4377, 11.1388 ], [ 106.4302, 11.1475 ], [ 106.4353, 11.1599 ], [ 106.4278, 11.1701 ], [ 106.4085, 11.1745 ], [ 106.3866, 11.1866 ], [ 106.3829, 11.193 ], [ 106.3755, 11.2361 ], [ 106.369, 11.2448 ], [ 106.3612, 11.2393 ], [ 106.3579, 11.2402 ], [ 106.3496, 11.25 ], [ 106.3501, 11.2526 ], [ 106.3596, 11.2577 ], [ 106.3623, 11.2624 ], [ 106.3596, 11.2641 ], [ 106.3493, 11.2637 ], [ 106.3544, 11.2847 ], [ 106.3525, 11.2899 ], [ 106.3458, 11.2912 ], [ 106.3437, 11.2842 ], [ 106.3421, 11.2834 ], [ 106.3338, 11.2962 ], [ 106.3339, 11.3002 ], [ 106.3427, 11.3246 ], [ 106.337, 11.333 ], [ 106.3248, 11.3421 ], [ 106.3261, 11.3474 ], [ 106.3443, 11.3758 ], [ 106.3555, 11.3978 ], [ 106.3671, 11.4503 ], [ 106.3691, 11.4531 ], [ 106.3809, 11.4554 ], [ 106.3915, 11.4598 ], [ 106.4058, 11.4695 ], [ 106.4177, 11.489 ], [ 106.4261, 11.498 ], [ 106.432, 11.5021 ], [ 106.4901, 11.4987 ], [ 106.5211, 11.4821 ], [ 106.5387, 11.4691 ], [ 106.544, 11.4694 ], [ 106.5556, 11.4854 ], [ 106.5725, 11.4569 ], [ 106.5614, 11.4441 ], [ 106.5469, 11.4367 ], [ 106.5401, 11.4283 ], [ 106.5403, 11.4247 ], [ 106.5458, 11.4159 ], [ 106.5465, 11.4067 ], [ 106.5437, 11.397 ], [ 106.5378, 11.3894 ], [ 106.5459, 11.3828 ], [ 106.5511, 11.3749 ], [ 106.5551, 11.3724 ], [ 106.5607, 11.3716 ], [ 106.5844, 11.3815 ], [ 106.6119, 11.3892 ], [ 106.6117, 11.3774 ], [ 106.6159, 11.3638 ], [ 106.6315, 11.36 ], [ 106.6487, 11.3607 ], [ 106.6681, 11.3555 ], [ 106.6738, 11.3557 ], [ 106.6773, 11.3783 ], [ 106.6838, 11.3955 ], [ 106.6902, 11.4002 ], [ 106.6979, 11.4009 ], [ 106.7024, 11.3983 ], [ 106.707, 11.4075 ], [ 106.7168, 11.4154 ], [ 106.7189, 11.424 ], [ 106.7247, 11.4249 ], [ 106.7248, 11.433 ], [ 106.7369, 11.4334 ], [ 106.7397, 11.4353 ], [ 106.7413, 11.4427 ], [ 106.7513, 11.4476 ], [ 106.7541, 11.4512 ], [ 106.7547, 11.4548 ], [ 106.7489, 11.4689 ], [ 106.7501, 11.4757 ], [ 106.758, 11.4798 ], [ 106.7719, 11.4836 ], [ 106.7867, 11.4913 ], [ 106.7954, 11.4926 ], [ 106.8019, 11.4833 ], [ 106.8063, 11.462 ], [ 106.8047, 11.4596 ], [ 106.8049, 11.4538 ], [ 106.7875, 11.4332 ], [ 106.7782, 11.428 ], [ 106.7687, 11.4273 ], [ 106.7673, 11.409 ], [ 106.7833, 11.3821 ], [ 106.8114, 11.377 ], [ 106.8242, 11.3858 ], [ 106.8526, 11.3774 ], [ 106.8555, 11.3735 ], [ 106.8544, 11.3717 ], [ 106.8549, 11.351 ], [ 106.8561, 11.3479 ], [ 106.862, 11.3429 ], [ 106.8615, 11.3388 ], [ 106.8542, 11.3302 ], [ 106.855, 11.3165 ], [ 106.8732, 11.3085 ], [ 106.8686, 11.3254 ], [ 106.8847, 11.3429 ], [ 106.9002, 11.3426 ], [ 106.9052, 11.3537 ], [ 106.9147, 11.357 ], [ 106.9357, 11.3541 ], [ 106.9408, 11.3516 ], [ 106.9498, 11.3387 ], [ 106.9508, 11.3247 ], [ 106.949, 11.3215 ], [ 106.9377, 11.3146 ], [ 106.9348, 11.3089 ] ] ] } },
{ "type": "Feature", "properties": { "name": "Binh Phuoc", "epsg": 9212, "epsg_2025": 5899 }, "geometry": { "type": "Polygon", "coordinates": [ [ [ 107.3889, 11.7678 ], [ 107.3822, 11.773 ], [ 107.3702, 11.7712 ], [ 107.3554, 11.7576 ], [ 107.3447, 11.7513 ], [ 107.3336, 11.7489 ], [ 107.325, 11.7507 ], [ 107.3117, 11.7415 ], [ 107.3002, 11.7406 ], [ 107.2867, 11.7298 ], [ 107.2847, 11.727 ], [ 107.2821, 11.7039 ], [ 107.284, 11.6967 ], [ 107.2837, 11.6888 ], [ 107.2768, 11.6814 ], [ 107.264, 11.6613 ], [ 107.2643, 11.6588 ], [ 107.2712, 11.651 ], [ 107.2669, 11.6436 ], [ 107.2693, 11.6379 ], [ 107.2848, 11.6329 ], [ 107.3026, 11.6181 ], [ 107.3052, 11.601 ], [ 107.2964, 11.5878 ], [ 107.2962, 11.5847 ], [ 107.3029, 11.5664 ], [ 107.3085, 11.5568 ], [ 107.3117, 11.5544 ], [ 107.3313, 11.5549 ], [ 107.3348, 11.5478 ], [ 107.1464, 11.5069 ], [ 107.1303, 11.5022 ], [ 107.1193, 11.4879 ], [ 107.1119, 11.4821 ], [ 107.0959, 11.4825 ], [ 107.094, 11.4713 ], [ 107.0671, 11.4485 ], [ 107.0657, 11.4446 ], [ 107.0664, 11.4368 ], [ 107.074, 11.4217 ], [ 107.0742, 11.4187 ], [ 107.0689, 11.4094 ], [ 107.0551, 11.398 ], [ 107.0545, 11.3946 ], [ 107.0593, 11.3871 ], [ 107.0576, 11.3777 ], [ 107.0497, 11.3743 ], [ 107.0423, 11.3782 ], [ 107.0392, 11.3777 ], [ 107.0345, 11.372 ], [ 107.0379, 11.3657 ], [ 107.036, 11.3629 ], [ 107.0321, 11.3586 ], [ 107.0204, 11.3551 ], [ 107.0128, 11.342 ], [ 107.0097, 11.34 ], [ 106.9954, 11.3351 ], [ 106.9766, 11.3336 ], [ 106.9768, 11.331 ], [ 106.9841, 11.3249 ], [ 106.9831, 11.3146 ], [ 106.9812, 11.3138 ], [ 106.9701, 11.3185 ], [ 106.9651, 11.319 ], [ 106.9572, 11.3126 ], [ 106.9529, 11.3028 ], [ 106.9503, 11.3035 ], [ 106.9453, 11.31 ], [ 106.9387, 11.3104 ], [ 106.9362, 11.3082 ], [ 106.9362, 11.3055 ], [ 106.9348, 11.3089 ], [ 106.9377, 11.3146 ], [ 106.949, 11.3215 ], [ 106.9508, 11.3247 ], [ 106.9508, 11.3337 ], [ 106.9475, 11.3437 ], [ 106.9408, 11.3516 ], [ 106.9357, 11.3541 ], [ 106.9147, 11.357 ], [ 106.9052, 11.3537 ], [ 106.9002, 11.3426 ], [ 106.8847, 11.3429 ], [ 106.8686, 11.3254 ], [ 106.8732, 11.3085 ], [ 106.855, 11.3165 ], [ 106.8542, 11.3302 ], [ 106.8615, 11.3388 ], [ 106.862, 11.3429 ], [ 106.8561, 11.3479 ], [ 106.8549, 11.351 ], [ 106.8544, 11.3717 ], [ 106.8555, 11.3735 ], [ 106.8526, 11.3774 ], [ 106.8242, 11.3858 ], [ 106.8114, 11.377 ], [ 106.7833, 11.3821 ], [ 106.7673, 11.409 ], [ 106.7687, 11.4273 ], [ 106.7782, 11.428 ], [ 106.7875, 11.4332 ], [ 106.8049, 11.4538 ], [ 106.8047, 11.4596 ], [ 106.8063, 11.462 ], [ 106.8019, 11.4833 ], [ 106.7954, 11.4926 ], [ 106.7867, 11.4913 ], [ 106.7719, 11.4836 ], [ 106.758, 11.4798 ], [ 106.7501, 11.4757 ], [ 106.7489, 11.4689 ], [ 106.7547, 11.4548 ], [ 106.7541, 11.4512 ], [ 106.7513, 11.4476 ], [ 106.7413, 11.4427 ], [ 106.7397, 11.4353 ], [ 106.7369, 11.4334 ], [ 106.7248, 11.433 ], [ 106.7247, 11.4249 ], [ 106.7189, 11.424 ], [ 106.7168, 11.4154 ], [ 106.707, 11.4075 ], [ 106.7024, 11.3983 ], [ 106.6979, 11.4009 ], [ 106.6902, 11.4002 ], [ 106.6838, 11.3955 ], [ 106.6773, 11.3783 ], [ 106.6738, 11.3557 ], [ 106.6681, 11.3555 ], [ 106.6487, 11.3607 ], [ 106.6315, 11.36 ], [ 106.6159, 11.3638 ], [ 106.6117, 11.3774 ], [ 106.6119, 11.3892 ], [ 106.5844, 11.3815 ], [ 106.5607, 11.3716 ], [ 106.5551, 11.3724 ], [ 106.5511, 11.3749 ], [ 106.5459, 11.3828 ], [ 106.5378, 11.3894 ], [ 106.5437, 11.397 ], [ 106.5465, 11.4067 ], [ 106.5458, 11.4159 ], [ 106.5403, 11.4247 ], [ 106.5401, 11.4283 ], [ 106.5469, 11.4367 ], [ 106.5614, 11.4441 ], [ 106.5725, 11.4569 ], [ 106.5556, 11.4854 ], [ 106.544, 11.4694 ], [ 106.5387, 11.4691 ], [ 106.5211, 11.4821 ], [ 106.4901, 11.4987 ], [ 106.4346, 11.5023 ], [ 106.4293, 11.5006 ], [ 106.4234, 11.4952 ], [ 106.4219, 11.4989 ], [ 106.4212, 11.5065 ], [ 106.4321, 11.5403 ], [ 106.441, 11.5473 ], [ 106.4469, 11.5473 ], [ 106.4594, 11.5437 ], [ 106.4711, 11.5475 ], [ 106.4774, 11.551 ], [ 106.4881, 11.5708 ], [ 106.4866, 11.5832 ], [ 106.4816, 11.5941 ], [ 106.4813, 11.5977 ], [ 106.4847, 11.6036 ], [ 106.4841, 11.606 ], [ 106.4773, 11.6119 ], [ 106.4685, 11.6151 ], [ 106.4666, 11.6175 ], [ 106.4647, 11.6209 ], [ 106.4637, 11.6362 ], [ 106.4564, 11.646 ], [ 106.4532, 11.6545 ], [ 106.4506, 11.6738 ], [ 106.4523, 11.6899 ], [ 106.4484, 11.6979 ], [ 106.4396, 11.707 ], [ 106.4252, 11.7285 ], [ 106.4126, 11.7664 ], [ 106.4188, 11.7826 ], [ 106.4467, 11.8264 ], [ 106.4375, 11.8403 ], [ 106.4376, 11.8548 ], [ 106.4399, 11.8602 ], [ 106.4456, 11.8674 ], [ 106.4543, 11.8646 ], [ 106.464, 11.8675 ], [ 106.4086, 11.9766 ], [ 106.4231, 11.9726 ], [ 106.4291, 11.9726 ], [ 106.4314, 11.9738 ], [ 106.4359, 11.9824 ], [ 106.4424, 11.9882 ], [ 106.4545, 11.9896 ], [ 106.4634, 11.984 ], [ 106.4694, 11.9767 ], [ 106.474, 11.9744 ], [ 106.4847, 11.9728 ], [ 106.4958, 11.9739 ], [ 106.5139, 11.9821 ], [ 106.5249, 11.9794 ], [ 106.5311, 11.97 ], [ 106.6256, 11.976 ], [ 106.6277, 11.9652 ], [ 106.6308, 11.9621 ], [ 106.6334, 11.9634 ], [ 106.635, 11.9724 ], [ 106.6394, 11.9759 ], [ 106.6414, 11.9754 ], [ 106.6444, 11.9661 ], [ 106.6514, 11.9637 ], [ 106.6573, 11.9652 ], [ 106.6571, 11.9693 ], [ 106.6521, 11.9726 ], [ 106.6498, 11.9779 ], [ 106.6507, 11.985 ], [ 106.6526, 11.9879 ], [ 106.6561, 11.9889 ], [ 106.6818, 11.9694 ], [ 106.6906, 11.9662 ], [ 106.7104, 11.9684 ], [ 106.7156, 11.9704 ], [ 106.7224, 11.9755 ], [ 106.7386, 11.9967 ], [ 106.7431, 12.0036 ], [ 106.7576, 12.0388 ], [ 106.7794, 12.0696 ], [ 106.7911, 12.0824 ], [ 106.7983, 12.0843 ], [ 106.8212, 12.0841 ], [ 106.8408, 12.0694 ], [ 106.8473, 12.0687 ], [ 106.8548, 12.069 ], [ 106.8634, 12.073 ], [ 106.8725, 12.0749 ], [ 106.8868, 12.0744 ], [ 106.9075, 12.0693 ], [ 106.9105, 12.0674 ], [ 106.9127, 12.063 ], [ 106.9181, 12.0627 ], [ 106.9443, 12.0687 ], [ 106.9769, 12.0888 ], [ 106.9922, 12.0959 ], [ 107.0016, 12.1134 ], [ 107.0101, 12.1203 ], [ 107.0445, 12.1344 ], [ 107.0508, 12.1483 ], [ 107.0576, 12.1575 ], [ 107.0767, 12.1637 ], [ 107.0781, 12.1668 ], [ 107.077, 12.1707 ], [ 107.0684, 12.1777 ], [ 107.0729, 12.1881 ], [ 107.0753, 12.1885 ], [ 107.0844, 12.1824 ], [ 107.0904, 12.1821 ], [ 107.0943, 12.1884 ], [ 107.0982, 12.2065 ], [ 107.1247, 12.228 ], [ 107.1363, 12.24 ], [ 107.1434, 12.2529 ], [ 107.1507, 12.272 ], [ 107.1549, 12.2763 ], [ 107.172, 12.2805 ], [ 107.1811, 12.2849 ], [ 107.1895, 12.2955 ], [ 107.1923, 12.297 ], [ 107.2029, 12.2988 ], [ 107.2073, 12.2809 ], [ 107.2261, 12.1577 ], [ 107.2266, 12.1349 ], [ 107.2222, 12.1286 ], [ 107.2267, 12.117 ], [ 107.2392, 12.1154 ], [ 107.23, 12.0981 ], [ 107.2314, 12.092 ], [ 107.2279, 12.0889 ], [ 107.2304, 12.0633 ], [ 107.2282, 12.0296 ], [ 107.2312, 12.0294 ], [ 107.2367, 12.0395 ], [ 107.2405, 12.0398 ], [ 107.2436, 12.0359 ], [ 107.2413, 12.0273 ], [ 107.2475, 12.0226 ], [ 107.2716, 12.0149 ], [ 107.2773, 12.0146 ], [ 107.286, 12.0209 ], [ 107.2913, 12.0213 ], [ 107.2938, 12.017 ], [ 107.2937, 12.0109 ], [ 107.3064, 12.007 ], [ 107.3092, 12.0068 ], [ 107.3129, 12.0092 ], [ 107.3151, 12.0082 ], [ 107.3348, 11.9931 ], [ 107.3433, 11.9743 ], [ 107.3495, 11.9693 ], [ 107.3501, 11.9563 ], [ 107.3545, 11.9526 ], [ 107.3529, 11.9419 ], [ 107.3512, 11.9404 ], [ 107.3579, 11.9355 ], [ 107.3655, 11.934 ], [ 107.372, 11.9293 ], [ 107.3843, 11.9158 ], [ 107.4022, 11.8815 ], [ 107.4044, 11.8692 ], [ 107.4088, 11.8667 ], [ 107.4192, 11.8653 ], [ 107.4254, 11.8618 ], [ 107.4124, 11.8308 ], [ 107.4034, 11.819 ], [ 107.4034, 11.8135 ], [ 107.4074, 11.807 ], [ 107.4047, 11.8041 ], [ 107.3937, 11.8005 ], [ 107.3924, 11.7923 ], [ 107.3954, 11.7846 ], [ 107.396, 11.777 ], [ 107.3889, 11.7678 ] ] ] } },
{ "type": "Feature", "properties": { "name": "Binh Thuan", "epsg": 9218, "epsg_2025": 5899 }, "geometry": { "type": "MultiPolygon", "coordinates": [ [ [ [ 109.0826, 9.9674 ], [ 109.081, 9.9653 ], [ 109.078, 9.9653 ], [ 109.0786, 9.9721 ], [ 109.0815, 9.972 ], [ 109.0826, 9.9674 ] ] ], [ [ [ 109.0536, 9.9837 ], [ 109.0505, 9.9817 ], [ 109.0499, 9.9853 ], [ 109.0512, 9.9874 ], [ 109.0539, 9.9873 ], [ 109.0536, 9.9837 ] ] ], [ [ [ 108.9754, 10.0445 ], [ 108.9755, 10.0409 ], [ 108.9733, 10.0409 ], [ 108.9703, 10.0455 ], [ 108.9738, 10.0459 ], [ 108.9754, 10.0445 ] ] ], [ [ [ 108.9055, 10.0472 ], [ 108.9021, 10.0471 ], [ 108.9011, 10.0502 ], [ 108.9054, 10.0521 ], [ 108.907, 10.0491 ], [ 108.9055, 10.0472 ] ] ], [ [ [ 108.9681, 10.4833 ], [ 108.9668, 10.4843 ], [ 108.968, 10.4855 ], [ 108.9691, 10.4846 ], [ 108.9681, 10.4833 ] ] ], [ [ [ 108.9684, 10.4965 ], [ 108.965, 10.4879 ], [ 108.96, 10.4884 ], [ 108.9593, 10.4909 ], [ 108.9622, 10.4923 ], [ 108.9616, 10.4961 ], [ 108.9632, 10.4987 ], [ 108.9684, 10.4965 ] ] ], [ [ [ 108.9616, 10.5015 ], [ 108.9603, 10.5022 ], [ 108.961, 10.5037 ], [ 108.9625, 10.5029 ], [ 108.9616, 10.5015 ] ] ], [ [ [ 108.959, 10.505 ], [ 108.95, 10.5049 ], [ 108.9301, 10.5141 ], [ 108.9245, 10.5405 ], [ 108.9207, 10.5456 ], [ 108.9221, 10.55 ], [ 108.9258, 10.5534 ], [ 108.9304, 10.555 ], [ 108.9471, 10.5536 ], [ 108.9544, 10.5498 ], [ 108.954, 10.5403 ], [ 108.9568, 10.5353 ], [ 108.9576, 10.5258 ], [ 108.96, 10.5207 ], [ 108.9654, 10.5189 ], [ 108.9665, 10.5167 ], [ 108.9657, 10.509 ], [ 108.959, 10.505 ] ] ], [ [ [ 108.9567, 10.5544 ], [ 108.9551, 10.5551 ], [ 108.9556, 10.5564 ], [ 108.9573, 10.5558 ], [ 108.9567, 10.5544 ] ] ], [ [ [ 108.951, 10.5547 ], [ 108.9495, 10.5553 ], [ 108.9498, 10.5566 ], [ 108.9516, 10.5563 ], [ 108.951, 10.5547 ] ] ], [ [ [ 108.9512, 10.5586 ], [ 108.9497, 10.5593 ], [ 108.9505, 10.5608 ], [ 108.9518, 10.5601 ], [ 108.9512, 10.5586 ] ] ], [ [ [ 108.8706, 10.6203 ], [ 108.8681, 10.6221 ], [ 108.87, 10.6248 ], [ 108.8726, 10.6226 ], [ 108.8706, 10.6203 ] ] ], [ [ [ 107.8009, 10.6505 ], [ 107.7983, 10.6523 ], [ 107.8002, 10.6549 ], [ 107.8028, 10.6528 ], [ 107.8009, 10.6505 ] ] ], [ [ [ 107.9934, 10.6955 ], [ 107.9882, 10.6949 ], [ 107.9879, 10.6965 ], [ 107.9926, 10.6977 ], [ 107.9934, 10.6955 ] ] ], [ [ [ 108.3012, 10.9102 ], [ 108.2985, 10.9093 ], [ 108.2965, 10.9116 ], [ 108.2993, 10.9134 ], [ 108.3012, 10.9102 ] ] ], [ [ [ 108.8323, 11.2301 ], [ 108.8279, 11.2239 ], [ 108.8222, 11.2235 ], [ 108.8194, 11.2255 ], [ 108.8226, 11.2297 ], [ 108.8287, 11.23 ], [ 108.831, 11.2324 ], [ 108.8323, 11.2301 ] ] ], [ [ [ 108.6298, 11.5514 ], [ 108.6423, 11.5513 ], [ 108.6594, 11.5042 ], [ 108.6721, 11.4828 ], [ 108.6799, 11.4735 ], [ 108.6907, 11.4676 ], [ 108.703, 11.4648 ], [ 108.7152, 11.4666 ], [ 108.7351, 11.4735 ], [ 108.7469, 11.4737 ], [ 108.7587, 11.4716 ], [ 108.7555, 11.4126 ], [ 108.7942, 11.3877 ], [ 108.8103, 11.3824 ], [ 108.8424, 11.3779 ], [ 108.8458, 11.3666 ], [ 108.8571, 11.3559 ], [ 108.8703, 11.3549 ], [ 108.8744, 11.3499 ], [ 108.872, 11.3388 ], [ 108.8656, 11.3372 ], [ 108.8645, 11.3336 ], [ 108.8543, 11.335 ], [ 108.8441, 11.3333 ], [ 108.8362, 11.324 ], [ 108.8041, 11.3166 ], [ 108.7859, 11.3141 ], [ 108.7816, 11.3084 ], [ 108.7751, 11.2892 ], [ 108.7623, 11.2874 ], [ 108.7544, 11.2824 ], [ 108.7501, 11.2722 ], [ 108.7485, 11.2558 ], [ 108.7428, 11.2311 ], [ 108.7319, 11.2126 ], [ 108.7292, 11.1925 ], [ 108.7264, 11.1845 ], [ 108.7141, 11.1772 ], [ 108.7073, 11.1675 ], [ 108.7029, 11.1653 ], [ 108.6992, 11.1809 ], [ 108.6871, 11.187 ], [ 108.6699, 11.1925 ], [ 108.6427, 11.1925 ], [ 108.632, 11.1907 ], [ 108.6212, 11.185 ], [ 108.6184, 11.1795 ], [ 108.6151, 11.1768 ], [ 108.6135, 11.1776 ], [ 108.6136, 11.1824 ], [ 108.6109, 11.184 ], [ 108.5888, 11.1851 ], [ 108.5745, 11.1787 ], [ 108.5644, 11.1667 ], [ 108.5597, 11.1641 ], [ 108.5288, 11.1571 ], [ 108.5225, 11.1541 ], [ 108.517, 11.1497 ], [ 108.5068, 11.1376 ], [ 108.4936, 11.1145 ], [ 108.4768, 11.0721 ], [ 108.4729, 11.0543 ], [ 108.4748, 11.0489 ], [ 108.4667, 11.0467 ], [ 108.4574, 11.0417 ], [ 108.4457, 11.049 ], [ 108.4324, 11.0485 ], [ 108.4236, 11.0425 ], [ 108.4165, 11.031 ], [ 108.4123, 11.0277 ], [ 108.4085, 11.0343 ], [ 108.3957, 11.0339 ], [ 108.3788, 11.0365 ], [ 108.374, 11.035 ], [ 108.3617, 11.0265 ], [ 108.3524, 11.0152 ], [ 108.3444, 10.9953 ], [ 108.3366, 10.9543 ], [ 108.3346, 10.952 ], [ 108.3299, 10.952 ], [ 108.3254, 10.959 ], [ 108.3205, 10.9615 ], [ 108.3118, 10.9605 ], [ 108.3075, 10.9576 ], [ 108.3021, 10.9514 ], [ 108.2972, 10.9419 ], [ 108.2932, 10.9275 ], [ 108.2932, 10.9152 ], [ 108.2875, 10.9147 ], [ 108.2788, 10.9183 ], [ 108.2797, 10.9387 ], [ 108.2759, 10.9427 ], [ 108.2475, 10.9528 ], [ 108.2274, 10.9561 ], [ 108.2069, 10.9511 ], [ 108.1871, 10.9381 ], [ 108.1563, 10.9311 ], [ 108.1339, 10.9355 ], [ 108.1166, 10.9278 ], [ 108.1068, 10.9186 ], [ 108.1048, 10.9186 ], [ 108.1046, 10.9225 ], [ 108.0933, 10.9209 ], [ 108.0878, 10.918 ], [ 108.0757, 10.9071 ], [ 108.067, 10.8944 ], [ 108.0439, 10.8505 ], [ 108.0279, 10.8083 ], [ 108.0135, 10.7383 ], [ 108.0027, 10.7198 ], [ 107.9932, 10.7076 ], [ 107.992, 10.7004 ], [ 107.9812, 10.7064 ], [ 107.9746, 10.7076 ], [ 107.9697, 10.707 ], [ 107.9621, 10.702 ], [ 107.9569, 10.7078 ], [ 107.9391, 10.7153 ], [ 107.9122, 10.7217 ], [ 107.896, 10.723 ], [ 107.8774, 10.72 ], [ 107.8568, 10.713 ], [ 107.8438, 10.7052 ], [ 107.8364, 10.7076 ], [ 107.8305, 10.7074 ], [ 107.8209, 10.7031 ], [ 107.8121, 10.6963 ], [ 107.7882, 10.6689 ], [ 107.7743, 10.6556 ], [ 107.7516, 10.6421 ], [ 107.7266, 10.6326 ], [ 107.7039, 10.6343 ], [ 107.6825, 10.627 ], [ 107.6739, 10.6223 ], [ 107.6548, 10.608 ], [ 107.6119, 10.5927 ], [ 107.5895, 10.5822 ], [ 107.5701, 10.5705 ], [ 107.5682, 10.5799 ], [ 107.566, 10.6199 ], [ 107.5613, 10.6323 ], [ 107.5493, 10.6544 ], [ 107.5417, 10.6737 ], [ 107.5406, 10.7086 ], [ 107.5382, 10.714 ], [ 107.5278, 10.7273 ], [ 107.5052, 10.7476 ], [ 107.5021, 10.7486 ], [ 107.5042, 10.7727 ], [ 107.5131, 10.7736 ], [ 107.5281, 10.779 ], [ 107.5513, 10.7954 ], [ 107.5674, 10.8114 ], [ 107.5743, 10.83 ], [ 107.5722, 10.8472 ], [ 107.5578, 10.8692 ], [ 107.5584, 10.9385 ], [ 107.5407, 10.9786 ], [ 107.5277, 10.9935 ], [ 107.5182, 10.9997 ], [ 107.5064, 11.0129 ], [ 107.4981, 11.016 ], [ 107.4843, 11.0093 ], [ 107.4697, 11.0089 ], [ 107.4539, 11.0196 ], [ 107.4476, 11.0272 ], [ 107.4369, 11.0342 ], [ 107.4159, 11.0387 ], [ 107.4011, 11.0478 ], [ 107.3928, 11.0507 ], [ 107.3972, 11.054 ], [ 107.4004, 11.0543 ], [ 107.4117, 11.0509 ], [ 107.415, 11.0514 ], [ 107.4239, 11.0645 ], [ 107.4239, 11.0695 ], [ 107.4205, 11.0767 ], [ 107.4213, 11.0788 ], [ 107.4309, 11.0891 ], [ 107.4357, 11.0901 ], [ 107.4397, 11.0844 ], [ 107.4432, 11.0885 ], [ 107.4523, 11.1134 ], [ 107.4477, 11.1192 ], [ 107.4344, 11.1304 ], [ 107.4325, 11.1374 ], [ 107.4557, 11.1523 ], [ 107.4607, 11.1694 ], [ 107.459, 11.1776 ], [ 107.4691, 11.1797 ], [ 107.4705, 11.1872 ], [ 107.4695, 11.194 ], [ 107.4714, 11.2003 ], [ 107.4741, 11.2032 ], [ 107.481, 11.2023 ], [ 107.4867, 11.2164 ], [ 107.4847, 11.2222 ], [ 107.4865, 11.2251 ], [ 107.4885, 11.2258 ], [ 107.4947, 11.2211 ], [ 107.4977, 11.2213 ], [ 107.4987, 11.2286 ], [ 107.4947, 11.2373 ], [ 107.4953, 11.2434 ], [ 107.5107, 11.2449 ], [ 107.5136, 11.2474 ], [ 107.5148, 11.2525 ], [ 107.5213, 11.2533 ], [ 107.5223, 11.2574 ], [ 107.5204, 11.2729 ], [ 107.5167, 11.2849 ], [ 107.5215, 11.2963 ], [ 107.5166, 11.3129 ], [ 107.5295, 11.3231 ], [ 107.5336, 11.3295 ], [ 107.5408, 11.3508 ], [ 107.5422, 11.3672 ], [ 107.5492, 11.3761 ], [ 107.5682, 11.3841 ], [ 107.5737, 11.3832 ], [ 107.5816, 11.3725 ], [ 107.6054, 11.3473 ], [ 107.6246, 11.339 ], [ 107.6452, 11.3376 ], [ 107.6516, 11.3361 ], [ 107.6653, 11.329 ], [ 107.6821, 11.3266 ], [ 107.6974, 11.3289 ], [ 107.7133, 11.3391 ], [ 107.7209, 11.3525 ], [ 107.7223, 11.3636 ], [ 107.7257, 11.3597 ], [ 107.729, 11.3586 ], [ 107.7338, 11.3609 ], [ 107.7392, 11.3672 ], [ 107.7504, 11.3668 ], [ 107.7528, 11.3689 ], [ 107.764, 11.3703 ], [ 107.8017, 11.3724 ], [ 107.8881, 11.3665 ], [ 107.9209, 11.3618 ], [ 107.9287, 11.3593 ], [ 107.9333, 11.3563 ], [ 107.9391, 11.3477 ], [ 107.9594, 11.3523 ], [ 107.9664, 11.3479 ], [ 108.0001, 11.335 ], [ 108.0259, 11.3277 ], [ 108.0294, 11.3082 ], [ 108.0289, 11.3005 ], [ 108.0423, 11.2753 ], [ 108.0396, 11.2655 ], [ 108.0405, 11.2607 ], [ 108.0512, 11.2467 ], [ 108.0472, 11.2373 ], [ 108.0444, 11.2168 ], [ 108.0552, 11.2205 ], [ 108.0548, 11.2369 ], [ 108.0587, 11.2453 ], [ 108.0749, 11.2578 ], [ 108.1051, 11.2714 ], [ 108.1093, 11.287 ], [ 108.1139, 11.2943 ], [ 108.1174, 11.2923 ], [ 108.1201, 11.2852 ], [ 108.1236, 11.2852 ], [ 108.1305, 11.2918 ], [ 108.149, 11.3004 ], [ 108.1799, 11.3056 ], [ 108.1848, 11.3088 ], [ 108.192, 11.3176 ], [ 108.2262, 11.346 ], [ 108.2486, 11.3592 ], [ 108.2541, 11.3639 ], [ 108.2666, 11.3782 ], [ 108.3062, 11.4163 ], [ 108.2924, 11.4406 ], [ 108.2873, 11.4461 ], [ 108.2818, 11.448 ], [ 108.2752, 11.4412 ], [ 108.2734, 11.4403 ], [ 108.2716, 11.4417 ], [ 108.2575, 11.469 ], [ 108.257, 11.4785 ], [ 108.2649, 11.501 ], [ 108.2832, 11.5169 ], [ 108.3096, 11.528 ], [ 108.3269, 11.5252 ], [ 108.3396, 11.5268 ], [ 108.3445, 11.5248 ], [ 108.3535, 11.5068 ], [ 108.3588, 11.5068 ], [ 108.3713, 11.5113 ], [ 108.3801, 11.524 ], [ 108.4138, 11.5289 ], [ 108.4184, 11.5269 ], [ 108.4247, 11.5185 ], [ 108.429, 11.5162 ], [ 108.4355, 11.5164 ], [ 108.4591, 11.5184 ], [ 108.4795, 11.5279 ], [ 108.4906, 11.5297 ], [ 108.5049, 11.5265 ], [ 108.5243, 11.5117 ], [ 108.5342, 11.5078 ], [ 108.542, 11.5096 ], [ 108.5571, 11.5209 ], [ 108.5699, 11.5486 ], [ 108.5775, 11.5554 ], [ 108.5879, 11.5565 ], [ 108.6298, 11.5514 ] ] ] ] } },
{ "type": "Feature", "properties": { "name": "Ca Mau", "epsg": 9207, "epsg_2025": 9207 }, "geometry": { "type": "MultiPolygon", "coordinates": [ [ [ [ 104.8793, 8.381 ], [ 104.877, 8.3822 ], [ 104.8782, 8.3845 ], [ 104.8805, 8.3833 ], [ 104.8793, 8.381 ] ] ], [ [ [ 104.8504, 8.421 ], [ 104.8572, 8.419 ], [ 104.8541, 8.4128 ], [ 104.8483, 8.4121 ], [ 104.8471, 8.4182 ], [ 104.8504, 8.421 ] ] ], [ [ [ 104.8405, 8.4399 ], [ 104.837, 8.4396 ], [ 104.8354, 8.4378 ], [ 104.8377, 8.427 ], [ 104.8305, 8.4229 ], [ 104.8225, 8.4213 ], [ 104.8161, 8.4271 ], [ 104.825, 8.4381 ], [ 104.8292, 8.4409 ], [ 104.83, 8.445 ], [ 104.8353, 8.4482 ], [ 104.8403, 8.4554 ], [ 104.8451, 8.4485 ], [ 104.8439, 8.4428 ], [ 104.8405, 8.4399 ] ] ], [ [ [ 104.5647, 8.8807 ], [ 104.5617, 8.8833 ], [ 104.5641, 8.8849 ], [ 104.5661, 8.8831 ], [ 104.5647, 8.8807 ] ] ], [ [ [ 104.5286, 8.9435 ], [ 104.5213, 8.9498 ], [ 104.5206, 8.9565 ], [ 104.5241, 8.96 ], [ 104.5306, 8.9498 ], [ 104.5286, 8.9435 ] ] ], [ [ [ 104.7995, 9.1776 ], [ 104.7974, 9.1794 ], [ 104.799, 9.1813 ], [ 104.8011, 9.1798 ], [ 104.7995, 9.1776 ] ] ], [ [ [ 104.9171, 9.5606 ], [ 104.9441, 9.534 ], [ 104.9612, 9.5567 ], [ 104.971, 9.5475 ], [ 104.9927, 9.5397 ], [ 104.9976, 9.5472 ], [ 105.0011, 9.5595 ], [ 105.1787, 9.4518 ], [ 105.2603, 9.3999 ], [ 105.2716, 9.3965 ], [ 105.2745, 9.4006 ], [ 105.2949, 9.3877 ], [ 105.2523, 9.3435 ], [ 105.2514, 9.344 ], [ 105.2465, 9.3365 ], [ 105.2492, 9.3254 ], [ 105.2552, 9.3167 ], [ 105.2923, 9.2806 ], [ 105.2762, 9.266 ], [ 105.2566, 9.2531 ], [ 105.2541, 9.2454 ], [ 105.2381, 9.2272 ], [ 105.231, 9.2258 ], [ 105.231, 9.2146 ], [ 105.2369, 9.2108 ], [ 105.2386, 9.2014 ], [ 105.2515, 9.1985 ], [ 105.2595, 9.1796 ], [ 105.2713, 9.184 ], [ 105.2776, 9.1745 ], [ 105.2785, 9.1637 ], [ 105.2653, 9.1604 ], [ 105.2615, 9.1522 ], [ 105.2606, 9.1434 ], [ 105.2503, 9.1351 ], [ 105.2481, 9.1203 ], [ 105.2452, 9.1137 ], [ 105.2482, 9.1093 ], [ 105.2488, 9.1051 ], [ 105.2438, 9.1028 ], [ 105.2436, 9.1009 ], [ 105.2514, 9.0928 ], [ 105.2607, 9.0954 ], [ 105.2721, 9.0858 ], [ 105.2821, 9.0897 ], [ 105.2965, 9.0905 ], [ 105.3166, 9.0726 ], [ 105.3244, 9.0714 ], [ 105.333, 9.0676 ], [ 105.3401, 9.0729 ], [ 105.3552, 9.0716 ], [ 105.3569, 9.0701 ], [ 105.3549, 9.067 ], [ 105.3552, 9.0643 ], [ 105.3642, 9.0607 ], [ 105.3742, 9.059 ], [ 105.3769, 9.0594 ], [ 105.3821, 9.0646 ], [ 105.391, 9.068 ], [ 105.4086, 9.053 ], [ 105.4094, 9.0441 ], [ 105.4159, 9.0392 ], [ 105.4173, 9.0356 ], [ 105.4153, 9.0237 ], [ 105.4131, 9.0228 ], [ 105.4123, 9.0167 ], [ 105.3946, 8.9944 ], [ 105.3895, 8.9777 ], [ 105.3862, 8.9584 ], [ 105.3795, 8.9391 ], [ 105.3679, 8.9211 ], [ 105.3562, 8.8864 ], [ 105.3445, 8.8611 ], [ 105.3286, 8.8353 ], [ 105.317, 8.8253 ], [ 105.3073, 8.811 ], [ 105.2689, 8.7701 ], [ 105.2542, 8.7631 ], [ 105.2335, 8.7574 ], [ 105.2212, 8.7552 ], [ 105.2165, 8.7567 ], [ 105.2155, 8.7545 ], [ 105.1926, 8.7472 ], [ 105.1798, 8.7404 ], [ 105.1701, 8.7239 ], [ 105.1486, 8.7048 ], [ 105.1332, 8.6791 ], [ 105.1307, 8.6759 ], [ 105.1267, 8.6749 ], [ 105.1282, 8.6608 ], [ 105.117, 8.6466 ], [ 105.1071, 8.6371 ], [ 105.0811, 8.6288 ], [ 105.0714, 8.6235 ], [ 105.0663, 8.626 ], [ 105.0577, 8.6249 ], [ 105.0276, 8.6108 ], [ 105.0182, 8.6083 ], [ 105.0007, 8.5982 ], [ 104.9921, 8.6007 ], [ 104.9818, 8.6 ], [ 104.9744, 8.598 ], [ 104.9653, 8.5907 ], [ 104.9562, 8.5876 ], [ 104.9311, 8.5838 ], [ 104.8873, 8.5732 ], [ 104.8532, 8.5683 ], [ 104.8452, 8.5652 ], [ 104.8315, 8.565 ], [ 104.8231, 8.5674 ], [ 104.8148, 8.575 ], [ 104.801, 8.5807 ], [ 104.7573, 8.5901 ], [ 104.7204, 8.6031 ], [ 104.7151, 8.6112 ], [ 104.7143, 8.6234 ], [ 104.7115, 8.6349 ], [ 104.7156, 8.6435 ], [ 104.7264, 8.649 ], [ 104.7344, 8.6484 ], [ 104.743, 8.6453 ], [ 104.747, 8.6411 ], [ 104.7494, 8.6341 ], [ 104.7546, 8.6376 ], [ 104.7563, 8.6421 ], [ 104.7992, 8.6549 ], [ 104.8032, 8.6556 ], [ 104.8101, 8.6517 ], [ 104.8156, 8.6529 ], [ 104.8039, 8.6611 ], [ 104.7887, 8.6792 ], [ 104.7817, 8.6986 ], [ 104.7883, 8.7145 ], [ 104.7977, 8.7246 ], [ 104.8039, 8.724 ], [ 104.8094, 8.7274 ], [ 104.8083, 8.7287 ], [ 104.8096, 8.7305 ], [ 104.8153, 8.731 ], [ 104.8216, 8.7349 ], [ 104.8221, 8.7373 ], [ 104.8291, 8.7371 ], [ 104.8575, 8.7445 ], [ 104.8691, 8.7509 ], [ 104.8759, 8.7609 ], [ 104.8845, 8.781 ], [ 104.8886, 8.7845 ], [ 104.8958, 8.7861 ], [ 104.9003, 8.797 ], [ 104.9005, 8.803 ], [ 104.8981, 8.808 ], [ 104.8946, 8.8022 ], [ 104.8722, 8.7925 ], [ 104.8235, 8.7754 ], [ 104.809, 8.7734 ], [ 104.8011, 8.7776 ], [ 104.7857, 8.7966 ], [ 104.7794, 8.8113 ], [ 104.7789, 8.8177 ], [ 104.782, 8.8399 ], [ 104.795, 8.8914 ], [ 104.7996, 8.9251 ], [ 104.8022, 8.9831 ], [ 104.8005, 9.0256 ], [ 104.8031, 9.0298 ], [ 104.8142, 9.0323 ], [ 104.8156, 9.0351 ], [ 104.8137, 9.038 ], [ 104.8057, 9.0406 ], [ 104.8018, 9.0465 ], [ 104.8072, 9.1236 ], [ 104.8063, 9.1822 ], [ 104.8123, 9.2066 ], [ 104.8192, 9.263 ], [ 104.8268, 9.4123 ], [ 104.8296, 9.4147 ], [ 104.8281, 9.4167 ], [ 104.828, 9.4211 ], [ 104.8329, 9.5319 ], [ 104.8437, 9.5304 ], [ 104.8551, 9.5165 ], [ 104.8797, 9.4952 ], [ 104.9154, 9.5641 ], [ 104.9171, 9.5606 ] ] ] ] } },
{ "type": "Feature", "properties": { "name": "Can Tho city", "epsg": 5897, "epsg_2025": 5897 }, "geometry": { "type": "Polygon", "coordinates": [ [ [ 105.6601, 10.1486 ], [ 105.7093, 10.1171 ], [ 105.7323, 10.0993 ], [ 105.7511, 10.0901 ], [ 105.7642, 10.0793 ], [ 105.7829, 10.0682 ], [ 105.8047, 10.039 ], [ 105.8233, 10.008 ], [ 105.8429, 9.9837 ], [ 105.8369, 9.9793 ], [ 105.8312, 9.9778 ], [ 105.817, 9.9654 ], [ 105.7761, 9.9588 ], [ 105.7744, 9.9556 ], [ 105.7539, 9.9611 ], [ 105.7351, 9.9714 ], [ 105.7337, 9.9703 ], [ 105.7282, 9.971 ], [ 105.722, 9.9766 ], [ 105.7209, 9.9722 ], [ 105.7091, 9.9585 ], [ 105.7023, 9.9596 ], [ 105.7019, 9.9552 ], [ 105.6928, 9.9563 ], [ 105.6908, 9.954 ], [ 105.6789, 9.9493 ], [ 105.6689, 9.9403 ], [ 105.657, 9.9511 ], [ 105.6709, 9.9639 ], [ 105.6719, 9.9652 ], [ 105.6709, 9.9659 ], [ 105.6577, 9.9674 ], [ 105.6584, 9.9718 ], [ 105.6455, 9.9769 ], [ 105.6441, 9.9666 ], [ 105.6403, 9.9614 ], [ 105.636, 9.9591 ], [ 105.6314, 9.9611 ], [ 105.6274, 9.9559 ], [ 105.6261, 9.9502 ], [ 105.6174, 9.9465 ], [ 105.5824, 9.9841 ], [ 105.5791, 9.9858 ], [ 105.5816, 9.9914 ], [ 105.5726, 9.9953 ], [ 105.5678, 9.985 ], [ 105.561, 9.9878 ], [ 105.5492, 9.9619 ], [ 105.5541, 9.9598 ], [ 105.5484, 9.9534 ], [ 105.5437, 9.9412 ], [ 105.5401, 9.942 ], [ 105.5309, 9.9201 ], [ 105.405, 10.0372 ], [ 105.3626, 10.0744 ], [ 105.355, 10.0834 ], [ 105.3514, 10.1014 ], [ 105.3153, 10.1423 ], [ 105.3089, 10.1355 ], [ 105.3016, 10.1445 ], [ 105.2963, 10.1394 ], [ 105.2756, 10.1603 ], [ 105.224, 10.202 ], [ 105.2511, 10.2393 ], [ 105.259, 10.2469 ], [ 105.2651, 10.2395 ], [ 105.2872, 10.2608 ], [ 105.2855, 10.2636 ], [ 105.2994, 10.2781 ], [ 105.3046, 10.2699 ], [ 105.3105, 10.2753 ], [ 105.3346, 10.2353 ], [ 105.3977, 10.2544 ], [ 105.4397, 10.2707 ], [ 105.4249, 10.3041 ], [ 105.4795, 10.315 ], [ 105.4825, 10.3173 ], [ 105.4852, 10.3246 ], [ 105.493, 10.3279 ], [ 105.5119, 10.3086 ], [ 105.5308, 10.2989 ], [ 105.5548, 10.2811 ], [ 105.5981, 10.2395 ], [ 105.6116, 10.2212 ], [ 105.623, 10.188 ], [ 105.647, 10.1649 ], [ 105.6601, 10.1486 ] ] ] } },
{ "type": "Feature", "properties": { "name": "Cao Bang", "epsg": 9210, "epsg_2025": 9210 }, "geometry": { "type": "Polygon", "coordinates": [ [ [ 106.5647, 22.4258 ], [ 106.5533, 22.4209 ], [ 106.5336, 22.4198 ], [ 106.5273, 22.4142 ], [ 106.531, 22.4091 ], [ 106.5174, 22.3993 ], [ 106.5032, 22.4053 ], [ 106.4893, 22.403 ], [ 106.4885, 22.4006 ], [ 106.4921, 22.3988 ], [ 106.4926, 22.3967 ], [ 106.4838, 22.3937 ], [ 106.4821, 22.3918 ], [ 106.4884, 22.3887 ], [ 106.489, 22.3868 ], [ 106.4867, 22.3837 ], [ 106.4779, 22.3802 ], [ 106.4803, 22.378 ], [ 106.4878, 22.3764 ], [ 106.4857, 22.3701 ], [ 106.463, 22.3608 ], [ 106.4519, 22.3583 ], [ 106.4448, 22.3598 ], [ 106.438, 22.3642 ], [ 106.4341, 22.3648 ], [ 106.4269, 22.3602 ], [ 106.4234, 22.3602 ], [ 106.4123, 22.371 ], [ 106.3948, 22.3746 ], [ 106.3747, 22.3599 ], [ 106.36, 22.358 ], [ 106.3517, 22.3635 ], [ 106.3394, 22.376 ], [ 106.343, 22.3812 ], [ 106.3428, 22.3916 ], [ 106.3313, 22.4033 ], [ 106.3325, 22.4097 ], [ 106.3311, 22.4119 ], [ 106.3274, 22.4138 ], [ 106.3187, 22.4087 ], [ 106.309, 22.412 ], [ 106.2853, 22.4285 ], [ 106.2809, 22.4408 ], [ 106.2722, 22.4496 ], [ 106.24, 22.4609 ], [ 106.2179, 22.4549 ], [ 106.2129, 22.4511 ], [ 106.2091, 22.4429 ], [ 106.1991, 22.4326 ], [ 106.1916, 22.417 ], [ 106.1911, 22.406 ], [ 106.183, 22.3883 ], [ 106.1823, 22.3914 ], [ 106.1778, 22.3928 ], [ 106.1751, 22.3957 ], [ 106.1756, 22.4022 ], [ 106.1685, 22.4086 ], [ 106.1633, 22.4111 ], [ 106.1546, 22.4103 ], [ 106.1382, 22.3956 ], [ 106.1345, 22.396 ], [ 106.1281, 22.4007 ], [ 106.1188, 22.4033 ], [ 106.1072, 22.4002 ], [ 106.1032, 22.4028 ], [ 106.0978, 22.4153 ], [ 106.1007, 22.4261 ], [ 106.1004, 22.4345 ], [ 106.0924, 22.4429 ], [ 106.0922, 22.445 ], [ 106.1007, 22.4523 ], [ 106.1174, 22.4727 ], [ 106.1135, 22.4851 ], [ 106.1173, 22.5002 ], [ 106.1176, 22.5115 ], [ 106.1164, 22.513 ], [ 106.1003, 22.5174 ], [ 106.0979, 22.5197 ], [ 106.0928, 22.5292 ], [ 106.0992, 22.5357 ], [ 106.0921, 22.5358 ], [ 106.0906, 22.5391 ], [ 106.091, 22.5422 ], [ 106.0938, 22.5459 ], [ 106.0933, 22.5479 ], [ 106.0857, 22.5533 ], [ 106.0719, 22.5557 ], [ 106.0741, 22.5637 ], [ 106.0808, 22.5697 ], [ 106.0793, 22.5751 ], [ 106.0696, 22.5736 ], [ 106.0634, 22.5705 ], [ 106.0459, 22.5787 ], [ 106.0405, 22.5674 ], [ 106.0361, 22.5636 ], [ 106.0249, 22.5596 ], [ 106.0192, 22.5617 ], [ 106.0023, 22.5549 ], [ 106.0003, 22.5492 ], [ 105.9848, 22.5446 ], [ 105.9789, 22.5393 ], [ 105.9687, 22.5374 ], [ 105.9636, 22.5295 ], [ 105.955, 22.5249 ], [ 105.9505, 22.5247 ], [ 105.9445, 22.5291 ], [ 105.9312, 22.5291 ], [ 105.9226, 22.5216 ], [ 105.9203, 22.5141 ], [ 105.9121, 22.5001 ], [ 105.9042, 22.4966 ], [ 105.892, 22.5098 ], [ 105.863, 22.5215 ], [ 105.8511, 22.5213 ], [ 105.837, 22.5165 ], [ 105.8329, 22.5173 ], [ 105.8324, 22.5244 ], [ 105.8308, 22.5267 ], [ 105.818, 22.5219 ], [ 105.8025, 22.5246 ], [ 105.7928, 22.5373 ], [ 105.789, 22.5471 ], [ 105.7853, 22.5518 ], [ 105.7826, 22.5523 ], [ 105.7803, 22.5503 ], [ 105.7764, 22.55 ], [ 105.7662, 22.5568 ], [ 105.7688, 22.566 ], [ 105.7769, 22.573 ], [ 105.7771, 22.5751 ], [ 105.7644, 22.5896 ], [ 105.7512, 22.5876 ], [ 105.7433, 22.5955 ], [ 105.7448, 22.5998 ], [ 105.751, 22.6053 ], [ 105.7515, 22.6094 ], [ 105.7373, 22.6295 ], [ 105.7258, 22.6369 ], [ 105.7284, 22.6409 ], [ 105.7387, 22.6449 ], [ 105.7492, 22.666 ], [ 105.7661, 22.68 ], [ 105.7745, 22.6918 ], [ 105.7731, 22.6939 ], [ 105.7596, 22.6979 ], [ 105.7546, 22.7024 ], [ 105.7508, 22.7129 ], [ 105.7572, 22.7214 ], [ 105.7566, 22.7257 ], [ 105.7482, 22.7295 ], [ 105.741, 22.7404 ], [ 105.7379, 22.7417 ], [ 105.7271, 22.7408 ], [ 105.719, 22.7323 ], [ 105.7099, 22.7336 ], [ 105.6988, 22.7208 ], [ 105.6947, 22.7296 ], [ 105.6928, 22.7292 ], [ 105.6889, 22.7196 ], [ 105.683, 22.72 ], [ 105.6712, 22.7255 ], [ 105.6645, 22.7254 ], [ 105.6524, 22.7135 ], [ 105.645, 22.7007 ], [ 105.6195, 22.7004 ], [ 105.6139, 22.6991 ], [ 105.5993, 22.6883 ], [ 105.6001, 22.67 ], [ 105.599, 22.6684 ], [ 105.5932, 22.6675 ], [ 105.5789, 22.669 ], [ 105.5665, 22.6675 ], [ 105.562, 22.6642 ], [ 105.5591, 22.6595 ], [ 105.5464, 22.6575 ], [ 105.5404, 22.6528 ], [ 105.5391, 22.6372 ], [ 105.5354, 22.6346 ], [ 105.5147, 22.6372 ], [ 105.4963, 22.635 ], [ 105.4918, 22.6493 ], [ 105.4948, 22.6606 ], [ 105.4932, 22.6659 ], [ 105.4863, 22.6752 ], [ 105.4953, 22.6926 ], [ 105.5019, 22.6958 ], [ 105.5024, 22.6984 ], [ 105.4978, 22.7043 ], [ 105.4829, 22.7102 ], [ 105.4758, 22.7184 ], [ 105.4742, 22.7259 ], [ 105.4766, 22.7409 ], [ 105.4676, 22.7513 ], [ 105.4677, 22.755 ], [ 105.4493, 22.7594 ], [ 105.442, 22.773 ], [ 105.4224, 22.7786 ], [ 105.4206, 22.7856 ], [ 105.411, 22.7883 ], [ 105.4027, 22.7958 ], [ 105.3963, 22.7964 ], [ 105.39, 22.806 ], [ 105.383, 22.8122 ], [ 105.3786, 22.8136 ], [ 105.37, 22.8132 ], [ 105.3574, 22.8175 ], [ 105.3466, 22.8145 ], [ 105.343, 22.8195 ], [ 105.3415, 22.829 ], [ 105.3258, 22.8346 ], [ 105.3221, 22.8452 ], [ 105.3078, 22.8511 ], [ 105.2992, 22.8564 ], [ 105.28, 22.8569 ], [ 105.2655, 22.8664 ], [ 105.2663, 22.8815 ], [ 105.2943, 22.876 ], [ 105.302, 22.8773 ], [ 105.304, 22.8888 ], [ 105.3037, 22.9059 ], [ 105.306, 22.9132 ], [ 105.3215, 22.9173 ], [ 105.3236, 22.9216 ], [ 105.3305, 22.9278 ], [ 105.3316, 22.9346 ], [ 105.3444, 22.9342 ], [ 105.3546, 22.9369 ], [ 105.3593, 22.9402 ], [ 105.3603, 22.9606 ], [ 105.3626, 22.9675 ], [ 105.3596, 22.9741 ], [ 105.3604, 22.9803 ], [ 105.3735, 22.9907 ], [ 105.3846, 22.9911 ], [ 105.3916, 22.9936 ], [ 105.4113, 22.9963 ], [ 105.4171, 23.0025 ], [ 105.4288, 22.9984 ], [ 105.431, 23.0038 ], [ 105.4402, 23.0049 ], [ 105.4461, 23.0003 ], [ 105.4544, 23.0053 ], [ 105.4651, 23.0084 ], [ 105.4891, 23.0084 ], [ 105.4894, 23.0238 ], [ 105.4927, 23.0349 ], [ 105.4957, 23.0408 ], [ 105.5021, 23.0429 ], [ 105.5066, 23.0612 ], [ 105.5186, 23.0766 ], [ 105.5187, 23.0799 ], [ 105.5159, 23.0853 ], [ 105.53, 23.1125 ], [ 105.5381, 23.1101 ], [ 105.5492, 23.1118 ], [ 105.5557, 23.1187 ], [ 105.5614, 23.1203 ], [ 105.5695, 23.0981 ], [ 105.5689, 23.0951 ], [ 105.5639, 23.0919 ], [ 105.5627, 23.0887 ], [ 105.5668, 23.0769 ], [ 105.576, 23.0701 ], [ 105.5868, 23.0731 ], [ 105.5899, 23.0769 ], [ 105.5961, 23.0778 ], [ 105.6027, 23.0776 ], [ 105.6123, 23.0711 ], [ 105.619, 23.0705 ], [ 105.6242, 23.0732 ], [ 105.629, 23.0805 ], [ 105.6347, 23.0829 ], [ 105.6409, 23.0831 ], [ 105.646, 23.0819 ], [ 105.6509, 23.0759 ], [ 105.6583, 23.0755 ], [ 105.6638, 23.0734 ], [ 105.6747, 23.0651 ], [ 105.6879, 23.0638 ], [ 105.7025, 23.0648 ], [ 105.7102, 23.0632 ], [ 105.7073, 23.0704 ], [ 105.7084, 23.0722 ], [ 105.7141, 23.0657 ], [ 105.7212, 23.0654 ], [ 105.7247, 23.0523 ], [ 105.7301, 23.0473 ], [ 105.7304, 23.0419 ], [ 105.7352, 23.0387 ], [ 105.7408, 23.0407 ], [ 105.7525, 23.0393 ], [ 105.7543, 23.0336 ], [ 105.779, 23.0224 ], [ 105.7885, 23.0059 ], [ 105.8011, 22.995 ], [ 105.8127, 22.9949 ], [ 105.8149, 23.0 ], [ 105.8225, 23.0002 ], [ 105.8228, 22.9972 ], [ 105.8388, 22.9854 ], [ 105.8348, 22.9776 ], [ 105.8391, 22.976 ], [ 105.8476, 22.9858 ], [ 105.8529, 22.9814 ], [ 105.8472, 22.9708 ], [ 105.8519, 22.9657 ], [ 105.8604, 22.9416 ], [ 105.8653, 22.9398 ], [ 105.8769, 22.9223 ], [ 105.8861, 22.9226 ], [ 105.8839, 22.9305 ], [ 105.8876, 22.9432 ], [ 105.8945, 22.9436 ], [ 105.899, 22.9479 ], [ 105.9072, 22.9487 ], [ 105.9164, 22.9563 ], [ 105.9205, 22.9519 ], [ 105.9267, 22.9531 ], [ 105.9288, 22.9495 ], [ 105.9343, 22.946 ], [ 105.9366, 22.9407 ], [ 105.9534, 22.9418 ], [ 105.954, 22.9506 ], [ 105.9557, 22.9519 ], [ 105.9768, 22.9486 ], [ 105.9877, 22.9415 ], [ 106.0004, 22.9416 ], [ 105.9996, 22.9617 ], [ 106.004, 22.9757 ], [ 105.9992, 22.9903 ], [ 105.9998, 22.9932 ], [ 106.0178, 22.9926 ], [ 106.0363, 22.9951 ], [ 106.0408, 22.9911 ], [ 106.0462, 22.9965 ], [ 106.052, 22.9952 ], [ 106.0557, 22.9921 ], [ 106.082, 23.0017 ], [ 106.0846, 23.0004 ], [ 106.0876, 22.9945 ], [ 106.0925, 22.9966 ], [ 106.101, 22.9884 ], [ 106.107, 22.9914 ], [ 106.1184, 22.9889 ], [ 106.1241, 22.9896 ], [ 106.1291, 22.9915 ], [ 106.1297, 22.9952 ], [ 106.1335, 22.9973 ], [ 106.1423, 22.9972 ], [ 106.1528, 22.9923 ], [ 106.1585, 22.9926 ], [ 106.1634, 22.9865 ], [ 106.1715, 22.9847 ], [ 106.1798, 22.9855 ], [ 106.1834, 22.99 ], [ 106.1885, 22.9897 ], [ 106.1924, 22.9925 ], [ 106.1954, 22.9919 ], [ 106.2095, 22.9733 ], [ 106.2156, 22.9711 ], [ 106.2176, 22.9655 ], [ 106.222, 22.9653 ], [ 106.2223, 22.9595 ], [ 106.2331, 22.956 ], [ 106.2357, 22.9536 ], [ 106.234, 22.9517 ], [ 106.2348, 22.9491 ], [ 106.2393, 22.9431 ], [ 106.2446, 22.9412 ], [ 106.247, 22.9279 ], [ 106.2504, 22.9238 ], [ 106.2555, 22.9224 ], [ 106.2592, 22.9185 ], [ 106.2508, 22.9115 ], [ 106.2561, 22.9034 ], [ 106.2668, 22.8993 ], [ 106.2657, 22.8967 ], [ 106.2606, 22.8944 ], [ 106.2609, 22.8896 ], [ 106.2738, 22.8851 ], [ 106.2879, 22.8716 ], [ 106.2899, 22.8766 ], [ 106.2937, 22.8764 ], [ 106.2987, 22.8742 ], [ 106.3093, 22.8651 ], [ 106.3135, 22.8699 ], [ 106.3188, 22.8682 ], [ 106.32, 22.8768 ], [ 106.3222, 22.8792 ], [ 106.3433, 22.8585 ], [ 106.3539, 22.8606 ], [ 106.3604, 22.8666 ], [ 106.3605, 22.873 ], [ 106.3636, 22.8815 ], [ 106.372, 22.8857 ], [ 106.3795, 22.8839 ], [ 106.3825, 22.8855 ], [ 106.3899, 22.8848 ], [ 106.3944, 22.8814 ], [ 106.4, 22.8827 ], [ 106.4023, 22.8814 ], [ 106.4052, 22.8755 ], [ 106.4074, 22.8753 ], [ 106.4143, 22.8782 ], [ 106.4114, 22.8872 ], [ 106.4228, 22.8932 ], [ 106.4313, 22.884 ], [ 106.4414, 22.894 ], [ 106.447, 22.9047 ], [ 106.4528, 22.9045 ], [ 106.4588, 22.8968 ], [ 106.463, 22.8989 ], [ 106.4634, 22.9025 ], [ 106.4725, 22.9112 ], [ 106.4766, 22.9094 ], [ 106.48, 22.9052 ], [ 106.4912, 22.9084 ], [ 106.4967, 22.9068 ], [ 106.502, 22.9155 ], [ 106.4974, 22.9195 ], [ 106.501, 22.9246 ], [ 106.4989, 22.9271 ], [ 106.4972, 22.9345 ], [ 106.4995, 22.936 ], [ 106.5025, 22.9332 ], [ 106.5051, 22.933 ], [ 106.5111, 22.9478 ], [ 106.5238, 22.9494 ], [ 106.5282, 22.942 ], [ 106.5309, 22.9416 ], [ 106.5314, 22.9443 ], [ 106.5399, 22.9433 ], [ 106.5394, 22.9379 ], [ 106.5421, 22.9313 ], [ 106.5499, 22.926 ], [ 106.564, 22.9203 ], [ 106.5701, 22.9255 ], [ 106.5759, 22.9273 ], [ 106.5787, 22.9262 ], [ 106.5852, 22.9331 ], [ 106.5907, 22.9342 ], [ 106.6029, 22.9281 ], [ 106.6069, 22.9207 ], [ 106.6077, 22.9109 ], [ 106.6133, 22.9043 ], [ 106.6235, 22.8991 ], [ 106.6289, 22.8919 ], [ 106.6278, 22.8875 ], [ 106.6354, 22.8879 ], [ 106.6381, 22.8816 ], [ 106.635, 22.8776 ], [ 106.6425, 22.8755 ], [ 106.6461, 22.8688 ], [ 106.6524, 22.8688 ], [ 106.6639, 22.8769 ], [ 106.6653, 22.8847 ], [ 106.6637, 22.8898 ], [ 106.6674, 22.8937 ], [ 106.6772, 22.8879 ], [ 106.6834, 22.8929 ], [ 106.6893, 22.8947 ], [ 106.6966, 22.8901 ], [ 106.7071, 22.8904 ], [ 106.7113, 22.8876 ], [ 106.7165, 22.8758 ], [ 106.7058, 22.8661 ], [ 106.714, 22.8565 ], [ 106.7262, 22.8523 ], [ 106.74, 22.8451 ], [ 106.7518, 22.8349 ], [ 106.7666, 22.8278 ], [ 106.7631, 22.811 ], [ 106.7747, 22.8169 ], [ 106.7776, 22.8172 ], [ 106.7842, 22.8136 ], [ 106.7979, 22.8205 ], [ 106.8086, 22.8216 ], [ 106.8159, 22.8209 ], [ 106.8212, 22.8142 ], [ 106.8349, 22.8047 ], [ 106.8307, 22.7981 ], [ 106.8314, 22.7915 ], [ 106.8217, 22.7886 ], [ 106.8204, 22.7865 ], [ 106.82, 22.7775 ], [ 106.8174, 22.7747 ], [ 106.8003, 22.7663 ], [ 106.7944, 22.771 ], [ 106.7918, 22.7675 ], [ 106.7865, 22.7687 ], [ 106.7913, 22.7623 ], [ 106.7869, 22.7602 ], [ 106.7848, 22.7529 ], [ 106.7777, 22.7522 ], [ 106.7751, 22.7464 ], [ 106.7657, 22.7453 ], [ 106.7639, 22.7435 ], [ 106.7675, 22.7382 ], [ 106.7632, 22.7345 ], [ 106.7667, 22.7291 ], [ 106.7668, 22.7209 ], [ 106.7727, 22.7188 ], [ 106.7714, 22.7148 ], [ 106.7779, 22.7088 ], [ 106.7767, 22.7067 ], [ 106.7513, 22.697 ], [ 106.7517, 22.6923 ], [ 106.7587, 22.686 ], [ 106.7556, 22.6755 ], [ 106.749, 22.6714 ], [ 106.7401, 22.671 ], [ 106.7352, 22.6638 ], [ 106.7373, 22.6583 ], [ 106.7316, 22.6543 ], [ 106.7296, 22.6487 ], [ 106.7302, 22.6419 ], [ 106.7273, 22.6345 ], [ 106.7311, 22.6236 ], [ 106.7277, 22.6176 ], [ 106.7226, 22.6158 ], [ 106.7213, 22.6111 ], [ 106.7275, 22.6054 ], [ 106.7309, 22.5964 ], [ 106.7295, 22.5945 ], [ 106.7045, 22.5775 ], [ 106.6892, 22.5842 ], [ 106.6831, 22.5817 ], [ 106.6746, 22.5851 ], [ 106.6601, 22.5772 ], [ 106.6533, 22.5768 ], [ 106.6458, 22.5785 ], [ 106.6439, 22.5843 ], [ 106.6379, 22.5865 ], [ 106.6351, 22.5914 ], [ 106.6323, 22.5922 ], [ 106.6303, 22.5978 ], [ 106.6319, 22.6026 ], [ 106.6296, 22.6059 ], [ 106.6121, 22.6051 ], [ 106.606, 22.6022 ], [ 106.6026, 22.5974 ], [ 106.6048, 22.5961 ], [ 106.607, 22.5823 ], [ 106.5996, 22.5769 ], [ 106.6019, 22.5636 ], [ 106.5963, 22.5551 ], [ 106.5883, 22.5509 ], [ 106.5872, 22.537 ], [ 106.5791, 22.5201 ], [ 106.5777, 22.5044 ], [ 106.5812, 22.4921 ], [ 106.5828, 22.4767 ], [ 106.5766, 22.4706 ], [ 106.5716, 22.4724 ], [ 106.567, 22.4709 ], [ 106.5581, 22.4514 ], [ 106.5577, 22.4365 ], [ 106.5649, 22.43 ], [ 106.5647, 22.4258 ] ] ] } },
{ "type": "Feature", "properties": { "name": "Dak Lak", "epsg": 9218, "epsg_2025": 9218 }, "geometry": { "type": "Polygon", "coordinates": [ [ [ 108.6784, 12.9973 ], [ 108.6724, 12.9892 ], [ 108.6907, 12.9804 ], [ 108.7041, 12.9655 ], [ 108.7033, 12.957 ], [ 108.7003, 12.9488 ], [ 108.7024, 12.9447 ], [ 108.707, 12.942 ], [ 108.7153, 12.9503 ], [ 108.7198, 12.9528 ], [ 108.7242, 12.953 ], [ 108.7453, 12.9466 ], [ 108.7495, 12.9431 ], [ 108.7768, 12.8984 ], [ 108.7881, 12.8729 ], [ 108.793, 12.8688 ], [ 108.8039, 12.8749 ], [ 108.8116, 12.8769 ], [ 108.8339, 12.863 ], [ 108.8437, 12.8588 ], [ 108.8476, 12.8547 ], [ 108.8469, 12.8426 ], [ 108.8512, 12.8328 ], [ 108.8684, 12.8178 ], [ 108.9079, 12.8121 ], [ 108.9221, 12.8125 ], [ 108.9363, 12.8106 ], [ 108.938, 12.8066 ], [ 108.9652, 12.8173 ], [ 108.9748, 12.7998 ], [ 108.9734, 12.787 ], [ 108.9792, 12.7836 ], [ 108.9845, 12.7836 ], [ 108.9857, 12.782 ], [ 108.9893, 12.7581 ], [ 108.9831, 12.739 ], [ 108.9859, 12.7294 ], [ 108.9921, 12.7196 ], [ 108.9903, 12.707 ], [ 108.9812, 12.6881 ], [ 108.9764, 12.6832 ], [ 108.9681, 12.6862 ], [ 108.9502, 12.6887 ], [ 108.9407, 12.6958 ], [ 108.9169, 12.6806 ], [ 108.9034, 12.6785 ], [ 108.9, 12.6732 ], [ 108.9125, 12.6616 ], [ 108.9115, 12.6473 ], [ 108.9096, 12.6429 ], [ 108.8956, 12.6269 ], [ 108.8883, 12.6251 ], [ 108.881, 12.6275 ], [ 108.8739, 12.6273 ], [ 108.8636, 12.6149 ], [ 108.8603, 12.6057 ], [ 108.8619, 12.5961 ], [ 108.8756, 12.5894 ], [ 108.8849, 12.5807 ], [ 108.8895, 12.5816 ], [ 108.8942, 12.5673 ], [ 108.8943, 12.5621 ], [ 108.8896, 12.5486 ], [ 108.8804, 12.5425 ], [ 108.8721, 12.5306 ], [ 108.8712, 12.5268 ], [ 108.8741, 12.5171 ], [ 108.8732, 12.5134 ], [ 108.8573, 12.4947 ], [ 108.877, 12.4801 ], [ 108.8764, 12.4751 ], [ 108.8683, 12.4549 ], [ 108.8594, 12.4555 ], [ 108.835, 12.4647 ], [ 108.8201, 12.4742 ], [ 108.7882, 12.5011 ], [ 108.7784, 12.5064 ], [ 108.7685, 12.5057 ], [ 108.7505, 12.4988 ], [ 108.7468, 12.486 ], [ 108.7388, 12.4772 ], [ 108.7331, 12.4768 ], [ 108.7145, 12.4849 ], [ 108.703, 12.4769 ], [ 108.6958, 12.4593 ], [ 108.6722, 12.434 ], [ 108.668, 12.4245 ], [ 108.6728, 12.3994 ], [ 108.6767, 12.3934 ], [ 108.6838, 12.3879 ], [ 108.6868, 12.3755 ], [ 108.6856, 12.3681 ], [ 108.6767, 12.3535 ], [ 108.6773, 12.3427 ], [ 108.6832, 12.3252 ], [ 108.6721, 12.3079 ], [ 108.6648, 12.3007 ], [ 108.6539, 12.2953 ], [ 108.6297, 12.2927 ], [ 108.615, 12.2846 ], [ 108.6072, 12.2834 ], [ 108.5954, 12.2787 ], [ 108.5891, 12.2813 ], [ 108.5875, 12.2841 ], [ 108.5888, 12.2875 ], [ 108.5878, 12.2892 ], [ 108.5775, 12.2878 ], [ 108.541, 12.2985 ], [ 108.5362, 12.2934 ], [ 108.5379, 12.2862 ], [ 108.5356, 12.283 ], [ 108.5282, 12.2806 ], [ 108.52, 12.2815 ], [ 108.5086, 12.2787 ], [ 108.4999, 12.2839 ], [ 108.4979, 12.2936 ], [ 108.4904, 12.3061 ], [ 108.4853, 12.3093 ], [ 108.4802, 12.3096 ], [ 108.4782, 12.3078 ], [ 108.4703, 12.2892 ], [ 108.469, 12.2897 ], [ 108.4671, 12.2963 ], [ 108.4634, 12.2965 ], [ 108.4618, 12.2807 ], [ 108.4596, 12.2778 ], [ 108.4569, 12.2757 ], [ 108.4507, 12.2744 ], [ 108.4403, 12.2755 ], [ 108.4371, 12.2514 ], [ 108.4343, 12.2518 ], [ 108.4307, 12.258 ], [ 108.4265, 12.2601 ], [ 108.4196, 12.251 ], [ 108.4015, 12.244 ], [ 108.3849, 12.2434 ], [ 108.3728, 12.2504 ], [ 108.3566, 12.2559 ], [ 108.3334, 12.2485 ], [ 108.3324, 12.2409 ], [ 108.3391, 12.2324 ], [ 108.3383, 12.2292 ], [ 108.3277, 12.2296 ], [ 108.3247, 12.2283 ], [ 108.2991, 12.2094 ], [ 108.2922, 12.2093 ], [ 108.2771, 12.2142 ], [ 108.2652, 12.2076 ], [ 108.2553, 12.1981 ], [ 108.2482, 12.1828 ], [ 108.246, 12.1696 ], [ 108.24, 12.1622 ], [ 108.2368, 12.1641 ], [ 108.2306, 12.1788 ], [ 108.2245, 12.1843 ], [ 108.217, 12.1852 ], [ 108.212, 12.184 ], [ 108.2001, 12.1734 ], [ 108.1866, 12.1744 ], [ 108.1828, 12.176 ], [ 108.1711, 12.1866 ], [ 108.1642, 12.1978 ], [ 108.1603, 12.1975 ], [ 108.1473, 12.1888 ], [ 108.1248, 12.1777 ], [ 108.119, 12.1766 ], [ 108.1114, 12.1853 ], [ 108.111, 12.1944 ], [ 108.1077, 12.2016 ], [ 108.0846, 12.2249 ], [ 108.0832, 12.2431 ], [ 108.0631, 12.2652 ], [ 108.059, 12.2673 ], [ 108.0499, 12.2663 ], [ 108.0475, 12.2681 ], [ 108.0428, 12.2757 ], [ 108.0387, 12.2894 ], [ 108.0199, 12.2905 ], [ 108.018, 12.2915 ], [ 108.0141, 12.3034 ], [ 108.0085, 12.3052 ], [ 107.9934, 12.3053 ], [ 107.9791, 12.2991 ], [ 107.9727, 12.2989 ], [ 107.9713, 12.3097 ], [ 107.9653, 12.3145 ], [ 107.9511, 12.3202 ], [ 107.9413, 12.3371 ], [ 107.9366, 12.3398 ], [ 107.9317, 12.3455 ], [ 107.9298, 12.3495 ], [ 107.9296, 12.3561 ], [ 107.9324, 12.3679 ], [ 107.9304, 12.3744 ], [ 107.9188, 12.3829 ], [ 107.9109, 12.3993 ], [ 107.9109, 12.4033 ], [ 107.9133, 12.4071 ], [ 107.9251, 12.4127 ], [ 107.9199, 12.4278 ], [ 107.9325, 12.4313 ], [ 107.9464, 12.4414 ], [ 107.9543, 12.4424 ], [ 107.9624, 12.4385 ], [ 107.9667, 12.4392 ], [ 107.9771, 12.4453 ], [ 107.9829, 12.4509 ], [ 107.9925, 12.4691 ], [ 107.9977, 12.4739 ], [ 107.9991, 12.4787 ], [ 107.9827, 12.4951 ], [ 107.973, 12.5085 ], [ 107.9475, 12.5258 ], [ 107.9403, 12.5287 ], [ 107.9269, 12.5297 ], [ 107.9083, 12.5271 ], [ 107.8929, 12.5361 ], [ 107.885, 12.5425 ], [ 107.8854, 12.5477 ], [ 107.8933, 12.5549 ], [ 107.8913, 12.5615 ], [ 107.8926, 12.5671 ], [ 107.9113, 12.5786 ], [ 107.9301, 12.583 ], [ 107.932, 12.5858 ], [ 107.9321, 12.5983 ], [ 107.9282, 12.6048 ], [ 107.9271, 12.6169 ], [ 107.9214, 12.6265 ], [ 107.9183, 12.6476 ], [ 107.9156, 12.6488 ], [ 107.907, 12.6471 ], [ 107.9029, 12.6492 ], [ 107.9046, 12.655 ], [ 107.9124, 12.6586 ], [ 107.9114, 12.6648 ], [ 107.9032, 12.6769 ], [ 107.9107, 12.6936 ], [ 107.8946, 12.7119 ], [ 107.8935, 12.7166 ], [ 107.8958, 12.7234 ], [ 107.9064, 12.7319 ], [ 107.9083, 12.7413 ], [ 107.9038, 12.7449 ], [ 107.8715, 12.7526 ], [ 107.8584, 12.7575 ], [ 107.8527, 12.7678 ], [ 107.8514, 12.7785 ], [ 107.8536, 12.785 ], [ 107.8598, 12.7947 ], [ 107.8604, 12.7985 ], [ 107.8482, 12.8129 ], [ 107.8446, 12.8129 ], [ 107.8339, 12.8046 ], [ 107.8273, 12.8021 ], [ 107.8218, 12.8033 ], [ 107.8169, 12.7915 ], [ 107.8039, 12.7826 ], [ 107.7839, 12.7797 ], [ 107.7625, 12.7795 ], [ 107.7474, 12.7813 ], [ 107.698, 12.7898 ], [ 107.6577, 12.7989 ], [ 107.6467, 12.7973 ], [ 107.6253, 12.8032 ], [ 107.5591, 12.7975 ], [ 107.5448, 12.8241 ], [ 107.4995, 12.8754 ], [ 107.494, 12.892 ], [ 107.4945, 12.9156 ], [ 107.492, 12.9259 ], [ 107.4936, 12.9346 ], [ 107.4855, 12.9459 ], [ 107.4835, 12.9515 ], [ 107.4835, 12.957 ], [ 107.5049, 12.9755 ], [ 107.4835, 13.0215 ], [ 107.4889, 13.0383 ], [ 107.6054, 13.3053 ], [ 107.6124, 13.3088 ], [ 107.6147, 13.3127 ], [ 107.6259, 13.3195 ], [ 107.6366, 13.3289 ], [ 107.6392, 13.3295 ], [ 107.6454, 13.3262 ], [ 107.6486, 13.3272 ], [ 107.6478, 13.3421 ], [ 107.6492, 13.3435 ], [ 107.6961, 13.3742 ], [ 107.7128, 13.3754 ], [ 107.723, 13.3684 ], [ 107.7438, 13.3638 ], [ 107.7482, 13.3651 ], [ 107.7518, 13.3712 ], [ 107.7613, 13.3731 ], [ 107.7609, 13.3669 ], [ 107.7632, 13.3659 ], [ 107.7823, 13.3759 ], [ 107.7916, 13.3831 ], [ 107.7979, 13.3819 ], [ 107.7993, 13.3839 ], [ 107.7996, 13.3927 ], [ 107.8188, 13.3954 ], [ 107.8345, 13.3999 ], [ 107.8415, 13.3974 ], [ 107.8478, 13.3924 ], [ 107.8716, 13.3945 ], [ 107.8753, 13.3941 ], [ 107.8835, 13.3888 ], [ 107.9026, 13.3895 ], [ 107.9121, 13.3872 ], [ 107.9268, 13.3784 ], [ 107.9411, 13.3745 ], [ 107.9423, 13.3809 ], [ 107.9458, 13.386 ], [ 107.9502, 13.387 ], [ 107.9588, 13.3813 ], [ 107.9626, 13.3809 ], [ 107.9758, 13.3833 ], [ 107.979, 13.3843 ], [ 107.9786, 13.3909 ], [ 107.9794, 13.3935 ], [ 107.9822, 13.3946 ], [ 107.9946, 13.3921 ], [ 108.0008, 13.3858 ], [ 108.0066, 13.3825 ], [ 108.0089, 13.3829 ], [ 108.0195, 13.3882 ], [ 108.0263, 13.3952 ], [ 108.0437, 13.4029 ], [ 108.0506, 13.4137 ], [ 108.0528, 13.4147 ], [ 108.0658, 13.4117 ], [ 108.0706, 13.4039 ], [ 108.0801, 13.4045 ], [ 108.1077, 13.4137 ], [ 108.1163, 13.4137 ], [ 108.1424, 13.4087 ], [ 108.1667, 13.3981 ], [ 108.1747, 13.3909 ], [ 108.1764, 13.3845 ], [ 108.2221, 13.3723 ], [ 108.2627, 13.3732 ], [ 108.2769, 13.3648 ], [ 108.2855, 13.355 ], [ 108.3347, 13.341 ], [ 108.344, 13.3403 ], [ 108.352, 13.3262 ], [ 108.3671, 13.3061 ], [ 108.3698, 13.2784 ], [ 108.371, 13.2724 ], [ 108.3735, 13.2688 ], [ 108.3856, 13.2588 ], [ 108.4083, 13.2546 ], [ 108.4093, 13.2495 ], [ 108.4189, 13.241 ], [ 108.4204, 13.2373 ], [ 108.4202, 13.2287 ], [ 108.4141, 13.221 ], [ 108.4235, 13.1968 ], [ 108.4379, 13.1788 ], [ 108.4591, 13.1639 ], [ 108.4623, 13.1564 ], [ 108.4639, 13.1491 ], [ 108.46, 13.1359 ], [ 108.4574, 13.1323 ], [ 108.4566, 13.1253 ], [ 108.4599, 13.12 ], [ 108.4832, 13.1133 ], [ 108.4918, 13.0985 ], [ 108.5136, 13.0721 ], [ 108.5157, 13.0637 ], [ 108.5101, 13.0493 ], [ 108.5098, 13.037 ], [ 108.5163, 13.0345 ], [ 108.5317, 13.0343 ], [ 108.5652, 13.0212 ], [ 108.5775, 13.0291 ], [ 108.5903, 13.0307 ], [ 108.6163, 13.0114 ], [ 108.6784, 12.9973 ] ] ] } },
{ "type": "Feature", "properties": { "name": "Dak Nong", "epsg": 9218, "epsg_2025": 5899 }, "geometry": { "type": "Polygon", "coordinates": [ [ [ 108.1114, 12.1853 ], [ 108.1086, 12.1796 ], [ 108.1109, 12.1682 ], [ 108.1105, 12.1469 ], [ 108.1039, 12.1459 ], [ 108.0902, 12.1364 ], [ 108.0856, 12.1364 ], [ 108.0801, 12.1389 ], [ 108.0776, 12.136 ], [ 108.0708, 12.1339 ], [ 108.0435, 12.1404 ], [ 108.0353, 12.1446 ], [ 108.028, 12.1438 ], [ 108.0195, 12.138 ], [ 108.0141, 12.1275 ], [ 108.0108, 12.1252 ], [ 108.0058, 12.1237 ], [ 107.9937, 12.1237 ], [ 107.9862, 12.1207 ], [ 107.9817, 12.1096 ], [ 107.9783, 12.0835 ], [ 107.9606, 12.0673 ], [ 107.9779, 12.0556 ], [ 107.9923, 12.0522 ], [ 108.0055, 12.0537 ], [ 108.0092, 12.0524 ], [ 108.0064, 12.0285 ], [ 108.0102, 12.0246 ], [ 108.0168, 12.0214 ], [ 108.0203, 12.0172 ], [ 108.0222, 12.0139 ], [ 108.0228, 12.0036 ], [ 108.0254, 11.9947 ], [ 108.0294, 11.989 ], [ 108.0374, 11.9849 ], [ 108.0423, 11.9781 ], [ 108.0465, 11.9608 ], [ 108.0455, 11.9515 ], [ 108.0583, 11.944 ], [ 108.0604, 11.9445 ], [ 108.0632, 11.9495 ], [ 108.0656, 11.9493 ], [ 108.0749, 11.9361 ], [ 108.0812, 11.9238 ], [ 108.0825, 11.9131 ], [ 108.1037, 11.9072 ], [ 108.109, 11.9031 ], [ 108.1083, 11.8976 ], [ 108.1042, 11.8906 ], [ 108.0648, 11.8351 ], [ 108.0588, 11.8392 ], [ 108.0555, 11.8392 ], [ 108.0233, 11.8194 ], [ 108.0201, 11.811 ], [ 108.0171, 11.8088 ], [ 108.0032, 11.8083 ], [ 107.984, 11.8008 ], [ 107.9757, 11.7913 ], [ 107.9721, 11.7913 ], [ 107.9716, 11.7969 ], [ 107.9566, 11.8116 ], [ 107.956, 11.8191 ], [ 107.9459, 11.8242 ], [ 107.9399, 11.822 ], [ 107.9378, 11.8191 ], [ 107.9368, 11.8124 ], [ 107.9261, 11.8077 ], [ 107.9232, 11.7989 ], [ 107.9191, 11.7979 ], [ 107.9051, 11.8037 ], [ 107.8974, 11.8089 ], [ 107.8871, 11.8222 ], [ 107.8888, 11.8449 ], [ 107.8991, 11.8502 ], [ 107.8958, 11.8683 ], [ 107.8926, 11.8714 ], [ 107.8818, 11.8748 ], [ 107.8602, 11.8739 ], [ 107.8407, 11.8699 ], [ 107.8384, 11.8706 ], [ 107.8353, 11.8776 ], [ 107.8285, 11.878 ], [ 107.8241, 11.8749 ], [ 107.8208, 11.8642 ], [ 107.8035, 11.861 ], [ 107.7887, 11.8613 ], [ 107.7704, 11.85 ], [ 107.7639, 11.857 ], [ 107.7356, 11.8739 ], [ 107.7319, 11.8743 ], [ 107.7283, 11.8708 ], [ 107.7246, 11.8712 ], [ 107.7236, 11.8765 ], [ 107.7305, 11.8816 ], [ 107.7246, 11.8904 ], [ 107.7209, 11.8997 ], [ 107.7221, 11.9015 ], [ 107.7291, 11.9007 ], [ 107.7312, 11.9021 ], [ 107.7315, 11.9071 ], [ 107.7253, 11.9169 ], [ 107.7067, 11.9233 ], [ 107.7037, 11.922 ], [ 107.7002, 11.9171 ], [ 107.6877, 11.9208 ], [ 107.6716, 11.9144 ], [ 107.6698, 11.8961 ], [ 107.676, 11.8913 ], [ 107.6738, 11.8877 ], [ 107.6693, 11.8865 ], [ 107.6603, 11.8874 ], [ 107.6549, 11.8786 ], [ 107.6273, 11.8662 ], [ 107.6242, 11.8614 ], [ 107.6246, 11.8566 ], [ 107.6166, 11.8398 ], [ 107.6119, 11.8389 ], [ 107.6091, 11.8406 ], [ 107.6049, 11.8403 ], [ 107.5898, 11.8271 ], [ 107.5747, 11.8207 ], [ 107.5614, 11.8081 ], [ 107.5496, 11.792 ], [ 107.5422, 11.7907 ], [ 107.5353, 11.7981 ], [ 107.5259, 11.8005 ], [ 107.4924, 11.7983 ], [ 107.4832, 11.7956 ], [ 107.4762, 11.7884 ], [ 107.4761, 11.7796 ], [ 107.4728, 11.7733 ], [ 107.4632, 11.7629 ], [ 107.4535, 11.7586 ], [ 107.4479, 11.759 ], [ 107.4311, 11.767 ], [ 107.4172, 11.7514 ], [ 107.4143, 11.7502 ], [ 107.4019, 11.7568 ], [ 107.3953, 11.7666 ], [ 107.3889, 11.7678 ], [ 107.396, 11.777 ], [ 107.3954, 11.7846 ], [ 107.3924, 11.7923 ], [ 107.3937, 11.8005 ], [ 107.4047, 11.8041 ], [ 107.4074, 11.807 ], [ 107.4034, 11.8135 ], [ 107.4034, 11.819 ], [ 107.4124, 11.8308 ], [ 107.4254, 11.8618 ], [ 107.4192, 11.8653 ], [ 107.4088, 11.8667 ], [ 107.4044, 11.8692 ], [ 107.4022, 11.8815 ], [ 107.3843, 11.9158 ], [ 107.372, 11.9293 ], [ 107.3655, 11.934 ], [ 107.3579, 11.9355 ], [ 107.3512, 11.9404 ], [ 107.3529, 11.9419 ], [ 107.3545, 11.9526 ], [ 107.3501, 11.9563 ], [ 107.3495, 11.9693 ], [ 107.3433, 11.9743 ], [ 107.3348, 11.9931 ], [ 107.3151, 12.0082 ], [ 107.3129, 12.0092 ], [ 107.3092, 12.0068 ], [ 107.3064, 12.007 ], [ 107.2937, 12.0109 ], [ 107.2938, 12.017 ], [ 107.2913, 12.0213 ], [ 107.286, 12.0209 ], [ 107.2773, 12.0146 ], [ 107.2716, 12.0149 ], [ 107.2475, 12.0226 ], [ 107.2413, 12.0273 ], [ 107.2436, 12.0359 ], [ 107.2405, 12.0398 ], [ 107.2367, 12.0395 ], [ 107.2312, 12.0294 ], [ 107.2282, 12.0296 ], [ 107.2304, 12.0633 ], [ 107.2279, 12.0889 ], [ 107.2314, 12.092 ], [ 107.23, 12.0981 ], [ 107.2392, 12.1154 ], [ 107.2267, 12.117 ], [ 107.2222, 12.1286 ], [ 107.2266, 12.1349 ], [ 107.2261, 12.1577 ], [ 107.2073, 12.2809 ], [ 107.2029, 12.2988 ], [ 107.2105, 12.2993 ], [ 107.2209, 12.2962 ], [ 107.2289, 12.2973 ], [ 107.2591, 12.3159 ], [ 107.2686, 12.326 ], [ 107.2788, 12.3237 ], [ 107.2829, 12.3243 ], [ 107.2896, 12.3293 ], [ 107.3057, 12.3335 ], [ 107.3087, 12.3316 ], [ 107.3106, 12.3246 ], [ 107.3125, 12.3231 ], [ 107.3365, 12.3285 ], [ 107.3463, 12.3289 ], [ 107.369, 12.3112 ], [ 107.3752, 12.304 ], [ 107.3823, 12.2876 ], [ 107.3837, 12.2805 ], [ 107.3881, 12.2723 ], [ 107.3976, 12.2618 ], [ 107.41, 12.2542 ], [ 107.4162, 12.248 ], [ 107.423, 12.252 ], [ 107.435, 12.2547 ], [ 107.4396, 12.2632 ], [ 107.4417, 12.2888 ], [ 107.4444, 12.2913 ], [ 107.4626, 12.2981 ], [ 107.4683, 12.3032 ], [ 107.4697, 12.3121 ], [ 107.5047, 12.3273 ], [ 107.5169, 12.3387 ], [ 107.5432, 12.3539 ], [ 107.5457, 12.3617 ], [ 107.5448, 12.37 ], [ 107.5461, 12.374 ], [ 107.5524, 12.3805 ], [ 107.5461, 12.4041 ], [ 107.5459, 12.4164 ], [ 107.5642, 12.452 ], [ 107.5643, 12.4733 ], [ 107.5742, 12.479 ], [ 107.5758, 12.4824 ], [ 107.5779, 12.4931 ], [ 107.5685, 12.5064 ], [ 107.5639, 12.5199 ], [ 107.5643, 12.5277 ], [ 107.5784, 12.5482 ], [ 107.5872, 12.5566 ], [ 107.5878, 12.5589 ], [ 107.579, 12.5755 ], [ 107.5786, 12.5847 ], [ 107.5819, 12.6042 ], [ 107.581, 12.6117 ], [ 107.5705, 12.632 ], [ 107.5674, 12.6464 ], [ 107.5689, 12.6642 ], [ 107.5744, 12.6827 ], [ 107.5726, 12.6916 ], [ 107.5608, 12.7053 ], [ 107.5578, 12.7137 ], [ 107.5655, 12.7287 ], [ 107.5657, 12.7321 ], [ 107.5602, 12.742 ], [ 107.559, 12.7481 ], [ 107.558, 12.7608 ], [ 107.5608, 12.792 ], [ 107.5591, 12.7975 ], [ 107.6253, 12.8032 ], [ 107.6467, 12.7973 ], [ 107.6577, 12.7989 ], [ 107.698, 12.7898 ], [ 107.7474, 12.7813 ], [ 107.7625, 12.7795 ], [ 107.7839, 12.7797 ], [ 107.8039, 12.7826 ], [ 107.8169, 12.7915 ], [ 107.8218, 12.8033 ], [ 107.8273, 12.8021 ], [ 107.8339, 12.8046 ], [ 107.8446, 12.8129 ], [ 107.8482, 12.8129 ], [ 107.8604, 12.7985 ], [ 107.8598, 12.7947 ], [ 107.8536, 12.785 ], [ 107.8514, 12.7785 ], [ 107.8527, 12.7678 ], [ 107.8584, 12.7575 ], [ 107.8715, 12.7526 ], [ 107.9038, 12.7449 ], [ 107.9083, 12.7413 ], [ 107.9064, 12.7319 ], [ 107.8958, 12.7234 ], [ 107.8935, 12.7166 ], [ 107.8946, 12.7119 ], [ 107.9107, 12.6936 ], [ 107.9032, 12.6769 ], [ 107.9114, 12.6648 ], [ 107.9124, 12.6586 ], [ 107.9046, 12.655 ], [ 107.9029, 12.6492 ], [ 107.907, 12.6471 ], [ 107.9156, 12.6488 ], [ 107.9183, 12.6476 ], [ 107.9214, 12.6265 ], [ 107.9271, 12.6169 ], [ 107.9282, 12.6048 ], [ 107.9321, 12.5983 ], [ 107.932, 12.5858 ], [ 107.9301, 12.583 ], [ 107.9113, 12.5786 ], [ 107.8926, 12.5671 ], [ 107.8913, 12.5615 ], [ 107.8933, 12.5549 ], [ 107.8854, 12.5477 ], [ 107.885, 12.5425 ], [ 107.8929, 12.5361 ], [ 107.9083, 12.5271 ], [ 107.9269, 12.5297 ], [ 107.9403, 12.5287 ], [ 107.9475, 12.5258 ], [ 107.973, 12.5085 ], [ 107.9827, 12.4951 ], [ 107.9991, 12.4787 ], [ 107.9977, 12.4739 ], [ 107.9925, 12.4691 ], [ 107.9829, 12.4509 ], [ 107.9771, 12.4453 ], [ 107.9667, 12.4392 ], [ 107.9624, 12.4385 ], [ 107.9543, 12.4424 ], [ 107.9464, 12.4414 ], [ 107.9325, 12.4313 ], [ 107.9199, 12.4278 ], [ 107.9251, 12.4127 ], [ 107.9133, 12.4071 ], [ 107.9109, 12.4033 ], [ 107.9109, 12.3993 ], [ 107.9188, 12.3829 ], [ 107.9304, 12.3744 ], [ 107.9324, 12.3679 ], [ 107.9296, 12.3561 ], [ 107.9298, 12.3495 ], [ 107.9333, 12.3428 ], [ 107.9413, 12.3371 ], [ 107.9511, 12.3202 ], [ 107.9653, 12.3145 ], [ 107.9713, 12.3097 ], [ 107.9727, 12.2989 ], [ 107.9791, 12.2991 ], [ 107.9934, 12.3053 ], [ 108.0085, 12.3052 ], [ 108.0141, 12.3034 ], [ 108.018, 12.2915 ], [ 108.0199, 12.2905 ], [ 108.0387, 12.2894 ], [ 108.0428, 12.2757 ], [ 108.0475, 12.2681 ], [ 108.0499, 12.2663 ], [ 108.059, 12.2673 ], [ 108.0631, 12.2652 ], [ 108.0832, 12.2431 ], [ 108.0846, 12.2249 ], [ 108.1077, 12.2016 ], [ 108.111, 12.1944 ], [ 108.1114, 12.1853 ] ] ] } },
{ "type": "Feature", "properties": { "name": "Dien Bien", "epsg": 9205, "epsg_2025": 9205 }, "geometry": { "type": "Polygon", "coordinates": [ [ [ 103.4881, 21.9764 ], [ 103.5009, 21.9672 ], [ 103.5039, 21.9561 ], [ 103.4982, 21.9528 ], [ 103.4822, 21.9383 ], [ 103.4784, 21.9126 ], [ 103.4853, 21.9058 ], [ 103.4847, 21.8964 ], [ 103.4925, 21.8767 ], [ 103.4955, 21.8751 ], [ 103.5054, 21.8744 ], [ 103.5104, 21.8675 ], [ 103.5202, 21.8633 ], [ 103.5215, 21.8555 ], [ 103.5274, 21.8455 ], [ 103.5279, 21.8418 ], [ 103.526, 21.8362 ], [ 103.5386, 21.8286 ], [ 103.54, 21.8221 ], [ 103.5353, 21.8152 ], [ 103.5456, 21.7989 ], [ 103.5397, 21.7835 ], [ 103.5391, 21.7782 ], [ 103.5419, 21.7741 ], [ 103.5552, 21.7645 ], [ 103.5585, 21.7579 ], [ 103.5597, 21.7511 ], [ 103.5705, 21.7413 ], [ 103.5702, 21.7376 ], [ 103.5749, 21.7259 ], [ 103.5844, 21.7089 ], [ 103.5831, 21.7055 ], [ 103.5841, 21.7029 ], [ 103.5961, 21.6832 ], [ 103.5946, 21.6783 ], [ 103.5917, 21.6758 ], [ 103.5815, 21.6865 ], [ 103.5713, 21.6822 ], [ 103.5664, 21.6782 ], [ 103.5646, 21.6727 ], [ 103.5595, 21.6691 ], [ 103.5551, 21.656 ], [ 103.5521, 21.6531 ], [ 103.5456, 21.6519 ], [ 103.5407, 21.6485 ], [ 103.5406, 21.644 ], [ 103.5488, 21.639 ], [ 103.5488, 21.6343 ], [ 103.5567, 21.6303 ], [ 103.5571, 21.6249 ], [ 103.5521, 21.6141 ], [ 103.5469, 21.609 ], [ 103.5461, 21.6042 ], [ 103.5379, 21.602 ], [ 103.5348, 21.593 ], [ 103.5272, 21.5856 ], [ 103.5302, 21.5804 ], [ 103.5288, 21.5657 ], [ 103.5214, 21.5677 ], [ 103.5178, 21.5651 ], [ 103.5173, 21.5556 ], [ 103.5199, 21.5451 ], [ 103.5148, 21.5344 ], [ 103.504, 21.5352 ], [ 103.4956, 21.533 ], [ 103.489, 21.5297 ], [ 103.484, 21.5234 ], [ 103.4797, 21.5212 ], [ 103.4708, 21.5203 ], [ 103.4643, 21.517 ], [ 103.4577, 21.5121 ], [ 103.4498, 21.5026 ], [ 103.4485, 21.4902 ], [ 103.454, 21.4626 ], [ 103.4531, 21.4571 ], [ 103.4463, 21.4442 ], [ 103.4477, 21.4379 ], [ 103.44, 21.4322 ], [ 103.415, 21.4275 ], [ 103.4096, 21.4274 ], [ 103.4082, 21.4298 ], [ 103.3895, 21.4371 ], [ 103.3547, 21.4264 ], [ 103.3405, 21.425 ], [ 103.3351, 21.4216 ], [ 103.3345, 21.4097 ], [ 103.3371, 21.4024 ], [ 103.3555, 21.3906 ], [ 103.3601, 21.3796 ], [ 103.365, 21.3741 ], [ 103.3812, 21.3712 ], [ 103.3853, 21.3679 ], [ 103.3854, 21.3624 ], [ 103.3793, 21.3515 ], [ 103.369, 21.3391 ], [ 103.3679, 21.3347 ], [ 103.3708, 21.331 ], [ 103.3767, 21.3293 ], [ 103.3963, 21.3179 ], [ 103.4128, 21.3215 ], [ 103.426, 21.3137 ], [ 103.4373, 21.2869 ], [ 103.4383, 21.2785 ], [ 103.435, 21.2662 ], [ 103.4293, 21.2557 ], [ 103.4295, 21.2483 ], [ 103.4324, 21.2414 ], [ 103.4303, 21.2147 ], [ 103.435, 21.1974 ], [ 103.4328, 21.1737 ], [ 103.4306, 21.1674 ], [ 103.4225, 21.1609 ], [ 103.4169, 21.1623 ], [ 103.4137, 21.1652 ], [ 103.4074, 21.1647 ], [ 103.3955, 21.1515 ], [ 103.3997, 21.1412 ], [ 103.4037, 21.1239 ], [ 103.4039, 21.1125 ], [ 103.4201, 21.0784 ], [ 103.4222, 21.0707 ], [ 103.4207, 21.0681 ], [ 103.4157, 21.0658 ], [ 103.3791, 21.0624 ], [ 103.3735, 21.0671 ], [ 103.3532, 21.0763 ], [ 103.3439, 21.0853 ], [ 103.3284, 21.0924 ], [ 103.3121, 21.0969 ], [ 103.2892, 21.0979 ], [ 103.2862, 21.0945 ], [ 103.2965, 21.0733 ], [ 103.3018, 21.0671 ], [ 103.3019, 21.0634 ], [ 103.3007, 21.0619 ], [ 103.2948, 21.0621 ], [ 103.2869, 21.0631 ], [ 103.2809, 21.0659 ], [ 103.2747, 21.0648 ], [ 103.2726, 21.0537 ], [ 103.2742, 21.0456 ], [ 103.2798, 21.0393 ], [ 103.285, 21.0275 ], [ 103.2904, 21.0229 ], [ 103.2904, 21.0187 ], [ 103.2854, 21.0102 ], [ 103.2834, 21.0032 ], [ 103.2848, 20.998 ], [ 103.288, 20.9961 ], [ 103.2936, 20.9826 ], [ 103.2959, 20.9505 ], [ 103.2932, 20.9478 ], [ 103.2818, 20.9479 ], [ 103.2757, 20.9419 ], [ 103.2727, 20.9348 ], [ 103.2728, 20.93 ], [ 103.2846, 20.9129 ], [ 103.2859, 20.9081 ], [ 103.2755, 20.9016 ], [ 103.2676, 20.9025 ], [ 103.259, 20.9005 ], [ 103.2496, 20.8958 ], [ 103.2142, 20.8954 ], [ 103.2137, 20.8984 ], [ 103.2101, 20.9019 ], [ 103.1945, 20.906 ], [ 103.1876, 20.9031 ], [ 103.1702, 20.9146 ], [ 103.1656, 20.9155 ], [ 103.1575, 20.907 ], [ 103.1514, 20.9056 ], [ 103.1318, 20.9092 ], [ 103.1235, 20.909 ], [ 103.1182, 20.8988 ], [ 103.1142, 20.897 ], [ 103.1082, 20.9024 ], [ 103.1089, 20.9157 ], [ 103.1029, 20.9224 ], [ 103.104, 20.9297 ], [ 103.102, 20.9349 ], [ 103.099, 20.9371 ], [ 103.0924, 20.9352 ], [ 103.0845, 20.9416 ], [ 103.0819, 20.948 ], [ 103.0828, 20.9649 ], [ 103.0813, 20.9702 ], [ 103.07, 20.983 ], [ 103.0675, 20.9877 ], [ 103.0674, 20.9922 ], [ 103.0558, 21.0055 ], [ 103.0557, 21.011 ], [ 103.0531, 21.0173 ], [ 103.0486, 21.0262 ], [ 103.0406, 21.0356 ], [ 103.0331, 21.0555 ], [ 103.0306, 21.0587 ], [ 103.0231, 21.0596 ], [ 103.0139, 21.0644 ], [ 103.0096, 21.0648 ], [ 102.9998, 21.0608 ], [ 102.9925, 21.0639 ], [ 102.9858, 21.0645 ], [ 102.9798, 21.0676 ], [ 102.9693, 21.0689 ], [ 102.9589, 21.0807 ], [ 102.9588, 21.085 ], [ 102.9661, 21.0917 ], [ 102.9659, 21.098 ], [ 102.958, 21.1136 ], [ 102.9525, 21.1193 ], [ 102.9398, 21.1255 ], [ 102.9376, 21.128 ], [ 102.9375, 21.13 ], [ 102.9461, 21.1402 ], [ 102.9455, 21.1432 ], [ 102.9308, 21.1615 ], [ 102.9254, 21.1626 ], [ 102.9194, 21.157 ], [ 102.9155, 21.1617 ], [ 102.9034, 21.1664 ], [ 102.9016, 21.1706 ], [ 102.9026, 21.1764 ], [ 102.9065, 21.1798 ], [ 102.9069, 21.1828 ], [ 102.9025, 21.1877 ], [ 102.9027, 21.193 ], [ 102.9082, 21.2057 ], [ 102.9072, 21.2135 ], [ 102.9086, 21.2306 ], [ 102.9008, 21.2332 ], [ 102.8908, 21.2478 ], [ 102.8626, 21.2571 ], [ 102.8485, 21.2548 ], [ 102.8382, 21.2481 ], [ 102.819, 21.2472 ], [ 102.8182, 21.2524 ], [ 102.8057, 21.2645 ], [ 102.8077, 21.2682 ], [ 102.8367, 21.2852 ], [ 102.8413, 21.293 ], [ 102.8449, 21.2912 ], [ 102.8473, 21.2925 ], [ 102.8493, 21.2978 ], [ 102.8529, 21.3004 ], [ 102.8727, 21.3026 ], [ 102.8813, 21.3016 ], [ 102.8959, 21.3067 ], [ 102.8973, 21.3167 ], [ 102.888, 21.3331 ], [ 102.895, 21.3619 ], [ 102.8944, 21.3842 ], [ 102.897, 21.3888 ], [ 102.903, 21.393 ], [ 102.9137, 21.4048 ], [ 102.9272, 21.4438 ], [ 102.9408, 21.4569 ], [ 102.9386, 21.4598 ], [ 102.9351, 21.4598 ], [ 102.9207, 21.4564 ], [ 102.9116, 21.4449 ], [ 102.9115, 21.4391 ], [ 102.9036, 21.4339 ], [ 102.9007, 21.4331 ], [ 102.8957, 21.436 ], [ 102.8931, 21.4352 ], [ 102.885, 21.4275 ], [ 102.8711, 21.4254 ], [ 102.8688, 21.4284 ], [ 102.8694, 21.4311 ], [ 102.8763, 21.4383 ], [ 102.8762, 21.4463 ], [ 102.8873, 21.4547 ], [ 102.8922, 21.4617 ], [ 102.885, 21.4774 ], [ 102.9008, 21.4781 ], [ 102.9045, 21.4797 ], [ 102.9117, 21.4929 ], [ 102.912, 21.5009 ], [ 102.9138, 21.5049 ], [ 102.9194, 21.5103 ], [ 102.9354, 21.5207 ], [ 102.9462, 21.5348 ], [ 102.9588, 21.5469 ], [ 102.9588, 21.5499 ], [ 102.9563, 21.5534 ], [ 102.9641, 21.5616 ], [ 102.9667, 21.5667 ], [ 102.9756, 21.5724 ], [ 102.9836, 21.5837 ], [ 102.9897, 21.5864 ], [ 102.9909, 21.5908 ], [ 102.9894, 21.6033 ], [ 102.9842, 21.6081 ], [ 102.9826, 21.6122 ], [ 102.9837, 21.6222 ], [ 102.9807, 21.6366 ], [ 102.9848, 21.6377 ], [ 102.9848, 21.6441 ], [ 102.9779, 21.6522 ], [ 102.9883, 21.6854 ], [ 102.9782, 21.6912 ], [ 102.9775, 21.6965 ], [ 102.9877, 21.709 ], [ 102.9865, 21.7238 ], [ 102.9724, 21.7378 ], [ 102.9725, 21.7451 ], [ 102.9703, 21.7475 ], [ 102.9663, 21.7477 ], [ 102.9546, 21.7323 ], [ 102.9506, 21.7292 ], [ 102.9381, 21.7262 ], [ 102.9236, 21.7259 ], [ 102.8868, 21.7137 ], [ 102.8834, 21.7116 ], [ 102.8795, 21.7058 ], [ 102.875, 21.7054 ], [ 102.8639, 21.7165 ], [ 102.8552, 21.7225 ], [ 102.8563, 21.7319 ], [ 102.8522, 21.7415 ], [ 102.858, 21.757 ], [ 102.8584, 21.764 ], [ 102.8577, 21.7675 ], [ 102.8547, 21.769 ], [ 102.8541, 21.772 ], [ 102.8561, 21.7773 ], [ 102.8566, 21.7913 ], [ 102.8566, 21.7996 ], [ 102.8537, 21.8098 ], [ 102.8555, 21.8204 ], [ 102.8496, 21.8394 ], [ 102.8469, 21.8423 ], [ 102.8353, 21.842 ], [ 102.823, 21.8397 ], [ 102.8192, 21.8376 ], [ 102.809, 21.8236 ], [ 102.8083, 21.8188 ], [ 102.8172, 21.8028 ], [ 102.8177, 21.7973 ], [ 102.8141, 21.7913 ], [ 102.8143, 21.7858 ], [ 102.8178, 21.7788 ], [ 102.8228, 21.7351 ], [ 102.8115, 21.7309 ], [ 102.8083, 21.7199 ], [ 102.8018, 21.7171 ], [ 102.7966, 21.7082 ], [ 102.7934, 21.7067 ], [ 102.7854, 21.7082 ], [ 102.7808, 21.7047 ], [ 102.7675, 21.6886 ], [ 102.7613, 21.6773 ], [ 102.7581, 21.6752 ], [ 102.7534, 21.6747 ], [ 102.7493, 21.6678 ], [ 102.7447, 21.6637 ], [ 102.7347, 21.6607 ], [ 102.7266, 21.6649 ], [ 102.6992, 21.6629 ], [ 102.6905, 21.6637 ], [ 102.682, 21.6568 ], [ 102.678, 21.656 ], [ 102.6747, 21.6576 ], [ 102.6628, 21.6827 ], [ 102.6626, 21.6915 ], [ 102.6586, 21.7066 ], [ 102.646, 21.7347 ], [ 102.6524, 21.772 ], [ 102.6593, 21.7867 ], [ 102.659, 21.7954 ], [ 102.6463, 21.8087 ], [ 102.6452, 21.8117 ], [ 102.6481, 21.8229 ], [ 102.6449, 21.8346 ], [ 102.6407, 21.843 ], [ 102.6431, 21.8596 ], [ 102.6358, 21.8611 ], [ 102.6131, 21.8731 ], [ 102.6094, 21.877 ], [ 102.6096, 21.8821 ], [ 102.6147, 21.8917 ], [ 102.6162, 21.9012 ], [ 102.6157, 21.9054 ], [ 102.609, 21.9196 ], [ 102.5964, 21.9275 ], [ 102.5884, 21.9285 ], [ 102.5623, 21.9407 ], [ 102.5538, 21.948 ], [ 102.5383, 21.9574 ], [ 102.5269, 21.9638 ], [ 102.5105, 21.9695 ], [ 102.5053, 21.9741 ], [ 102.4869, 21.9949 ], [ 102.4861, 22.0077 ], [ 102.4904, 22.0151 ], [ 102.4999, 22.0145 ], [ 102.5062, 22.016 ], [ 102.5174, 22.0231 ], [ 102.5194, 22.0252 ], [ 102.5177, 22.0297 ], [ 102.5075, 22.0373 ], [ 102.4935, 22.0358 ], [ 102.4899, 22.0401 ], [ 102.4818, 22.0439 ], [ 102.4699, 22.063 ], [ 102.4586, 22.0662 ], [ 102.4572, 22.0697 ], [ 102.4515, 22.0731 ], [ 102.4398, 22.075 ], [ 102.4387, 22.0783 ], [ 102.4426, 22.0804 ], [ 102.4433, 22.0833 ], [ 102.4412, 22.0876 ], [ 102.4361, 22.0923 ], [ 102.4389, 22.1025 ], [ 102.4322, 22.1136 ], [ 102.4328, 22.1178 ], [ 102.4204, 22.117 ], [ 102.4017, 22.126 ], [ 102.3875, 22.128 ], [ 102.3828, 22.1301 ], [ 102.3823, 22.147 ], [ 102.3804, 22.1513 ], [ 102.3563, 22.1683 ], [ 102.3456, 22.1642 ], [ 102.3333, 22.1673 ], [ 102.3328, 22.1874 ], [ 102.3203, 22.2031 ], [ 102.313, 22.2074 ], [ 102.3129, 22.2122 ], [ 102.3075, 22.2105 ], [ 102.3067, 22.205 ], [ 102.3027, 22.2028 ], [ 102.2988, 22.203 ], [ 102.2956, 22.2064 ], [ 102.2824, 22.2088 ], [ 102.2772, 22.2057 ], [ 102.2751, 22.2135 ], [ 102.2763, 22.2211 ], [ 102.2721, 22.2255 ], [ 102.2695, 22.2259 ], [ 102.2716, 22.2356 ], [ 102.2707, 22.2374 ], [ 102.2667, 22.2388 ], [ 102.2589, 22.2347 ], [ 102.2387, 22.24 ], [ 102.2362, 22.2491 ], [ 102.2406, 22.2553 ], [ 102.2372, 22.2611 ], [ 102.2305, 22.2657 ], [ 102.2288, 22.2752 ], [ 102.232, 22.2783 ], [ 102.232, 22.2841 ], [ 102.226, 22.2865 ], [ 102.2097, 22.2886 ], [ 102.1896, 22.3022 ], [ 102.1754, 22.3062 ], [ 102.1755, 22.3158 ], [ 102.1792, 22.3238 ], [ 102.1934, 22.3376 ], [ 102.1894, 22.3407 ], [ 102.183, 22.3422 ], [ 102.1765, 22.3396 ], [ 102.1664, 22.35 ], [ 102.1617, 22.3622 ], [ 102.1686, 22.3725 ], [ 102.1661, 22.3766 ], [ 102.1607, 22.3791 ], [ 102.1566, 22.3854 ], [ 102.1462, 22.3913 ], [ 102.1464, 22.3973 ], [ 102.1421, 22.4018 ], [ 102.1521, 22.4171 ], [ 102.1517, 22.4259 ], [ 102.1573, 22.431 ], [ 102.1678, 22.431 ], [ 102.1844, 22.4366 ], [ 102.2036, 22.4281 ], [ 102.2124, 22.4294 ], [ 102.2218, 22.4261 ], [ 102.2364, 22.4295 ], [ 102.2445, 22.4213 ], [ 102.2551, 22.416 ], [ 102.261, 22.416 ], [ 102.2661, 22.4228 ], [ 102.266, 22.4303 ], [ 102.2562, 22.4484 ], [ 102.2469, 22.4582 ], [ 102.2467, 22.4618 ], [ 102.2604, 22.4692 ], [ 102.2632, 22.479 ], [ 102.2749, 22.4804 ], [ 102.2757, 22.4833 ], [ 102.2734, 22.4916 ], [ 102.2776, 22.502 ], [ 102.2865, 22.5065 ], [ 102.2994, 22.5341 ], [ 102.3193, 22.5493 ], [ 102.328, 22.5356 ], [ 102.3378, 22.5277 ], [ 102.3359, 22.5224 ], [ 102.3423, 22.5103 ], [ 102.347, 22.4923 ], [ 102.3565, 22.4907 ], [ 102.3607, 22.477 ], [ 102.3832, 22.4698 ], [ 102.3898, 22.4608 ], [ 102.3889, 22.441 ], [ 102.3942, 22.4337 ], [ 102.3956, 22.4256 ], [ 102.3892, 22.4215 ], [ 102.3903, 22.4162 ], [ 102.3862, 22.4097 ], [ 102.3891, 22.4047 ], [ 102.3917, 22.4017 ], [ 102.3977, 22.4018 ], [ 102.4067, 22.3894 ], [ 102.4178, 22.3873 ], [ 102.4221, 22.3823 ], [ 102.4239, 22.3716 ], [ 102.4337, 22.3672 ], [ 102.4389, 22.3666 ], [ 102.4472, 22.3589 ], [ 102.4545, 22.3489 ], [ 102.4555, 22.3414 ], [ 102.4624, 22.3369 ], [ 102.4683, 22.3291 ], [ 102.4719, 22.3268 ], [ 102.4743, 22.319 ], [ 102.4891, 22.3034 ], [ 102.4884, 22.2976 ], [ 102.4982, 22.2907 ], [ 102.5052, 22.2813 ], [ 102.5149, 22.26 ], [ 102.5302, 22.2486 ], [ 102.5442, 22.2433 ], [ 102.5529, 22.2454 ], [ 102.5626, 22.2612 ], [ 102.5719, 22.2613 ], [ 102.5805, 22.2576 ], [ 102.6003, 22.243 ], [ 102.6178, 22.2348 ], [ 102.6188, 22.2284 ], [ 102.6143, 22.2231 ], [ 102.6139, 22.2175 ], [ 102.6165, 22.2113 ], [ 102.6155, 22.2036 ], [ 102.6171, 22.1989 ], [ 102.6212, 22.1974 ], [ 102.6274, 22.191 ], [ 102.6342, 22.1882 ], [ 102.6395, 22.1779 ], [ 102.6563, 22.1762 ], [ 102.6717, 22.1687 ], [ 102.6769, 22.1716 ], [ 102.6846, 22.1833 ], [ 102.6872, 22.1932 ], [ 102.6937, 22.1995 ], [ 102.6957, 22.2101 ], [ 102.6925, 22.2199 ], [ 102.6861, 22.2301 ], [ 102.6845, 22.2389 ], [ 102.6767, 22.2461 ], [ 102.6619, 22.2527 ], [ 102.6599, 22.2551 ], [ 102.6755, 22.2635 ], [ 102.6913, 22.2468 ], [ 102.7008, 22.2456 ], [ 102.7088, 22.2392 ], [ 102.7137, 22.2421 ], [ 102.7196, 22.2387 ], [ 102.7278, 22.2387 ], [ 102.7364, 22.2313 ], [ 102.7405, 22.2219 ], [ 102.747, 22.218 ], [ 102.7487, 22.2151 ], [ 102.7482, 22.2111 ], [ 102.7514, 22.2087 ], [ 102.7473, 22.1971 ], [ 102.7456, 22.1783 ], [ 102.7365, 22.1722 ], [ 102.7353, 22.1688 ], [ 102.7379, 22.1517 ], [ 102.7373, 22.1453 ], [ 102.7412, 22.1349 ], [ 102.758, 22.1188 ], [ 102.7683, 22.1126 ], [ 102.7754, 22.1036 ], [ 102.7794, 22.1013 ], [ 102.7749, 22.0947 ], [ 102.775, 22.0886 ], [ 102.7871, 22.0854 ], [ 102.7921, 22.0814 ], [ 102.8087, 22.0739 ], [ 102.8174, 22.0672 ], [ 102.8303, 22.0652 ], [ 102.85, 22.0671 ], [ 102.8544, 22.0647 ], [ 102.8597, 22.0699 ], [ 102.8615, 22.0764 ], [ 102.8643, 22.0793 ], [ 102.8725, 22.0812 ], [ 102.8787, 22.0808 ], [ 102.8892, 22.0757 ], [ 102.8982, 22.0803 ], [ 102.9065, 22.0885 ], [ 102.9121, 22.0912 ], [ 102.9239, 22.0926 ], [ 102.924, 22.1079 ], [ 102.931, 22.1041 ], [ 102.9346, 22.087 ], [ 102.9266, 22.0775 ], [ 102.928, 22.0704 ], [ 102.9306, 22.0685 ], [ 102.9417, 22.0672 ], [ 102.9466, 22.0595 ], [ 102.9619, 22.0439 ], [ 102.9617, 22.0372 ], [ 102.9678, 22.0312 ], [ 102.9765, 22.0313 ], [ 102.9848, 22.0278 ], [ 102.9922, 22.0364 ], [ 102.9944, 22.046 ], [ 102.9982, 22.0529 ], [ 103.0092, 22.0529 ], [ 103.0189, 22.0568 ], [ 103.0331, 22.05 ], [ 103.0404, 22.0488 ], [ 103.0537, 22.0544 ], [ 103.0573, 22.0615 ], [ 103.0608, 22.0633 ], [ 103.0754, 22.0587 ], [ 103.0917, 22.0587 ], [ 103.0938, 22.0663 ], [ 103.0872, 22.0704 ], [ 103.0931, 22.0782 ], [ 103.0996, 22.1032 ], [ 103.1187, 22.0954 ], [ 103.1307, 22.0753 ], [ 103.1401, 22.0694 ], [ 103.1462, 22.0683 ], [ 103.1532, 22.0764 ], [ 103.1627, 22.0752 ], [ 103.1681, 22.0814 ], [ 103.1696, 22.0815 ], [ 103.1801, 22.0746 ], [ 103.1886, 22.0711 ], [ 103.1996, 22.0691 ], [ 103.2083, 22.0708 ], [ 103.2138, 22.0692 ], [ 103.2411, 22.0502 ], [ 103.2812, 22.0396 ], [ 103.2851, 22.0407 ], [ 103.2879, 22.0434 ], [ 103.2894, 22.0459 ], [ 103.2888, 22.0513 ], [ 103.2748, 22.0662 ], [ 103.2723, 22.0698 ], [ 103.2712, 22.0763 ], [ 103.2828, 22.1069 ], [ 103.2862, 22.1107 ], [ 103.2887, 22.1125 ], [ 103.3052, 22.1153 ], [ 103.318, 22.1441 ], [ 103.3308, 22.1547 ], [ 103.3509, 22.153 ], [ 103.3867, 22.1573 ], [ 103.3896, 22.1539 ], [ 103.3893, 22.1448 ], [ 103.402, 22.1299 ], [ 103.4129, 22.0886 ], [ 103.422, 22.0684 ], [ 103.4342, 22.0557 ], [ 103.442, 22.058 ], [ 103.4467, 22.0576 ], [ 103.4529, 22.0536 ], [ 103.4668, 22.0313 ], [ 103.466, 22.0263 ], [ 103.4523, 22.0152 ], [ 103.4522, 22.0098 ], [ 103.4575, 22.0021 ], [ 103.4641, 21.9967 ], [ 103.4663, 21.9894 ], [ 103.4711, 21.9828 ], [ 103.4766, 21.9787 ], [ 103.4881, 21.9764 ] ] ] } },
{ "type": "Feature", "properties": { "name": "Dong Nai", "epsg": 5899, "epsg_2025": 5899 }, "geometry": { "type": "Polygon", "coordinates": [ [ [ 107.5422, 11.3672 ], [ 107.5408, 11.3508 ], [ 107.5336, 11.3295 ], [ 107.5295, 11.3231 ], [ 107.5166, 11.3129 ], [ 107.5215, 11.2963 ], [ 107.5167, 11.2849 ], [ 107.5204, 11.2729 ], [ 107.5223, 11.2574 ], [ 107.5213, 11.2533 ], [ 107.5148, 11.2525 ], [ 107.5136, 11.2474 ], [ 107.5107, 11.2449 ], [ 107.4953, 11.2434 ], [ 107.4947, 11.2373 ], [ 107.4987, 11.2286 ], [ 107.4977, 11.2213 ], [ 107.4947, 11.2211 ], [ 107.4885, 11.2258 ], [ 107.4865, 11.2251 ], [ 107.4847, 11.2222 ], [ 107.4867, 11.2164 ], [ 107.481, 11.2023 ], [ 107.4741, 11.2032 ], [ 107.4714, 11.2003 ], [ 107.4695, 11.194 ], [ 107.4705, 11.1872 ], [ 107.4691, 11.1797 ], [ 107.459, 11.1776 ], [ 107.4607, 11.1694 ], [ 107.4557, 11.1523 ], [ 107.4325, 11.1374 ], [ 107.4344, 11.1304 ], [ 107.4477, 11.1192 ], [ 107.4523, 11.1134 ], [ 107.4432, 11.0885 ], [ 107.4397, 11.0844 ], [ 107.4357, 11.0901 ], [ 107.4309, 11.0891 ], [ 107.4213, 11.0788 ], [ 107.4205, 11.0767 ], [ 107.4239, 11.0695 ], [ 107.4239, 11.0645 ], [ 107.415, 11.0514 ], [ 107.4117, 11.0509 ], [ 107.4004, 11.0543 ], [ 107.3972, 11.054 ], [ 107.3928, 11.0507 ], [ 107.4011, 11.0478 ], [ 107.4159, 11.0387 ], [ 107.4369, 11.0342 ], [ 107.4476, 11.0272 ], [ 107.4539, 11.0196 ], [ 107.4697, 11.0089 ], [ 107.4843, 11.0093 ], [ 107.4981, 11.016 ], [ 107.5024, 11.0152 ], [ 107.5064, 11.0129 ], [ 107.5182, 10.9997 ], [ 107.5277, 10.9935 ], [ 107.5407, 10.9786 ], [ 107.5584, 10.9385 ], [ 107.5578, 10.8692 ], [ 107.5722, 10.8472 ], [ 107.5745, 10.8343 ], [ 107.5743, 10.83 ], [ 107.5674, 10.8114 ], [ 107.5587, 10.8016 ], [ 107.5281, 10.779 ], [ 107.5131, 10.7736 ], [ 107.4901, 10.7694 ], [ 107.4811, 10.7728 ], [ 107.4501, 10.8049 ], [ 107.442, 10.8046 ], [ 107.4352, 10.7977 ], [ 107.4187, 10.7735 ], [ 107.407, 10.7747 ], [ 107.4005, 10.771 ], [ 107.392, 10.7598 ], [ 107.3804, 10.7508 ], [ 107.3749, 10.7388 ], [ 107.3613, 10.7318 ], [ 107.3591, 10.7288 ], [ 107.3575, 10.7188 ], [ 107.3473, 10.7086 ], [ 107.3461, 10.7055 ], [ 107.3473, 10.6883 ], [ 107.3503, 10.679 ], [ 107.3344, 10.6797 ], [ 107.3288, 10.6779 ], [ 107.3183, 10.6697 ], [ 107.3099, 10.6734 ], [ 107.2974, 10.6878 ], [ 107.2994, 10.7056 ], [ 107.3045, 10.7144 ], [ 107.3035, 10.7287 ], [ 107.2986, 10.7557 ], [ 107.2601, 10.7565 ], [ 107.2292, 10.7651 ], [ 107.2267, 10.765 ], [ 107.2253, 10.7614 ], [ 107.2212, 10.7586 ], [ 107.2051, 10.7604 ], [ 107.2048, 10.7765 ], [ 107.196, 10.773 ], [ 107.1843, 10.7719 ], [ 107.1657, 10.7551 ], [ 107.1518, 10.7455 ], [ 107.1348, 10.747 ], [ 107.1371, 10.7376 ], [ 107.1371, 10.7093 ], [ 107.1312, 10.6863 ], [ 107.1021, 10.663 ], [ 107.0939, 10.6535 ], [ 107.0655, 10.6549 ], [ 107.0554, 10.6588 ], [ 107.0441, 10.6587 ], [ 107.0122, 10.6447 ], [ 107.0152, 10.6341 ], [ 107.0129, 10.6334 ], [ 107.0033, 10.6383 ], [ 106.9955, 10.6319 ], [ 106.9962, 10.624 ], [ 106.9987, 10.6197 ], [ 107.0153, 10.6071 ], [ 107.0242, 10.5926 ], [ 107.0237, 10.5817 ], [ 107.0108, 10.5626 ], [ 107.0092, 10.5552 ], [ 107.0139, 10.5494 ], [ 107.0246, 10.5455 ], [ 107.0254, 10.5401 ], [ 107.0221, 10.5349 ], [ 107.0115, 10.525 ], [ 107.0032, 10.5312 ], [ 106.9902, 10.5295 ], [ 106.9849, 10.5329 ], [ 106.9831, 10.5407 ], [ 106.9862, 10.5542 ], [ 106.9777, 10.5644 ], [ 106.9821, 10.58 ], [ 106.9776, 10.5828 ], [ 106.9735, 10.5828 ], [ 106.9649, 10.5917 ], [ 106.9298, 10.6028 ], [ 106.9194, 10.6108 ], [ 106.9105, 10.6088 ], [ 106.9078, 10.6114 ], [ 106.903, 10.6237 ], [ 106.8836, 10.6413 ], [ 106.8801, 10.649 ], [ 106.8723, 10.6494 ], [ 106.8594, 10.6381 ], [ 106.8508, 10.6402 ], [ 106.8408, 10.6388 ], [ 106.8359, 10.6291 ], [ 106.8271, 10.628 ], [ 106.8208, 10.6316 ], [ 106.8115, 10.6426 ], [ 106.8059, 10.6577 ], [ 106.7859, 10.6713 ], [ 106.7717, 10.6785 ], [ 106.7594, 10.6898 ], [ 106.7539, 10.6963 ], [ 106.7502, 10.7065 ], [ 106.7499, 10.7187 ], [ 106.754, 10.7272 ], [ 106.7682, 10.7455 ], [ 106.7753, 10.7505 ], [ 106.7997, 10.7618 ], [ 106.8062, 10.7739 ], [ 106.8172, 10.7816 ], [ 106.8201, 10.7815 ], [ 106.824, 10.778 ], [ 106.821, 10.7633 ], [ 106.8233, 10.7609 ], [ 106.826, 10.7609 ], [ 106.8347, 10.7709 ], [ 106.8439, 10.7761 ], [ 106.852, 10.775 ], [ 106.8611, 10.7664 ], [ 106.871, 10.7674 ], [ 106.8726, 10.7691 ], [ 106.8726, 10.7732 ], [ 106.8638, 10.786 ], [ 106.8628, 10.7897 ], [ 106.8641, 10.7924 ], [ 106.877, 10.8027 ], [ 106.8806, 10.8098 ], [ 106.8777, 10.818 ], [ 106.857, 10.8406 ], [ 106.846, 10.8604 ], [ 106.8452, 10.8652 ], [ 106.8491, 10.8773 ], [ 106.842, 10.8856 ], [ 106.8371, 10.903 ], [ 106.8311, 10.9062 ], [ 106.8212, 10.9045 ], [ 106.8154, 10.9052 ], [ 106.8091, 10.9199 ], [ 106.7823, 10.9384 ], [ 106.7746, 10.9406 ], [ 106.761, 10.9537 ], [ 106.7612, 10.9658 ], [ 106.7679, 10.9664 ], [ 106.7786, 10.9648 ], [ 106.7805, 10.967 ], [ 106.7944, 10.9731 ], [ 106.7935, 10.9757 ], [ 106.7812, 10.9878 ], [ 106.7732, 10.9992 ], [ 106.7737, 11.0089 ], [ 106.7894, 11.0224 ], [ 106.809, 11.0286 ], [ 106.8115, 11.0356 ], [ 106.8106, 11.0403 ], [ 106.8087, 11.0444 ], [ 106.7971, 11.0549 ], [ 106.7976, 11.0585 ], [ 106.8007, 11.061 ], [ 106.815, 11.0647 ], [ 106.8262, 11.0651 ], [ 106.8379, 11.0413 ], [ 106.8588, 11.0261 ], [ 106.8709, 11.0214 ], [ 106.8925, 11.0285 ], [ 106.9057, 11.0227 ], [ 106.9088, 11.0244 ], [ 106.911, 11.0422 ], [ 106.9212, 11.0486 ], [ 106.9205, 11.0556 ], [ 106.9217, 11.0582 ], [ 106.9303, 11.0654 ], [ 106.9325, 11.0656 ], [ 106.9353, 11.064 ], [ 106.9399, 11.0574 ], [ 106.9415, 11.057 ], [ 106.9473, 11.0607 ], [ 106.9485, 11.0682 ], [ 106.9476, 11.0726 ], [ 106.9437, 11.0785 ], [ 106.9455, 11.0891 ], [ 106.9565, 11.1074 ], [ 106.9639, 11.1104 ], [ 106.9615, 11.1177 ], [ 106.9542, 11.125 ], [ 106.952, 11.1326 ], [ 106.9521, 11.1394 ], [ 106.9537, 11.1429 ], [ 106.9639, 11.1443 ], [ 106.9648, 11.1475 ], [ 106.9523, 11.164 ], [ 106.9395, 11.1693 ], [ 106.9443, 11.1771 ], [ 106.932, 11.189 ], [ 106.9184, 11.1941 ], [ 106.9062, 11.1932 ], [ 106.9039, 11.1947 ], [ 106.8996, 11.2111 ], [ 106.9113, 11.214 ], [ 106.9144, 11.2165 ], [ 106.9163, 11.2216 ], [ 106.9153, 11.2267 ], [ 106.9117, 11.2312 ], [ 106.9092, 11.2418 ], [ 106.9111, 11.2435 ], [ 106.9252, 11.2429 ], [ 106.9298, 11.2452 ], [ 106.9264, 11.2602 ], [ 106.9265, 11.2706 ], [ 106.9322, 11.2894 ], [ 106.9406, 11.2941 ], [ 106.9362, 11.3055 ], [ 106.9372, 11.3096 ], [ 106.9453, 11.31 ], [ 106.9516, 11.3026 ], [ 106.9588, 11.3147 ], [ 106.9651, 11.319 ], [ 106.9823, 11.3139 ], [ 106.9841, 11.3185 ], [ 106.9841, 11.3249 ], [ 106.9768, 11.331 ], [ 106.9766, 11.3336 ], [ 106.9954, 11.3351 ], [ 107.0097, 11.34 ], [ 107.0128, 11.342 ], [ 107.0204, 11.3551 ], [ 107.0321, 11.3586 ], [ 107.036, 11.3629 ], [ 107.0379, 11.3657 ], [ 107.0345, 11.372 ], [ 107.0392, 11.3777 ], [ 107.0423, 11.3782 ], [ 107.0497, 11.3743 ], [ 107.0576, 11.3777 ], [ 107.0593, 11.3871 ], [ 107.0545, 11.3946 ], [ 107.0551, 11.398 ], [ 107.0689, 11.4094 ], [ 107.0742, 11.4187 ], [ 107.074, 11.4217 ], [ 107.0664, 11.4368 ], [ 107.0657, 11.4446 ], [ 107.0671, 11.4485 ], [ 107.094, 11.4713 ], [ 107.0959, 11.4825 ], [ 107.1119, 11.4821 ], [ 107.1193, 11.4879 ], [ 107.1303, 11.5022 ], [ 107.1464, 11.5069 ], [ 107.3348, 11.5478 ], [ 107.3369, 11.5452 ], [ 107.3444, 11.5441 ], [ 107.3456, 11.5449 ], [ 107.3462, 11.5537 ], [ 107.3535, 11.5617 ], [ 107.3558, 11.5812 ], [ 107.3571, 11.5829 ], [ 107.3601, 11.5829 ], [ 107.3647, 11.5751 ], [ 107.3652, 11.5619 ], [ 107.3598, 11.5584 ], [ 107.3592, 11.5562 ], [ 107.3654, 11.5516 ], [ 107.3747, 11.5492 ], [ 107.3773, 11.5429 ], [ 107.3753, 11.5279 ], [ 107.3655, 11.5186 ], [ 107.3717, 11.516 ], [ 107.3858, 11.5274 ], [ 107.4076, 11.5297 ], [ 107.4105, 11.5193 ], [ 107.4164, 11.5136 ], [ 107.4195, 11.5126 ], [ 107.425, 11.5186 ], [ 107.4289, 11.52 ], [ 107.4324, 11.5144 ], [ 107.4507, 11.5026 ], [ 107.4533, 11.4932 ], [ 107.4611, 11.4893 ], [ 107.469, 11.4808 ], [ 107.4608, 11.4745 ], [ 107.45, 11.4623 ], [ 107.4448, 11.4496 ], [ 107.4348, 11.4453 ], [ 107.4288, 11.4408 ], [ 107.4274, 11.4366 ], [ 107.429, 11.4263 ], [ 107.4376, 11.4325 ], [ 107.4398, 11.4325 ], [ 107.444, 11.4301 ], [ 107.4421, 11.4207 ], [ 107.4505, 11.4208 ], [ 107.454, 11.4227 ], [ 107.4535, 11.4293 ], [ 107.4553, 11.4317 ], [ 107.473, 11.4371 ], [ 107.4847, 11.4296 ], [ 107.487, 11.4261 ], [ 107.4845, 11.4141 ], [ 107.485, 11.4037 ], [ 107.4871, 11.3996 ], [ 107.5016, 11.3862 ], [ 107.506, 11.3855 ], [ 107.5118, 11.3819 ], [ 107.5183, 11.3694 ], [ 107.5336, 11.3561 ], [ 107.5384, 11.3604 ], [ 107.5422, 11.3672 ] ] ] } },
{ "type": "Feature", "properties": { "name": "Dong Thap", "epsg": 5897, "epsg_2025": 5897 }, "geometry": { "type": "Polygon", "coordinates": [ [ [ 105.4976, 10.9539 ], [ 105.5139, 10.9278 ], [ 105.5141, 10.9237 ], [ 105.531, 10.9183 ], [ 105.5814, 10.8931 ], [ 105.6107, 10.8331 ], [ 105.5939, 10.8317 ], [ 105.7772, 10.6612 ], [ 105.8046, 10.6551 ], [ 105.8326, 10.6394 ], [ 105.9083, 10.5395 ], [ 105.941, 10.5373 ], [ 105.9401, 10.4957 ], [ 105.8579, 10.4092 ], [ 105.8428, 10.367 ], [ 105.8342, 10.3707 ], [ 105.814, 10.3716 ], [ 105.8174, 10.3366 ], [ 105.8152, 10.3236 ], [ 105.8278, 10.319 ], [ 105.8206, 10.3149 ], [ 105.82, 10.3114 ], [ 105.8251, 10.3081 ], [ 105.8328, 10.3064 ], [ 105.8365, 10.2991 ], [ 105.8545, 10.2974 ], [ 105.8721, 10.2927 ], [ 105.8922, 10.2769 ], [ 105.8825, 10.2676 ], [ 105.8752, 10.2654 ], [ 105.8888, 10.2451 ], [ 105.9002, 10.2455 ], [ 105.9001, 10.2349 ], [ 105.9108, 10.227 ], [ 105.9179, 10.2119 ], [ 105.9116, 10.1935 ], [ 105.8974, 10.1927 ], [ 105.8936, 10.187 ], [ 105.8873, 10.1902 ], [ 105.8745, 10.1904 ], [ 105.875, 10.1834 ], [ 105.8682, 10.1698 ], [ 105.8724, 10.1673 ], [ 105.8688, 10.1553 ], [ 105.8645, 10.1549 ], [ 105.8496, 10.1611 ], [ 105.847, 10.151 ], [ 105.8237, 10.1499 ], [ 105.8165, 10.1505 ], [ 105.7996, 10.1565 ], [ 105.7731, 10.1906 ], [ 105.7629, 10.1795 ], [ 105.7575, 10.1837 ], [ 105.7462, 10.1984 ], [ 105.726, 10.206 ], [ 105.6824, 10.1425 ], [ 105.6839, 10.1393 ], [ 105.6808, 10.135 ], [ 105.6601, 10.1486 ], [ 105.647, 10.1649 ], [ 105.623, 10.188 ], [ 105.6116, 10.2212 ], [ 105.5981, 10.2395 ], [ 105.5548, 10.2811 ], [ 105.541, 10.2922 ], [ 105.5219, 10.3042 ], [ 105.5119, 10.3086 ], [ 105.4858, 10.3355 ], [ 105.4891, 10.3398 ], [ 105.4895, 10.3473 ], [ 105.4978, 10.3553 ], [ 105.5143, 10.3638 ], [ 105.5191, 10.3643 ], [ 105.5188, 10.3707 ], [ 105.527, 10.3772 ], [ 105.5222, 10.401 ], [ 105.5279, 10.4016 ], [ 105.53, 10.4091 ], [ 105.535, 10.4133 ], [ 105.5444, 10.4143 ], [ 105.5495, 10.4169 ], [ 105.5502, 10.4199 ], [ 105.5443, 10.4214 ], [ 105.552, 10.4357 ], [ 105.5639, 10.4308 ], [ 105.5721, 10.4308 ], [ 105.571, 10.44 ], [ 105.574, 10.4479 ], [ 105.5709, 10.4737 ], [ 105.5523, 10.5158 ], [ 105.5429, 10.5285 ], [ 105.533, 10.5366 ], [ 105.512, 10.5477 ], [ 105.5101, 10.5482 ], [ 105.5084, 10.5461 ], [ 105.4989, 10.5471 ], [ 105.4857, 10.543 ], [ 105.4823, 10.5382 ], [ 105.4783, 10.5359 ], [ 105.4435, 10.5538 ], [ 105.4178, 10.5512 ], [ 105.4126, 10.5523 ], [ 105.3908, 10.5702 ], [ 105.3837, 10.5724 ], [ 105.3737, 10.5732 ], [ 105.3686, 10.5755 ], [ 105.3473, 10.6197 ], [ 105.3409, 10.6398 ], [ 105.3373, 10.6724 ], [ 105.3497, 10.7169 ], [ 105.3475, 10.7225 ], [ 105.335, 10.726 ], [ 105.3297, 10.7257 ], [ 105.2992, 10.7189 ], [ 105.2895, 10.7187 ], [ 105.2763, 10.7248 ], [ 105.2745, 10.727 ], [ 105.2747, 10.7325 ], [ 105.3008, 10.7514 ], [ 105.3021, 10.7552 ], [ 105.3006, 10.7607 ], [ 105.2968, 10.7637 ], [ 105.2711, 10.7656 ], [ 105.2603, 10.7721 ], [ 105.2573, 10.7793 ], [ 105.2568, 10.7844 ], [ 105.2598, 10.7964 ], [ 105.2571, 10.8021 ], [ 105.2511, 10.8055 ], [ 105.2365, 10.8059 ], [ 105.2296, 10.8088 ], [ 105.222, 10.8217 ], [ 105.2176, 10.8356 ], [ 105.2094, 10.8429 ], [ 105.1946, 10.85 ], [ 105.1888, 10.8593 ], [ 105.189, 10.8965 ], [ 105.1871, 10.9132 ], [ 105.1981, 10.9133 ], [ 105.2187, 10.9015 ], [ 105.2343, 10.8966 ], [ 105.248, 10.8967 ], [ 105.2613, 10.8991 ], [ 105.2717, 10.8907 ], [ 105.2858, 10.8869 ], [ 105.3345, 10.861 ], [ 105.3361, 10.8583 ], [ 105.3576, 10.8878 ], [ 105.3662, 10.8889 ], [ 105.3673, 10.898 ], [ 105.3713, 10.9047 ], [ 105.3783, 10.9032 ], [ 105.3845, 10.9195 ], [ 105.4038, 10.9307 ], [ 105.4089, 10.9446 ], [ 105.4242, 10.9741 ], [ 105.4309, 10.9742 ], [ 105.4409, 10.961 ], [ 105.4496, 10.9559 ], [ 105.4541, 10.9569 ], [ 105.4618, 10.9644 ], [ 105.4714, 10.9656 ], [ 105.4765, 10.9629 ], [ 105.4811, 10.9544 ], [ 105.4863, 10.9515 ], [ 105.4949, 10.9485 ], [ 105.4976, 10.9539 ] ] ] } },
{ "type": "Feature", "properties": { "name": "Gia Lai", "epsg": 9218, "epsg_2025": 9217 }, "geometry": { "type": "Polygon", "coordinates": [ [ [ 108.5455, 14.5897 ], [ 108.5493, 14.5866 ], [ 108.5581, 14.5872 ], [ 108.5608, 14.5859 ], [ 108.5728, 14.5738 ], [ 108.5944, 14.5642 ], [ 108.5959, 14.5612 ], [ 108.5952, 14.5475 ], [ 108.6051, 14.5353 ], [ 108.6111, 14.5341 ], [ 108.6185, 14.5417 ], [ 108.6262, 14.5454 ], [ 108.6285, 14.534 ], [ 108.6325, 14.5281 ], [ 108.6285, 14.518 ], [ 108.6349, 14.5073 ], [ 108.6303, 14.4995 ], [ 108.6305, 14.4963 ], [ 108.6319, 14.4928 ], [ 108.6377, 14.4874 ], [ 108.6407, 14.4762 ], [ 108.6376, 14.4524 ], [ 108.632, 14.4489 ], [ 108.6225, 14.4495 ], [ 108.6192, 14.451 ], [ 108.6147, 14.4577 ], [ 108.608, 14.4561 ], [ 108.6015, 14.4608 ], [ 108.6001, 14.4586 ], [ 108.6102, 14.4425 ], [ 108.6088, 14.4285 ], [ 108.6159, 14.4209 ], [ 108.6175, 14.4091 ], [ 108.6235, 14.3933 ], [ 108.6243, 14.3823 ], [ 108.6318, 14.3737 ], [ 108.6245, 14.3601 ], [ 108.6251, 14.3547 ], [ 108.632, 14.349 ], [ 108.6453, 14.3114 ], [ 108.6522, 14.2987 ], [ 108.6574, 14.2832 ], [ 108.654, 14.2709 ], [ 108.6546, 14.2612 ], [ 108.6585, 14.2551 ], [ 108.6639, 14.2515 ], [ 108.6661, 14.2478 ], [ 108.6651, 14.2338 ], [ 108.6754, 14.2233 ], [ 108.6753, 14.2096 ], [ 108.6797, 14.1942 ], [ 108.6716, 14.1837 ], [ 108.6754, 14.1798 ], [ 108.6647, 14.1673 ], [ 108.6769, 14.1479 ], [ 108.6925, 14.116 ], [ 108.7112, 14.0967 ], [ 108.7175, 14.0732 ], [ 108.7207, 14.0672 ], [ 108.7306, 14.0555 ], [ 108.7369, 14.0511 ], [ 108.7492, 14.046 ], [ 108.7551, 14.0374 ], [ 108.7552, 14.0254 ], [ 108.7511, 14.0198 ], [ 108.7513, 14.018 ], [ 108.7621, 13.9943 ], [ 108.7505, 13.982 ], [ 108.755, 13.9672 ], [ 108.7446, 13.9451 ], [ 108.7432, 13.9109 ], [ 108.7501, 13.9016 ], [ 108.7596, 13.8958 ], [ 108.7695, 13.8684 ], [ 108.7751, 13.8623 ], [ 108.7905, 13.852 ], [ 108.7949, 13.8242 ], [ 108.7931, 13.8204 ], [ 108.7945, 13.8151 ], [ 108.7988, 13.8085 ], [ 108.8035, 13.8051 ], [ 108.8145, 13.8044 ], [ 108.8259, 13.7932 ], [ 108.8335, 13.7407 ], [ 108.8315, 13.7317 ], [ 108.8251, 13.7228 ], [ 108.8299, 13.7159 ], [ 108.8308, 13.7069 ], [ 108.8213, 13.7005 ], [ 108.8153, 13.6999 ], [ 108.8189, 13.6606 ], [ 108.8221, 13.6474 ], [ 108.8322, 13.6257 ], [ 108.8376, 13.6064 ], [ 108.8465, 13.5913 ], [ 108.8502, 13.5787 ], [ 108.8478, 13.5681 ], [ 108.84, 13.5654 ], [ 108.8197, 13.5681 ], [ 108.8122, 13.5774 ], [ 108.7864, 13.5787 ], [ 108.7648, 13.5621 ], [ 108.747, 13.5666 ], [ 108.7349, 13.5508 ], [ 108.7305, 13.529 ], [ 108.7124, 13.5181 ], [ 108.7019, 13.4882 ], [ 108.7126, 13.4651 ], [ 108.7389, 13.4593 ], [ 108.7835, 13.4705 ], [ 108.7919, 13.4753 ], [ 108.7915, 13.4646 ], [ 108.7888, 13.4576 ], [ 108.8028, 13.4383 ], [ 108.8061, 13.3977 ], [ 108.8038, 13.3894 ], [ 108.8037, 13.3815 ], [ 108.8083, 13.3597 ], [ 108.8118, 13.3537 ], [ 108.8364, 13.3268 ], [ 108.8486, 13.3019 ], [ 108.8551, 13.293 ], [ 108.8675, 13.2884 ], [ 108.8709, 13.2775 ], [ 108.869, 13.2527 ], [ 108.8661, 13.2395 ], [ 108.8628, 13.2292 ], [ 108.8497, 13.2184 ], [ 108.85, 13.2089 ], [ 108.8464, 13.2065 ], [ 108.8461, 13.2045 ], [ 108.8517, 13.1957 ], [ 108.8378, 13.1632 ], [ 108.8341, 13.1631 ], [ 108.8296, 13.1662 ], [ 108.8209, 13.164 ], [ 108.8095, 13.1575 ], [ 108.799, 13.1476 ], [ 108.79, 13.1424 ], [ 108.7831, 13.1428 ], [ 108.778, 13.1481 ], [ 108.7747, 13.1476 ], [ 108.7729, 13.1375 ], [ 108.7601, 13.1352 ], [ 108.7608, 13.1271 ], [ 108.7673, 13.1206 ], [ 108.7652, 13.1178 ], [ 108.7573, 13.1164 ], [ 108.7544, 13.1037 ], [ 108.7485, 13.0947 ], [ 108.7539, 13.0335 ], [ 108.7141, 13.0192 ], [ 108.6919, 13.0175 ], [ 108.6784, 12.9973 ], [ 108.6163, 13.0114 ], [ 108.5903, 13.0307 ], [ 108.5775, 13.0291 ], [ 108.5652, 13.0212 ], [ 108.5317, 13.0343 ], [ 108.5112, 13.0357 ], [ 108.5098, 13.037 ], [ 108.5091, 13.045 ], [ 108.5157, 13.0637 ], [ 108.5136, 13.0721 ], [ 108.4918, 13.0985 ], [ 108.4832, 13.1133 ], [ 108.4599, 13.12 ], [ 108.4566, 13.1253 ], [ 108.4574, 13.1323 ], [ 108.46, 13.1359 ], [ 108.4639, 13.1491 ], [ 108.4623, 13.1564 ], [ 108.4591, 13.1639 ], [ 108.4379, 13.1788 ], [ 108.4235, 13.1968 ], [ 108.4141, 13.221 ], [ 108.4202, 13.2287 ], [ 108.4204, 13.2373 ], [ 108.4189, 13.241 ], [ 108.4093, 13.2495 ], [ 108.4083, 13.2546 ], [ 108.3856, 13.2588 ], [ 108.3735, 13.2688 ], [ 108.371, 13.2724 ], [ 108.3698, 13.2784 ], [ 108.3671, 13.3061 ], [ 108.352, 13.3262 ], [ 108.344, 13.3403 ], [ 108.3347, 13.341 ], [ 108.2855, 13.355 ], [ 108.2769, 13.3648 ], [ 108.2627, 13.3732 ], [ 108.2221, 13.3723 ], [ 108.1764, 13.3845 ], [ 108.1747, 13.3909 ], [ 108.1667, 13.3981 ], [ 108.1424, 13.4087 ], [ 108.1163, 13.4137 ], [ 108.1077, 13.4137 ], [ 108.0801, 13.4045 ], [ 108.0706, 13.4039 ], [ 108.0658, 13.4117 ], [ 108.0528, 13.4147 ], [ 108.0506, 13.4137 ], [ 108.0437, 13.4029 ], [ 108.0263, 13.3952 ], [ 108.0195, 13.3882 ], [ 108.0089, 13.3829 ], [ 108.0066, 13.3825 ], [ 108.0008, 13.3858 ], [ 107.9946, 13.3921 ], [ 107.9822, 13.3946 ], [ 107.9794, 13.3935 ], [ 107.9786, 13.3909 ], [ 107.979, 13.3843 ], [ 107.9758, 13.3833 ], [ 107.9626, 13.3809 ], [ 107.9588, 13.3813 ], [ 107.9502, 13.387 ], [ 107.9458, 13.386 ], [ 107.9423, 13.3809 ], [ 107.9411, 13.3745 ], [ 107.9268, 13.3784 ], [ 107.9121, 13.3872 ], [ 107.9026, 13.3895 ], [ 107.8835, 13.3888 ], [ 107.8753, 13.3941 ], [ 107.8716, 13.3945 ], [ 107.8478, 13.3924 ], [ 107.8415, 13.3974 ], [ 107.8345, 13.3999 ], [ 107.8188, 13.3954 ], [ 107.7996, 13.3927 ], [ 107.7993, 13.3839 ], [ 107.7979, 13.3819 ], [ 107.7916, 13.3831 ], [ 107.7823, 13.3759 ], [ 107.7632, 13.3659 ], [ 107.7609, 13.3669 ], [ 107.7613, 13.3731 ], [ 107.7518, 13.3712 ], [ 107.7482, 13.3651 ], [ 107.7438, 13.3638 ], [ 107.723, 13.3684 ], [ 107.7128, 13.3754 ], [ 107.6961, 13.3742 ], [ 107.6478, 13.3421 ], [ 107.6486, 13.3272 ], [ 107.6454, 13.3262 ], [ 107.6392, 13.3295 ], [ 107.6366, 13.3289 ], [ 107.6259, 13.3195 ], [ 107.6147, 13.3127 ], [ 107.6124, 13.3088 ], [ 107.6054, 13.3053 ], [ 107.6299, 13.3617 ], [ 107.616, 13.5291 ], [ 107.5704, 13.6228 ], [ 107.5671, 13.6675 ], [ 107.5493, 13.691 ], [ 107.5319, 13.7438 ], [ 107.4854, 13.7757 ], [ 107.4721, 13.7787 ], [ 107.4489, 13.7944 ], [ 107.4571, 13.8073 ], [ 107.4597, 13.8142 ], [ 107.4597, 13.8185 ], [ 107.4531, 13.8274 ], [ 107.4549, 13.8315 ], [ 107.4612, 13.8364 ], [ 107.4703, 13.8515 ], [ 107.4682, 13.8581 ], [ 107.4551, 13.867 ], [ 107.4525, 13.8708 ], [ 107.4559, 13.8802 ], [ 107.4692, 13.8928 ], [ 107.471, 13.918 ], [ 107.4673, 13.9216 ], [ 107.4578, 13.9246 ], [ 107.461, 13.9313 ], [ 107.4675, 13.9369 ], [ 107.4675, 13.9535 ], [ 107.4714, 13.9586 ], [ 107.5025, 13.9735 ], [ 107.5104, 13.9822 ], [ 107.5233, 13.9838 ], [ 107.5247, 13.9855 ], [ 107.519, 14.0111 ], [ 107.5197, 14.0149 ], [ 107.5283, 14.0149 ], [ 107.5385, 14.0118 ], [ 107.5417, 14.0138 ], [ 107.5441, 14.0223 ], [ 107.5494, 14.0265 ], [ 107.5582, 14.0228 ], [ 107.5756, 14.0196 ], [ 107.5898, 14.0235 ], [ 107.5989, 14.0302 ], [ 107.5991, 14.0461 ], [ 107.6018, 14.0492 ], [ 107.6097, 14.0532 ], [ 107.6122, 14.0644 ], [ 107.6164, 14.0641 ], [ 107.6265, 14.0558 ], [ 107.6313, 14.0552 ], [ 107.6494, 14.0705 ], [ 107.6556, 14.0855 ], [ 107.6472, 14.0974 ], [ 107.647, 14.0998 ], [ 107.6489, 14.1026 ], [ 107.655, 14.1042 ], [ 107.6625, 14.1407 ], [ 107.6566, 14.167 ], [ 107.6727, 14.1834 ], [ 107.6764, 14.1922 ], [ 107.6759, 14.2008 ], [ 107.6776, 14.2069 ], [ 107.6863, 14.2222 ], [ 107.6885, 14.2223 ], [ 107.6968, 14.217 ], [ 107.7087, 14.2185 ], [ 107.7227, 14.2165 ], [ 107.7577, 14.2033 ], [ 107.7609, 14.2063 ], [ 107.7606, 14.2123 ], [ 107.762, 14.2154 ], [ 107.7696, 14.2196 ], [ 107.7768, 14.218 ], [ 107.7815, 14.2267 ], [ 107.7941, 14.2225 ], [ 107.8056, 14.2143 ], [ 107.8145, 14.2149 ], [ 107.8171, 14.2171 ], [ 107.8195, 14.2266 ], [ 107.8247, 14.2334 ], [ 107.8324, 14.2338 ], [ 107.8366, 14.2372 ], [ 107.8342, 14.2641 ], [ 107.8361, 14.2705 ], [ 107.848, 14.2764 ], [ 107.8808, 14.283 ], [ 107.8947, 14.2798 ], [ 107.9005, 14.276 ], [ 107.9106, 14.2659 ], [ 107.9586, 14.2297 ], [ 107.9626, 14.2302 ], [ 107.9912, 14.2457 ], [ 107.9982, 14.2455 ], [ 108.0083, 14.2409 ], [ 108.0116, 14.2416 ], [ 108.0266, 14.265 ], [ 108.0359, 14.2767 ], [ 108.0385, 14.2778 ], [ 108.0579, 14.2666 ], [ 108.0788, 14.3108 ], [ 108.0856, 14.3201 ], [ 108.0852, 14.3249 ], [ 108.0768, 14.3298 ], [ 108.0763, 14.334 ], [ 108.0949, 14.3353 ], [ 108.1055, 14.3402 ], [ 108.1102, 14.3465 ], [ 108.1061, 14.3543 ], [ 108.1133, 14.3642 ], [ 108.1258, 14.3571 ], [ 108.1326, 14.3562 ], [ 108.1373, 14.3579 ], [ 108.1394, 14.361 ], [ 108.1478, 14.3616 ], [ 108.1471, 14.3584 ], [ 108.1416, 14.3555 ], [ 108.1412, 14.3537 ], [ 108.1441, 14.3502 ], [ 108.151, 14.3502 ], [ 108.1587, 14.3629 ], [ 108.1634, 14.3665 ], [ 108.1684, 14.3684 ], [ 108.1887, 14.371 ], [ 108.1982, 14.3749 ], [ 108.2025, 14.3782 ], [ 108.2054, 14.3858 ], [ 108.2078, 14.388 ], [ 108.2199, 14.3921 ], [ 108.2279, 14.3932 ], [ 108.2338, 14.3917 ], [ 108.2432, 14.3975 ], [ 108.2533, 14.392 ], [ 108.2717, 14.3888 ], [ 108.2944, 14.392 ], [ 108.2947, 14.3975 ], [ 108.2901, 14.4088 ], [ 108.2962, 14.4201 ], [ 108.3048, 14.4235 ], [ 108.3119, 14.4341 ], [ 108.3177, 14.4386 ], [ 108.3214, 14.4449 ], [ 108.3233, 14.4569 ], [ 108.3439, 14.4776 ], [ 108.3656, 14.5028 ], [ 108.38, 14.5132 ], [ 108.3818, 14.5264 ], [ 108.3702, 14.537 ], [ 108.3694, 14.5389 ], [ 108.3721, 14.5456 ], [ 108.3719, 14.5497 ], [ 108.3643, 14.5608 ], [ 108.3568, 14.5661 ], [ 108.3556, 14.573 ], [ 108.3557, 14.5806 ], [ 108.3652, 14.5857 ], [ 108.3688, 14.5953 ], [ 108.3729, 14.6009 ], [ 108.3802, 14.5999 ], [ 108.3853, 14.6031 ], [ 108.3997, 14.5996 ], [ 108.4082, 14.5903 ], [ 108.4143, 14.573 ], [ 108.4349, 14.5587 ], [ 108.4405, 14.5561 ], [ 108.4554, 14.554 ], [ 108.4779, 14.5471 ], [ 108.4935, 14.5448 ], [ 108.5084, 14.5477 ], [ 108.5121, 14.5542 ], [ 108.5259, 14.5565 ], [ 108.5282, 14.5611 ], [ 108.5297, 14.5782 ], [ 108.5324, 14.5818 ], [ 108.5455, 14.5897 ] ] ] } },
{ "type": "Feature", "properties": { "name": "Ha Giang", "epsg": 9209, "epsg_2025": 9211 }, "geometry": { "type": "Polygon", "coordinates": [ [ [ 105.5614, 23.1203 ], [ 105.5557, 23.1187 ], [ 105.5492, 23.1118 ], [ 105.5381, 23.1101 ], [ 105.53, 23.1125 ], [ 105.5159, 23.0853 ], [ 105.5187, 23.0799 ], [ 105.5186, 23.0766 ], [ 105.5066, 23.0612 ], [ 105.5021, 23.0429 ], [ 105.4957, 23.0408 ], [ 105.4927, 23.0349 ], [ 105.4894, 23.0238 ], [ 105.4891, 23.0084 ], [ 105.4651, 23.0084 ], [ 105.4544, 23.0053 ], [ 105.4461, 23.0003 ], [ 105.4402, 23.0049 ], [ 105.431, 23.0038 ], [ 105.4288, 22.9984 ], [ 105.4171, 23.0025 ], [ 105.4113, 22.9963 ], [ 105.3916, 22.9936 ], [ 105.3846, 22.9911 ], [ 105.3735, 22.9907 ], [ 105.3604, 22.9803 ], [ 105.3596, 22.9741 ], [ 105.3626, 22.9675 ], [ 105.3603, 22.9606 ], [ 105.3593, 22.9402 ], [ 105.3546, 22.9369 ], [ 105.3444, 22.9342 ], [ 105.3316, 22.9346 ], [ 105.3305, 22.9278 ], [ 105.3236, 22.9216 ], [ 105.3215, 22.9173 ], [ 105.306, 22.9132 ], [ 105.3037, 22.9059 ], [ 105.304, 22.8888 ], [ 105.302, 22.8773 ], [ 105.2943, 22.876 ], [ 105.2663, 22.8815 ], [ 105.2655, 22.8664 ], [ 105.28, 22.8569 ], [ 105.2992, 22.8564 ], [ 105.3078, 22.8511 ], [ 105.3221, 22.8452 ], [ 105.3258, 22.8346 ], [ 105.3415, 22.829 ], [ 105.343, 22.8195 ], [ 105.3466, 22.8145 ], [ 105.3574, 22.8175 ], [ 105.37, 22.8132 ], [ 105.3786, 22.8136 ], [ 105.383, 22.8122 ], [ 105.39, 22.806 ], [ 105.3963, 22.7964 ], [ 105.4027, 22.7958 ], [ 105.411, 22.7883 ], [ 105.4206, 22.7856 ], [ 105.4224, 22.7786 ], [ 105.442, 22.773 ], [ 105.4493, 22.7594 ], [ 105.4677, 22.755 ], [ 105.4676, 22.7513 ], [ 105.4766, 22.7409 ], [ 105.4742, 22.7259 ], [ 105.4758, 22.7184 ], [ 105.4829, 22.7102 ], [ 105.4978, 22.7043 ], [ 105.5024, 22.6984 ], [ 105.5019, 22.6958 ], [ 105.4953, 22.6926 ], [ 105.4863, 22.6752 ], [ 105.4932, 22.6659 ], [ 105.4948, 22.6606 ], [ 105.4918, 22.6493 ], [ 105.4964, 22.6356 ], [ 105.494, 22.6282 ], [ 105.4853, 22.6199 ], [ 105.4749, 22.6211 ], [ 105.4651, 22.6161 ], [ 105.4575, 22.61 ], [ 105.4531, 22.6092 ], [ 105.4485, 22.6109 ], [ 105.4405, 22.6057 ], [ 105.4388, 22.6104 ], [ 105.4357, 22.61 ], [ 105.433, 22.6069 ], [ 105.4286, 22.6096 ], [ 105.4101, 22.6129 ], [ 105.4016, 22.6248 ], [ 105.3934, 22.6303 ], [ 105.3813, 22.629 ], [ 105.3636, 22.6358 ], [ 105.3588, 22.64 ], [ 105.3364, 22.6404 ], [ 105.325, 22.6384 ], [ 105.3234, 22.6274 ], [ 105.3162, 22.6233 ], [ 105.3148, 22.6142 ], [ 105.3164, 22.6064 ], [ 105.3143, 22.6053 ], [ 105.3111, 22.6084 ], [ 105.3088, 22.6138 ], [ 105.2857, 22.6175 ], [ 105.2861, 22.6287 ], [ 105.284, 22.6359 ], [ 105.282, 22.6397 ], [ 105.2746, 22.6463 ], [ 105.2489, 22.654 ], [ 105.2431, 22.6505 ], [ 105.2403, 22.6569 ], [ 105.2298, 22.6635 ], [ 105.2174, 22.6623 ], [ 105.2121, 22.6652 ], [ 105.2038, 22.6774 ], [ 105.1743, 22.6833 ], [ 105.1659, 22.6903 ], [ 105.1465, 22.6965 ], [ 105.1374, 22.6879 ], [ 105.1289, 22.6703 ], [ 105.1378, 22.6647 ], [ 105.1389, 22.6569 ], [ 105.1443, 22.6524 ], [ 105.1577, 22.6237 ], [ 105.1511, 22.6205 ], [ 105.1431, 22.6257 ], [ 105.1393, 22.625 ], [ 105.1377, 22.6154 ], [ 105.1261, 22.6068 ], [ 105.1279, 22.5976 ], [ 105.132, 22.5913 ], [ 105.1219, 22.5851 ], [ 105.1138, 22.5772 ], [ 105.1191, 22.5657 ], [ 105.1188, 22.556 ], [ 105.1234, 22.5479 ], [ 105.1254, 22.5392 ], [ 105.125, 22.5327 ], [ 105.1165, 22.5108 ], [ 105.1062, 22.4942 ], [ 105.11, 22.4854 ], [ 105.1092, 22.4662 ], [ 105.1154, 22.4612 ], [ 105.116, 22.4577 ], [ 105.1141, 22.4554 ], [ 105.0862, 22.4399 ], [ 105.087, 22.4366 ], [ 105.0948, 22.4298 ], [ 105.0982, 22.4213 ], [ 105.0981, 22.4137 ], [ 105.0889, 22.3969 ], [ 105.0853, 22.3958 ], [ 105.0757, 22.3966 ], [ 105.0735, 22.3944 ], [ 105.0707, 22.3857 ], [ 105.0841, 22.3647 ], [ 105.0833, 22.3571 ], [ 105.0814, 22.3549 ], [ 105.0762, 22.3534 ], [ 105.0604, 22.3576 ], [ 105.0466, 22.3582 ], [ 105.0392, 22.3532 ], [ 105.0472, 22.3443 ], [ 105.05, 22.3377 ], [ 105.0549, 22.3357 ], [ 105.0586, 22.3319 ], [ 105.0575, 22.3146 ], [ 105.0467, 22.3139 ], [ 105.0426, 22.3115 ], [ 105.0422, 22.3084 ], [ 105.0471, 22.3005 ], [ 105.0472, 22.2933 ], [ 105.0446, 22.289 ], [ 105.0271, 22.2823 ], [ 105.0192, 22.2764 ], [ 105.0136, 22.2683 ], [ 105.011, 22.2676 ], [ 105.0064, 22.2717 ], [ 105.0059, 22.2796 ], [ 105.002, 22.284 ], [ 105.0056, 22.2969 ], [ 105.0033, 22.2998 ], [ 104.9941, 22.3034 ], [ 104.9918, 22.3157 ], [ 104.9826, 22.3244 ], [ 104.9782, 22.3259 ], [ 104.966, 22.3202 ], [ 104.9501, 22.3214 ], [ 104.9371, 22.3344 ], [ 104.9221, 22.3318 ], [ 104.9146, 22.3325 ], [ 104.9122, 22.3349 ], [ 104.9076, 22.3494 ], [ 104.9042, 22.3509 ], [ 104.8974, 22.3509 ], [ 104.8947, 22.3396 ], [ 104.8953, 22.3304 ], [ 104.8898, 22.3243 ], [ 104.8951, 22.3169 ], [ 104.9002, 22.3168 ], [ 104.9093, 22.3136 ], [ 104.916, 22.3056 ], [ 104.9199, 22.2914 ], [ 104.9188, 22.2903 ], [ 104.9115, 22.291 ], [ 104.9087, 22.2824 ], [ 104.9035, 22.2758 ], [ 104.8949, 22.2773 ], [ 104.8902, 22.2741 ], [ 104.8909, 22.2714 ], [ 104.9044, 22.2608 ], [ 104.9074, 22.2508 ], [ 104.9163, 22.2413 ], [ 104.9108, 22.2375 ], [ 104.9103, 22.2239 ], [ 104.9118, 22.2162 ], [ 104.908, 22.2122 ], [ 104.9037, 22.215 ], [ 104.902, 22.2137 ], [ 104.8958, 22.1973 ], [ 104.8947, 22.1868 ], [ 104.8918, 22.1841 ], [ 104.8878, 22.1866 ], [ 104.8778, 22.1873 ], [ 104.8725, 22.1965 ], [ 104.8747, 22.1991 ], [ 104.874, 22.2013 ], [ 104.8637, 22.2035 ], [ 104.8549, 22.1991 ], [ 104.8516, 22.1893 ], [ 104.8382, 22.1812 ], [ 104.8282, 22.1789 ], [ 104.8258, 22.1821 ], [ 104.8157, 22.1868 ], [ 104.8166, 22.1798 ], [ 104.8111, 22.174 ], [ 104.798, 22.1713 ], [ 104.7916, 22.1737 ], [ 104.7797, 22.1732 ], [ 104.778, 22.1722 ], [ 104.7784, 22.1681 ], [ 104.7761, 22.1667 ], [ 104.756, 22.1733 ], [ 104.7545, 22.1747 ], [ 104.7539, 22.1855 ], [ 104.7465, 22.1878 ], [ 104.7389, 22.1866 ], [ 104.7355, 22.1946 ], [ 104.7275, 22.197 ], [ 104.7223, 22.201 ], [ 104.719, 22.2171 ], [ 104.7274, 22.2258 ], [ 104.7281, 22.2359 ], [ 104.7221, 22.2566 ], [ 104.7148, 22.262 ], [ 104.6975, 22.2647 ], [ 104.6859, 22.2622 ], [ 104.6769, 22.2665 ], [ 104.6673, 22.2779 ], [ 104.6644, 22.2779 ], [ 104.6621, 22.2749 ], [ 104.6589, 22.2744 ], [ 104.6372, 22.2808 ], [ 104.6252, 22.2888 ], [ 104.608, 22.291 ], [ 104.6021, 22.288 ], [ 104.5926, 22.2732 ], [ 104.5855, 22.2667 ], [ 104.5842, 22.2632 ], [ 104.585, 22.2518 ], [ 104.5768, 22.2527 ], [ 104.5721, 22.246 ], [ 104.5521, 22.2427 ], [ 104.5497, 22.2439 ], [ 104.5465, 22.252 ], [ 104.5414, 22.2782 ], [ 104.5507, 22.2854 ], [ 104.5559, 22.2849 ], [ 104.5623, 22.2892 ], [ 104.5763, 22.3026 ], [ 104.5782, 22.3112 ], [ 104.5771, 22.3166 ], [ 104.5705, 22.3261 ], [ 104.5637, 22.3327 ], [ 104.5667, 22.3371 ], [ 104.5788, 22.346 ], [ 104.5789, 22.3491 ], [ 104.5738, 22.3542 ], [ 104.5693, 22.3555 ], [ 104.5548, 22.3541 ], [ 104.5524, 22.3552 ], [ 104.5449, 22.3622 ], [ 104.5517, 22.3733 ], [ 104.5461, 22.3811 ], [ 104.5284, 22.3889 ], [ 104.5105, 22.4006 ], [ 104.5072, 22.4044 ], [ 104.4944, 22.4065 ], [ 104.4881, 22.4139 ], [ 104.4891, 22.4184 ], [ 104.4881, 22.421 ], [ 104.4754, 22.4219 ], [ 104.4651, 22.4256 ], [ 104.4502, 22.4464 ], [ 104.4469, 22.4607 ], [ 104.4635, 22.4788 ], [ 104.4724, 22.4847 ], [ 104.4688, 22.4899 ], [ 104.4517, 22.4969 ], [ 104.4381, 22.5088 ], [ 104.4313, 22.5228 ], [ 104.4157, 22.5265 ], [ 104.4126, 22.529 ], [ 104.4135, 22.537 ], [ 104.4216, 22.5507 ], [ 104.4191, 22.5599 ], [ 104.4224, 22.5659 ], [ 104.4229, 22.5744 ], [ 104.4411, 22.5777 ], [ 104.4582, 22.5737 ], [ 104.4643, 22.5756 ], [ 104.4609, 22.5932 ], [ 104.4621, 22.5988 ], [ 104.458, 22.6131 ], [ 104.4566, 22.6148 ], [ 104.4309, 22.6224 ], [ 104.4106, 22.6386 ], [ 104.4044, 22.6552 ], [ 104.4088, 22.6592 ], [ 104.3966, 22.6814 ], [ 104.3628, 22.674 ], [ 104.3577, 22.6744 ], [ 104.3475, 22.6795 ], [ 104.3337, 22.6895 ], [ 104.3323, 22.6925 ], [ 104.3385, 22.7044 ], [ 104.3394, 22.7115 ], [ 104.3493, 22.6948 ], [ 104.3527, 22.6928 ], [ 104.3755, 22.6944 ], [ 104.3793, 22.6971 ], [ 104.3815, 22.7024 ], [ 104.3848, 22.7052 ], [ 104.3979, 22.703 ], [ 104.399, 22.7093 ], [ 104.4076, 22.7267 ], [ 104.4141, 22.7303 ], [ 104.4183, 22.7354 ], [ 104.4264, 22.7409 ], [ 104.4681, 22.7581 ], [ 104.4933, 22.7783 ], [ 104.4959, 22.7864 ], [ 104.5061, 22.7896 ], [ 104.5167, 22.7993 ], [ 104.5224, 22.8079 ], [ 104.525, 22.8169 ], [ 104.5334, 22.8247 ], [ 104.5359, 22.829 ], [ 104.541, 22.828 ], [ 104.5412, 22.8345 ], [ 104.5521, 22.8361 ], [ 104.5516, 22.8376 ], [ 104.5465, 22.8392 ], [ 104.5452, 22.8415 ], [ 104.5549, 22.8454 ], [ 104.5672, 22.8474 ], [ 104.5735, 22.8533 ], [ 104.5895, 22.8539 ], [ 104.5912, 22.8516 ], [ 104.6001, 22.8348 ], [ 104.6028, 22.8329 ], [ 104.6026, 22.8277 ], [ 104.5985, 22.8276 ], [ 104.5961, 22.8243 ], [ 104.5956, 22.8188 ], [ 104.5979, 22.8173 ], [ 104.6068, 22.8191 ], [ 104.6114, 22.8177 ], [ 104.6149, 22.8213 ], [ 104.6148, 22.8259 ], [ 104.6184, 22.8264 ], [ 104.6213, 22.829 ], [ 104.6214, 22.8331 ], [ 104.6169, 22.8341 ], [ 104.616, 22.8364 ], [ 104.6177, 22.8426 ], [ 104.6232, 22.8481 ], [ 104.6251, 22.8398 ], [ 104.6279, 22.837 ], [ 104.6357, 22.8343 ], [ 104.6406, 22.8373 ], [ 104.6538, 22.8349 ], [ 104.6706, 22.8191 ], [ 104.7002, 22.8274 ], [ 104.7216, 22.8217 ], [ 104.7293, 22.824 ], [ 104.7329, 22.8275 ], [ 104.7337, 22.8319 ], [ 104.73, 22.844 ], [ 104.7226, 22.8511 ], [ 104.7347, 22.8597 ], [ 104.7509, 22.8582 ], [ 104.7562, 22.8603 ], [ 104.7721, 22.9027 ], [ 104.7793, 22.9076 ], [ 104.7906, 22.9075 ], [ 104.7942, 22.9117 ], [ 104.8097, 22.9213 ], [ 104.8182, 22.9245 ], [ 104.8312, 22.9253 ], [ 104.8374, 22.9233 ], [ 104.8371, 22.9269 ], [ 104.8433, 22.9336 ], [ 104.8591, 22.9432 ], [ 104.862, 22.9459 ], [ 104.8642, 22.9521 ], [ 104.8633, 22.9631 ], [ 104.8594, 22.9795 ], [ 104.8484, 22.9783 ], [ 104.8422, 22.9851 ], [ 104.837, 22.9851 ], [ 104.8368, 22.9967 ], [ 104.8311, 23.0007 ], [ 104.8263, 23.0276 ], [ 104.8185, 23.0392 ], [ 104.8195, 23.055 ], [ 104.8136, 23.0657 ], [ 104.8145, 23.079 ], [ 104.8024, 23.0993 ], [ 104.7996, 23.116 ], [ 104.8, 23.1254 ], [ 104.818, 23.122 ], [ 104.8206, 23.1197 ], [ 104.8223, 23.1108 ], [ 104.8256, 23.1093 ], [ 104.8292, 23.1117 ], [ 104.8319, 23.1178 ], [ 104.8365, 23.1139 ], [ 104.8387, 23.1139 ], [ 104.8366, 23.1228 ], [ 104.8377, 23.1246 ], [ 104.8537, 23.1274 ], [ 104.8551, 23.1231 ], [ 104.8668, 23.1258 ], [ 104.8765, 23.1325 ], [ 104.8801, 23.1451 ], [ 104.8799, 23.1654 ], [ 104.8812, 23.1684 ], [ 104.8928, 23.1792 ], [ 104.9049, 23.1802 ], [ 104.9095, 23.1825 ], [ 104.915, 23.1811 ], [ 104.9157, 23.175 ], [ 104.9173, 23.1735 ], [ 104.9222, 23.1733 ], [ 104.9242, 23.1661 ], [ 104.9292, 23.1698 ], [ 104.9308, 23.1632 ], [ 104.9489, 23.1511 ], [ 104.9554, 23.1612 ], [ 104.9559, 23.1697 ], [ 104.9529, 23.1763 ], [ 104.9562, 23.1844 ], [ 104.9549, 23.1952 ], [ 104.9566, 23.2014 ], [ 104.9662, 23.2067 ], [ 104.9718, 23.2074 ], [ 104.9806, 23.2077 ], [ 104.9896, 23.2037 ], [ 104.9932, 23.2041 ], [ 105.0023, 23.2179 ], [ 105.0134, 23.2177 ], [ 105.0231, 23.2203 ], [ 105.0259, 23.2226 ], [ 105.0275, 23.2271 ], [ 105.041, 23.2364 ], [ 105.049, 23.2484 ], [ 105.0519, 23.2499 ], [ 105.0557, 23.2492 ], [ 105.0577, 23.2555 ], [ 105.0713, 23.2617 ], [ 105.0802, 23.2696 ], [ 105.0859, 23.2698 ], [ 105.0956, 23.2598 ], [ 105.1, 23.2576 ], [ 105.0998, 23.2536 ], [ 105.0961, 23.2509 ], [ 105.0964, 23.2492 ], [ 105.109, 23.2471 ], [ 105.1123, 23.2504 ], [ 105.1197, 23.2529 ], [ 105.1244, 23.2583 ], [ 105.1322, 23.2573 ], [ 105.1388, 23.2627 ], [ 105.1524, 23.2673 ], [ 105.161, 23.2763 ], [ 105.1665, 23.2865 ], [ 105.172, 23.29 ], [ 105.1787, 23.2875 ], [ 105.1793, 23.2799 ], [ 105.1808, 23.2782 ], [ 105.1932, 23.2825 ], [ 105.1967, 23.2794 ], [ 105.1967, 23.2754 ], [ 105.2014, 23.2728 ], [ 105.2067, 23.2728 ], [ 105.208, 23.2683 ], [ 105.2191, 23.2687 ], [ 105.2257, 23.2638 ], [ 105.2285, 23.2638 ], [ 105.2311, 23.2661 ], [ 105.235, 23.2745 ], [ 105.2437, 23.2773 ], [ 105.2329, 23.2827 ], [ 105.2322, 23.2876 ], [ 105.2341, 23.29 ], [ 105.2437, 23.2934 ], [ 105.2459, 23.2979 ], [ 105.2494, 23.2999 ], [ 105.2479, 23.3108 ], [ 105.254, 23.3136 ], [ 105.2563, 23.3176 ], [ 105.2567, 23.32 ], [ 105.254, 23.3261 ], [ 105.2476, 23.3332 ], [ 105.2514, 23.3395 ], [ 105.2565, 23.3442 ], [ 105.2626, 23.344 ], [ 105.271, 23.3407 ], [ 105.2809, 23.3429 ], [ 105.2854, 23.3534 ], [ 105.2856, 23.3592 ], [ 105.2928, 23.364 ], [ 105.2979, 23.3759 ], [ 105.3059, 23.3827 ], [ 105.3101, 23.3835 ], [ 105.3219, 23.3939 ], [ 105.3245, 23.392 ], [ 105.3283, 23.3851 ], [ 105.3474, 23.3687 ], [ 105.3489, 23.3649 ], [ 105.348, 23.354 ], [ 105.3502, 23.3456 ], [ 105.3685, 23.3211 ], [ 105.3832, 23.3099 ], [ 105.3872, 23.3123 ], [ 105.3887, 23.3117 ], [ 105.4094, 23.2885 ], [ 105.4153, 23.2842 ], [ 105.4197, 23.2846 ], [ 105.4251, 23.2879 ], [ 105.4235, 23.2942 ], [ 105.4275, 23.3038 ], [ 105.4361, 23.3038 ], [ 105.4393, 23.3019 ], [ 105.4439, 23.2946 ], [ 105.445, 23.287 ], [ 105.4515, 23.2769 ], [ 105.4601, 23.2693 ], [ 105.4718, 23.252 ], [ 105.489, 23.2387 ], [ 105.4908, 23.2342 ], [ 105.4897, 23.2236 ], [ 105.4978, 23.2109 ], [ 105.4988, 23.2027 ], [ 105.5207, 23.1929 ], [ 105.5273, 23.1921 ], [ 105.5404, 23.195 ], [ 105.546, 23.1901 ], [ 105.5514, 23.1884 ], [ 105.5559, 23.18 ], [ 105.5561, 23.1753 ], [ 105.5637, 23.1699 ], [ 105.5703, 23.159 ], [ 105.5703, 23.1509 ], [ 105.5607, 23.1413 ], [ 105.5616, 23.1348 ], [ 105.5585, 23.129 ], [ 105.5614, 23.1203 ] ] ] } },
{ "type": "Feature", "properties": { "name": "Ha Nam", "epsg": 5897, "epsg_2025": 5897 }, "geometry": { "type": "Polygon", "coordinates": [ [ [ 106.1186, 20.6181 ], [ 106.1248, 20.6139 ], [ 106.1286, 20.6082 ], [ 106.1276, 20.585 ], [ 106.1314, 20.5753 ], [ 106.1398, 20.5702 ], [ 106.1545, 20.5672 ], [ 106.1707, 20.5455 ], [ 106.1759, 20.5302 ], [ 106.1779, 20.5189 ], [ 106.1772, 20.495 ], [ 106.1836, 20.4837 ], [ 106.1782, 20.482 ], [ 106.1697, 20.474 ], [ 106.1452, 20.4697 ], [ 106.1381, 20.4765 ], [ 106.1373, 20.4853 ], [ 106.1386, 20.4947 ], [ 106.1324, 20.4964 ], [ 106.1276, 20.5005 ], [ 106.1241, 20.498 ], [ 106.1125, 20.4967 ], [ 106.0982, 20.4881 ], [ 106.096, 20.4811 ], [ 106.1032, 20.4704 ], [ 106.1033, 20.468 ], [ 106.0995, 20.4578 ], [ 106.0972, 20.4562 ], [ 106.0768, 20.4626 ], [ 106.0722, 20.4693 ], [ 106.0625, 20.4665 ], [ 106.0573, 20.4726 ], [ 106.0522, 20.4742 ], [ 106.0431, 20.4713 ], [ 106.0405, 20.4635 ], [ 106.0403, 20.451 ], [ 106.0357, 20.4474 ], [ 106.0278, 20.4458 ], [ 106.0277, 20.4393 ], [ 106.0233, 20.4339 ], [ 106.0185, 20.419 ], [ 106.0183, 20.4126 ], [ 106.0267, 20.4031 ], [ 106.0045, 20.4024 ], [ 105.995, 20.3972 ], [ 105.9889, 20.4037 ], [ 105.9878, 20.4082 ], [ 105.9925, 20.4295 ], [ 105.9829, 20.4313 ], [ 105.9801, 20.435 ], [ 105.9795, 20.4413 ], [ 105.9762, 20.4422 ], [ 105.9722, 20.4243 ], [ 105.9674, 20.4242 ], [ 105.9671, 20.4264 ], [ 105.9623, 20.4261 ], [ 105.9541, 20.4164 ], [ 105.9476, 20.4129 ], [ 105.9474, 20.4053 ], [ 105.9354, 20.3989 ], [ 105.9238, 20.3986 ], [ 105.9238, 20.3849 ], [ 105.9251, 20.3812 ], [ 105.9323, 20.3738 ], [ 105.9333, 20.3684 ], [ 105.9309, 20.3691 ], [ 105.9226, 20.3643 ], [ 105.9181, 20.3661 ], [ 105.9123, 20.3777 ], [ 105.907, 20.3735 ], [ 105.8984, 20.3763 ], [ 105.895, 20.3802 ], [ 105.8926, 20.3867 ], [ 105.8862, 20.3903 ], [ 105.8739, 20.4069 ], [ 105.8667, 20.4115 ], [ 105.8531, 20.4315 ], [ 105.8497, 20.4632 ], [ 105.85, 20.4778 ], [ 105.8429, 20.4793 ], [ 105.8215, 20.4911 ], [ 105.8175, 20.4949 ], [ 105.8162, 20.5051 ], [ 105.8118, 20.5036 ], [ 105.8091, 20.4991 ], [ 105.8048, 20.5 ], [ 105.8022, 20.5043 ], [ 105.8005, 20.5122 ], [ 105.7981, 20.5137 ], [ 105.7936, 20.513 ], [ 105.7823, 20.5389 ], [ 105.7726, 20.55 ], [ 105.768, 20.5651 ], [ 105.793, 20.5686 ], [ 105.7941, 20.5699 ], [ 105.7995, 20.5945 ], [ 105.8054, 20.6036 ], [ 105.8103, 20.6075 ], [ 105.8115, 20.6354 ], [ 105.8291, 20.6449 ], [ 105.832, 20.6487 ], [ 105.8319, 20.6506 ], [ 105.8257, 20.6539 ], [ 105.8179, 20.6613 ], [ 105.8246, 20.6664 ], [ 105.8438, 20.658 ], [ 105.8551, 20.6465 ], [ 105.8762, 20.6442 ], [ 105.8859, 20.6474 ], [ 105.8949, 20.6531 ], [ 105.8941, 20.6694 ], [ 105.9025, 20.6664 ], [ 105.9201, 20.6775 ], [ 105.9415, 20.6825 ], [ 105.9436, 20.6809 ], [ 105.9446, 20.6731 ], [ 105.9414, 20.6639 ], [ 105.9418, 20.6576 ], [ 105.9564, 20.6515 ], [ 105.9551, 20.656 ], [ 105.9559, 20.6594 ], [ 105.9641, 20.6653 ], [ 105.9751, 20.6664 ], [ 105.9766, 20.6748 ], [ 105.9818, 20.6807 ], [ 105.9874, 20.6831 ], [ 105.9925, 20.6775 ], [ 105.996, 20.6787 ], [ 105.9909, 20.6907 ], [ 105.9964, 20.6936 ], [ 105.9939, 20.6984 ], [ 105.9998, 20.7022 ], [ 106.0013, 20.7053 ], [ 106.0165, 20.7011 ], [ 106.0256, 20.6936 ], [ 106.0318, 20.6856 ], [ 106.0333, 20.6739 ], [ 106.0313, 20.6572 ], [ 106.0321, 20.6402 ], [ 106.0384, 20.6279 ], [ 106.0545, 20.6102 ], [ 106.0667, 20.6048 ], [ 106.0757, 20.6044 ], [ 106.0958, 20.617 ], [ 106.1039, 20.619 ], [ 106.1186, 20.6181 ] ] ] } },
{ "type": "Feature", "properties": { "name": "Ha Noi city", "epsg": 5897, "epsg_2025": 5897 }, "geometry": { "type": "Polygon", "coordinates": [ [ [ 105.895, 21.3276 ], [ 105.8974, 21.324 ], [ 105.8954, 21.3118 ], [ 105.8971, 21.3067 ], [ 105.9041, 21.3028 ], [ 105.9142, 21.3063 ], [ 105.9156, 21.3045 ], [ 105.9154, 21.2965 ], [ 105.9292, 21.2951 ], [ 105.929, 21.293 ], [ 105.9211, 21.2862 ], [ 105.9207, 21.273 ], [ 105.9365, 21.2475 ], [ 105.9356, 21.2444 ], [ 105.9329, 21.246 ], [ 105.9249, 21.2457 ], [ 105.9254, 21.2396 ], [ 105.9187, 21.2335 ], [ 105.9048, 21.2328 ], [ 105.9033, 21.227 ], [ 105.9029, 21.2236 ], [ 105.9091, 21.2251 ], [ 105.9131, 21.2178 ], [ 105.9138, 21.2098 ], [ 105.9116, 21.2039 ], [ 105.904, 21.1964 ], [ 105.9049, 21.193 ], [ 105.9209, 21.1839 ], [ 105.9161, 21.1737 ], [ 105.9155, 21.169 ], [ 105.9212, 21.1634 ], [ 105.9175, 21.1565 ], [ 105.9246, 21.144 ], [ 105.9243, 21.1411 ], [ 105.9151, 21.1325 ], [ 105.9158, 21.1296 ], [ 105.911, 21.1255 ], [ 105.9132, 21.1231 ], [ 105.9223, 21.1212 ], [ 105.9201, 21.118 ], [ 105.9299, 21.1106 ], [ 105.9331, 21.1035 ], [ 105.9339, 21.0971 ], [ 105.9399, 21.0851 ], [ 105.9556, 21.0918 ], [ 105.9605, 21.0786 ], [ 105.9669, 21.0732 ], [ 105.991, 21.07 ], [ 106.001, 21.0731 ], [ 106.0048, 21.0641 ], [ 106.0065, 21.0655 ], [ 106.0081, 21.0633 ], [ 106.0127, 21.052 ], [ 106.0181, 21.0484 ], [ 106.0184, 21.0422 ], [ 106.0145, 21.0349 ], [ 106.0025, 21.0218 ], [ 106.0023, 21.019 ], [ 106.0074, 21.0113 ], [ 105.9973, 21.007 ], [ 105.999, 21.0017 ], [ 105.9889, 21.0017 ], [ 105.9849, 20.9975 ], [ 105.9751, 20.9992 ], [ 105.9711, 20.9974 ], [ 105.969, 20.9919 ], [ 105.9656, 20.9893 ], [ 105.9605, 20.9921 ], [ 105.9592, 20.9881 ], [ 105.961, 20.9825 ], [ 105.9622, 20.9651 ], [ 105.9523, 20.9695 ], [ 105.9347, 20.969 ], [ 105.9295, 20.9748 ], [ 105.9143, 20.9764 ], [ 105.9101, 20.9746 ], [ 105.9034, 20.9574 ], [ 105.9024, 20.947 ], [ 105.9128, 20.9385 ], [ 105.9063, 20.9274 ], [ 105.9102, 20.9231 ], [ 105.911, 20.9189 ], [ 105.9083, 20.9148 ], [ 105.8968, 20.9055 ], [ 105.8937, 20.9001 ], [ 105.8943, 20.8959 ], [ 105.898, 20.8921 ], [ 105.9285, 20.8753 ], [ 105.9317, 20.8715 ], [ 105.9344, 20.8644 ], [ 105.9337, 20.859 ], [ 105.9298, 20.8524 ], [ 105.9147, 20.8432 ], [ 105.9094, 20.8339 ], [ 105.9095, 20.8209 ], [ 105.9112, 20.8142 ], [ 105.9195, 20.7951 ], [ 105.9266, 20.7882 ], [ 105.9585, 20.7804 ], [ 105.966, 20.7733 ], [ 105.9657, 20.7504 ], [ 105.9675, 20.735 ], [ 105.9645, 20.7318 ], [ 105.9636, 20.7263 ], [ 105.9732, 20.7008 ], [ 105.981, 20.7012 ], [ 105.9878, 20.7047 ], [ 106.0013, 20.7053 ], [ 105.9998, 20.7022 ], [ 105.9939, 20.6984 ], [ 105.9964, 20.6936 ], [ 105.9909, 20.6907 ], [ 105.996, 20.6787 ], [ 105.9925, 20.6775 ], [ 105.9874, 20.6831 ], [ 105.9818, 20.6807 ], [ 105.9766, 20.6748 ], [ 105.9751, 20.6664 ], [ 105.9641, 20.6653 ], [ 105.9559, 20.6594 ], [ 105.9551, 20.656 ], [ 105.9564, 20.6515 ], [ 105.9418, 20.6576 ], [ 105.9414, 20.6639 ], [ 105.9446, 20.6731 ], [ 105.9436, 20.6809 ], [ 105.9415, 20.6825 ], [ 105.9201, 20.6775 ], [ 105.9025, 20.6664 ], [ 105.8941, 20.6694 ], [ 105.8949, 20.6531 ], [ 105.8859, 20.6474 ], [ 105.8762, 20.6442 ], [ 105.8551, 20.6465 ], [ 105.8438, 20.658 ], [ 105.8246, 20.6664 ], [ 105.8179, 20.6613 ], [ 105.8257, 20.6539 ], [ 105.8319, 20.6506 ], [ 105.832, 20.6487 ], [ 105.8291, 20.6449 ], [ 105.8115, 20.6354 ], [ 105.8103, 20.6075 ], [ 105.8054, 20.6036 ], [ 105.7995, 20.5945 ], [ 105.7941, 20.5699 ], [ 105.793, 20.5686 ], [ 105.768, 20.5651 ], [ 105.7629, 20.5783 ], [ 105.7469, 20.5921 ], [ 105.7413, 20.6001 ], [ 105.7324, 20.6001 ], [ 105.7253, 20.6052 ], [ 105.719, 20.5971 ], [ 105.7062, 20.6004 ], [ 105.7036, 20.6039 ], [ 105.7011, 20.6193 ], [ 105.6979, 20.6227 ], [ 105.6892, 20.6223 ], [ 105.6847, 20.6175 ], [ 105.6823, 20.6168 ], [ 105.6697, 20.6177 ], [ 105.6648, 20.6206 ], [ 105.6621, 20.6278 ], [ 105.6628, 20.6299 ], [ 105.6687, 20.6342 ], [ 105.6723, 20.6308 ], [ 105.6785, 20.6309 ], [ 105.6832, 20.6356 ], [ 105.6828, 20.6396 ], [ 105.677, 20.647 ], [ 105.6789, 20.6546 ], [ 105.6766, 20.6717 ], [ 105.6677, 20.6799 ], [ 105.6782, 20.6852 ], [ 105.6821, 20.6953 ], [ 105.6617, 20.7206 ], [ 105.6519, 20.7356 ], [ 105.6443, 20.7412 ], [ 105.6419, 20.7462 ], [ 105.64, 20.7758 ], [ 105.6422, 20.7814 ], [ 105.6462, 20.7835 ], [ 105.6468, 20.7937 ], [ 105.6309, 20.7934 ], [ 105.6277, 20.7955 ], [ 105.6322, 20.8037 ], [ 105.6291, 20.8102 ], [ 105.627, 20.8215 ], [ 105.6396, 20.8275 ], [ 105.6342, 20.833 ], [ 105.6347, 20.8401 ], [ 105.6308, 20.8391 ], [ 105.6302, 20.8314 ], [ 105.6288, 20.8307 ], [ 105.6165, 20.8323 ], [ 105.6079, 20.839 ], [ 105.5985, 20.8418 ], [ 105.5939, 20.8378 ], [ 105.5841, 20.8237 ], [ 105.5812, 20.8133 ], [ 105.5733, 20.8093 ], [ 105.5611, 20.8107 ], [ 105.5661, 20.8197 ], [ 105.5763, 20.8266 ], [ 105.5788, 20.8371 ], [ 105.5836, 20.841 ], [ 105.5833, 20.8591 ], [ 105.5783, 20.86 ], [ 105.5749, 20.8627 ], [ 105.5711, 20.8706 ], [ 105.5675, 20.8711 ], [ 105.5579, 20.8786 ], [ 105.5578, 20.8813 ], [ 105.5475, 20.8807 ], [ 105.543, 20.8778 ], [ 105.5412, 20.8823 ], [ 105.5575, 20.892 ], [ 105.5615, 20.9087 ], [ 105.5657, 20.9123 ], [ 105.5785, 20.9175 ], [ 105.577, 20.9216 ], [ 105.581, 20.9209 ], [ 105.5829, 20.9229 ], [ 105.5796, 20.9255 ], [ 105.578, 20.9292 ], [ 105.5762, 20.9302 ], [ 105.5676, 20.9277 ], [ 105.5531, 20.9308 ], [ 105.5366, 20.9318 ], [ 105.5247, 20.9287 ], [ 105.5183, 20.9324 ], [ 105.5137, 20.9405 ], [ 105.5011, 20.9304 ], [ 105.494, 20.9343 ], [ 105.4847, 20.9473 ], [ 105.4792, 20.9511 ], [ 105.4718, 20.9519 ], [ 105.4626, 20.948 ], [ 105.4592, 20.9485 ], [ 105.4527, 20.9538 ], [ 105.4434, 20.9573 ], [ 105.438, 20.9677 ], [ 105.4206, 20.9858 ], [ 105.4162, 20.9976 ], [ 105.4016, 20.9991 ], [ 105.3912, 21.004 ], [ 105.3909, 21.0154 ], [ 105.3858, 21.0179 ], [ 105.3854, 21.0251 ], [ 105.3737, 21.0167 ], [ 105.3542, 21.0089 ], [ 105.3509, 21.0093 ], [ 105.3458, 21.0148 ], [ 105.3371, 21.0141 ], [ 105.3311, 21.009 ], [ 105.3251, 21.0099 ], [ 105.3236, 21.0119 ], [ 105.327, 21.0205 ], [ 105.3248, 21.0222 ], [ 105.3233, 21.0222 ], [ 105.3218, 21.0184 ], [ 105.315, 21.0125 ], [ 105.3005, 21.0271 ], [ 105.2964, 21.035 ], [ 105.292, 21.0533 ], [ 105.3022, 21.0764 ], [ 105.3128, 21.0911 ], [ 105.3168, 21.0998 ], [ 105.3179, 21.1147 ], [ 105.3079, 21.1314 ], [ 105.2858, 21.161 ], [ 105.285, 21.168 ], [ 105.2976, 21.1879 ], [ 105.302, 21.1921 ], [ 105.3197, 21.2023 ], [ 105.3397, 21.2098 ], [ 105.3502, 21.2436 ], [ 105.3523, 21.2773 ], [ 105.3608, 21.2924 ], [ 105.3832, 21.2966 ], [ 105.402, 21.2976 ], [ 105.4232, 21.2899 ], [ 105.4302, 21.2837 ], [ 105.441, 21.261 ], [ 105.4411, 21.2476 ], [ 105.4467, 21.2423 ], [ 105.4568, 21.2258 ], [ 105.4646, 21.2018 ], [ 105.4691, 21.1806 ], [ 105.4669, 21.1782 ], [ 105.4818, 21.1664 ], [ 105.4917, 21.1618 ], [ 105.5125, 21.1574 ], [ 105.5568, 21.1533 ], [ 105.5722, 21.1577 ], [ 105.5717, 21.1631 ], [ 105.6107, 21.1757 ], [ 105.6173, 21.1764 ], [ 105.6254, 21.1738 ], [ 105.6264, 21.1878 ], [ 105.6233, 21.1928 ], [ 105.6181, 21.1967 ], [ 105.6148, 21.2051 ], [ 105.6196, 21.2104 ], [ 105.6261, 21.211 ], [ 105.6369, 21.2085 ], [ 105.6352, 21.2173 ], [ 105.6455, 21.2171 ], [ 105.6563, 21.2216 ], [ 105.6564, 21.2241 ], [ 105.6526, 21.2283 ], [ 105.6471, 21.2273 ], [ 105.6432, 21.2289 ], [ 105.6425, 21.2357 ], [ 105.6442, 21.2371 ], [ 105.6503, 21.2389 ], [ 105.6536, 21.2362 ], [ 105.6598, 21.2362 ], [ 105.6651, 21.2401 ], [ 105.6698, 21.2313 ], [ 105.6741, 21.2284 ], [ 105.6771, 21.2304 ], [ 105.6794, 21.2355 ], [ 105.6864, 21.2353 ], [ 105.6833, 21.231 ], [ 105.6841, 21.2269 ], [ 105.6962, 21.2137 ], [ 105.6971, 21.2149 ], [ 105.6945, 21.2248 ], [ 105.6963, 21.2259 ], [ 105.7005, 21.2205 ], [ 105.7031, 21.2274 ], [ 105.7083, 21.2256 ], [ 105.7146, 21.2262 ], [ 105.7178, 21.2304 ], [ 105.7219, 21.2261 ], [ 105.7315, 21.2366 ], [ 105.7355, 21.2374 ], [ 105.7323, 21.2429 ], [ 105.7235, 21.2429 ], [ 105.7266, 21.2495 ], [ 105.7213, 21.2635 ], [ 105.7216, 21.2676 ], [ 105.7317, 21.2774 ], [ 105.7334, 21.2805 ], [ 105.733, 21.2848 ], [ 105.7353, 21.2884 ], [ 105.74, 21.2887 ], [ 105.7445, 21.2947 ], [ 105.7457, 21.2939 ], [ 105.7596, 21.3044 ], [ 105.7593, 21.3121 ], [ 105.7699, 21.326 ], [ 105.775, 21.3389 ], [ 105.781, 21.3434 ], [ 105.7883, 21.3462 ], [ 105.783, 21.3603 ], [ 105.7845, 21.369 ], [ 105.7889, 21.3784 ], [ 105.7983, 21.386 ], [ 105.813, 21.384 ], [ 105.8307, 21.3739 ], [ 105.8365, 21.3782 ], [ 105.845, 21.3786 ], [ 105.8475, 21.3755 ], [ 105.8546, 21.3774 ], [ 105.8574, 21.374 ], [ 105.8575, 21.3678 ], [ 105.851, 21.3622 ], [ 105.8498, 21.3574 ], [ 105.8506, 21.3512 ], [ 105.8553, 21.341 ], [ 105.8631, 21.331 ], [ 105.8668, 21.3287 ], [ 105.8877, 21.3264 ], [ 105.895, 21.3276 ] ] ] } },
{ "type": "Feature", "properties": { "name": "Ha Tinh", "epsg": 9209, "epsg_2025": 9209 }, "geometry": { "type": "MultiPolygon", "coordinates": [ [ [ [ 106.4624, 18.1029 ], [ 106.4505, 18.101 ], [ 106.4523, 18.1038 ], [ 106.4617, 18.1086 ], [ 106.4624, 18.1029 ] ] ], [ [ [ 105.7568, 18.7603 ], [ 105.7591, 18.7582 ], [ 105.7693, 18.76 ], [ 105.776, 18.7577 ], [ 105.7975, 18.6673 ], [ 105.8065, 18.6403 ], [ 105.8183, 18.6117 ], [ 105.8354, 18.5777 ], [ 105.8549, 18.5451 ], [ 105.8562, 18.5396 ], [ 105.8628, 18.5331 ], [ 105.8977, 18.4839 ], [ 105.9154, 18.4629 ], [ 105.9156, 18.4591 ], [ 105.9104, 18.4567 ], [ 105.9252, 18.4506 ], [ 105.9309, 18.4637 ], [ 105.938, 18.4723 ], [ 105.9407, 18.4722 ], [ 105.9412, 18.4687 ], [ 105.9368, 18.4656 ], [ 105.939, 18.4593 ], [ 105.957, 18.4288 ], [ 105.9883, 18.3861 ], [ 106.0262, 18.343 ], [ 106.0633, 18.3041 ], [ 106.089, 18.2823 ], [ 106.1114, 18.2709 ], [ 106.1135, 18.268 ], [ 106.1117, 18.2634 ], [ 106.1051, 18.2615 ], [ 106.1033, 18.2626 ], [ 106.1065, 18.2662 ], [ 106.1058, 18.2685 ], [ 106.0985, 18.2677 ], [ 106.0812, 18.2496 ], [ 106.0884, 18.2472 ], [ 106.0949, 18.2547 ], [ 106.0971, 18.2548 ], [ 106.1008, 18.25 ], [ 106.1, 18.2436 ], [ 106.1045, 18.2418 ], [ 106.1045, 18.2455 ], [ 106.1102, 18.257 ], [ 106.1179, 18.2569 ], [ 106.1207, 18.2597 ], [ 106.1225, 18.2665 ], [ 106.1574, 18.2682 ], [ 106.1845, 18.2531 ], [ 106.201, 18.2379 ], [ 106.2313, 18.2183 ], [ 106.2409, 18.218 ], [ 106.2477, 18.2157 ], [ 106.3026, 18.1579 ], [ 106.3541, 18.1137 ], [ 106.3544, 18.111 ], [ 106.3523, 18.1103 ], [ 106.3388, 18.1174 ], [ 106.3324, 18.1166 ], [ 106.3168, 18.1111 ], [ 106.3074, 18.1154 ], [ 106.3051, 18.1144 ], [ 106.308, 18.1087 ], [ 106.3144, 18.1051 ], [ 106.3211, 18.1058 ], [ 106.3304, 18.1098 ], [ 106.3415, 18.1003 ], [ 106.3375, 18.0885 ], [ 106.3277, 18.0887 ], [ 106.3173, 18.0869 ], [ 106.3191, 18.084 ], [ 106.3313, 18.0807 ], [ 106.3347, 18.0765 ], [ 106.3364, 18.0659 ], [ 106.3264, 18.0549 ], [ 106.3319, 18.0547 ], [ 106.3416, 18.0621 ], [ 106.3423, 18.0668 ], [ 106.3395, 18.0771 ], [ 106.3401, 18.0813 ], [ 106.3482, 18.0951 ], [ 106.361, 18.1084 ], [ 106.3651, 18.1092 ], [ 106.391, 18.0998 ], [ 106.4028, 18.0992 ], [ 106.4057, 18.1016 ], [ 106.4047, 18.1139 ], [ 106.4106, 18.1237 ], [ 106.4188, 18.1277 ], [ 106.4234, 18.1241 ], [ 106.4329, 18.1241 ], [ 106.4337, 18.1222 ], [ 106.431, 18.1162 ], [ 106.4213, 18.1049 ], [ 106.4203, 18.0917 ], [ 106.4287, 18.0757 ], [ 106.4399, 18.0451 ], [ 106.4561, 18.0156 ], [ 106.4664, 17.9999 ], [ 106.4713, 17.9957 ], [ 106.4805, 17.9828 ], [ 106.4903, 17.9664 ], [ 106.493, 17.9648 ], [ 106.5029, 17.9652 ], [ 106.5085, 17.961 ], [ 106.4939, 17.9613 ], [ 106.4788, 17.9546 ], [ 106.468, 17.9568 ], [ 106.461, 17.9561 ], [ 106.4483, 17.9511 ], [ 106.4428, 17.9536 ], [ 106.4417, 17.969 ], [ 106.4355, 17.9727 ], [ 106.4225, 17.9709 ], [ 106.4158, 17.9741 ], [ 106.4068, 17.9746 ], [ 106.3969, 17.9818 ], [ 106.3827, 17.9842 ], [ 106.3626, 17.9906 ], [ 106.3439, 17.9905 ], [ 106.334, 17.9876 ], [ 106.3298, 17.9826 ], [ 106.3271, 17.9787 ], [ 106.3229, 17.9655 ], [ 106.3202, 17.9638 ], [ 106.3092, 17.9639 ], [ 106.3041, 17.9624 ], [ 106.2968, 17.9544 ], [ 106.2939, 17.9457 ], [ 106.2839, 17.9425 ], [ 106.2792, 17.9348 ], [ 106.2841, 17.9286 ], [ 106.2843, 17.9202 ], [ 106.278, 17.9165 ], [ 106.2709, 17.9202 ], [ 106.2607, 17.9161 ], [ 106.2413, 17.929 ], [ 106.2229, 17.9309 ], [ 106.2071, 17.9263 ], [ 106.197, 17.9175 ], [ 106.189, 17.924 ], [ 106.1786, 17.9211 ], [ 106.1713, 17.9157 ], [ 106.13, 17.9222 ], [ 106.1191, 17.9264 ], [ 106.0652, 17.9384 ], [ 106.0439, 17.9473 ], [ 106.0477, 17.9594 ], [ 106.0456, 17.9651 ], [ 106.0469, 17.9674 ], [ 106.0642, 17.9811 ], [ 106.0674, 17.9859 ], [ 106.0758, 17.9901 ], [ 106.058, 18.0078 ], [ 106.0584, 18.0138 ], [ 106.0566, 18.0164 ], [ 106.0493, 18.0184 ], [ 106.0447, 18.0293 ], [ 106.035, 18.0264 ], [ 106.0325, 18.0223 ], [ 106.0186, 18.0265 ], [ 106.0151, 18.0301 ], [ 106.0126, 18.0365 ], [ 105.9936, 18.0528 ], [ 105.9836, 18.0652 ], [ 105.9746, 18.0641 ], [ 105.9659, 18.0565 ], [ 105.9605, 18.0603 ], [ 105.9507, 18.0587 ], [ 105.948, 18.0606 ], [ 105.9479, 18.0675 ], [ 105.9305, 18.0901 ], [ 105.9166, 18.0818 ], [ 105.9085, 18.0887 ], [ 105.8935, 18.0908 ], [ 105.882, 18.0822 ], [ 105.8705, 18.068 ], [ 105.8498, 18.0684 ], [ 105.8465, 18.0651 ], [ 105.8378, 18.0673 ], [ 105.8319, 18.0632 ], [ 105.828, 18.066 ], [ 105.818, 18.0616 ], [ 105.818, 18.0591 ], [ 105.8308, 18.0483 ], [ 105.833, 18.042 ], [ 105.8275, 18.0335 ], [ 105.8203, 18.0348 ], [ 105.815, 18.0385 ], [ 105.8063, 18.0334 ], [ 105.8079, 18.027 ], [ 105.7959, 18.0249 ], [ 105.786, 18.0259 ], [ 105.7768, 18.0182 ], [ 105.7671, 18.0248 ], [ 105.7541, 18.0277 ], [ 105.748, 18.0346 ], [ 105.7378, 18.0378 ], [ 105.7306, 18.0362 ], [ 105.718, 18.0217 ], [ 105.7189, 18.0071 ], [ 105.7127, 18.0048 ], [ 105.711, 17.9992 ], [ 105.7038, 17.9933 ], [ 105.6532, 17.9941 ], [ 105.6445, 17.9934 ], [ 105.6417, 17.9912 ], [ 105.6406, 17.9943 ], [ 105.6314, 17.9925 ], [ 105.6212, 18.0005 ], [ 105.6132, 18.0126 ], [ 105.611, 18.0131 ], [ 105.6042, 18.0109 ], [ 105.5955, 18.0036 ], [ 105.5925, 18.0058 ], [ 105.5906, 18.0108 ], [ 105.5814, 18.0123 ], [ 105.5799, 18.0139 ], [ 105.5817, 18.0203 ], [ 105.5781, 18.0281 ], [ 105.5839, 18.0432 ], [ 105.5778, 18.0615 ], [ 105.572, 18.0629 ], [ 105.571, 18.0648 ], [ 105.5737, 18.0708 ], [ 105.5683, 18.0867 ], [ 105.566, 18.087 ], [ 105.5597, 18.0824 ], [ 105.555, 18.0815 ], [ 105.5387, 18.083 ], [ 105.5372, 18.0945 ], [ 105.5377, 18.1068 ], [ 105.5354, 18.1149 ], [ 105.5271, 18.1197 ], [ 105.5201, 18.1272 ], [ 105.5135, 18.1257 ], [ 105.5093, 18.1212 ], [ 105.5034, 18.1274 ], [ 105.5019, 18.1387 ], [ 105.5033, 18.1431 ], [ 105.5105, 18.1505 ], [ 105.5045, 18.1774 ], [ 105.5, 18.189 ], [ 105.4967, 18.1902 ], [ 105.4953, 18.1886 ], [ 105.49, 18.1771 ], [ 105.4869, 18.1775 ], [ 105.4854, 18.1813 ], [ 105.4857, 18.1899 ], [ 105.4916, 18.1993 ], [ 105.4897, 18.2034 ], [ 105.4775, 18.1972 ], [ 105.4695, 18.1996 ], [ 105.4587, 18.2063 ], [ 105.4403, 18.2052 ], [ 105.4397, 18.2033 ], [ 105.4447, 18.2 ], [ 105.445, 18.1967 ], [ 105.4408, 18.1912 ], [ 105.4374, 18.1821 ], [ 105.4313, 18.1799 ], [ 105.4248, 18.1843 ], [ 105.419, 18.1842 ], [ 105.4171, 18.1825 ], [ 105.413, 18.1752 ], [ 105.4122, 18.1638 ], [ 105.4083, 18.1556 ], [ 105.4047, 18.1563 ], [ 105.3984, 18.1613 ], [ 105.3897, 18.1605 ], [ 105.3803, 18.1711 ], [ 105.3754, 18.1675 ], [ 105.3739, 18.1613 ], [ 105.3632, 18.1638 ], [ 105.3537, 18.182 ], [ 105.3508, 18.1848 ], [ 105.3354, 18.1831 ], [ 105.3357, 18.1913 ], [ 105.3259, 18.1941 ], [ 105.3183, 18.2008 ], [ 105.3198, 18.2066 ], [ 105.3241, 18.211 ], [ 105.3215, 18.2295 ], [ 105.322, 18.2346 ], [ 105.3272, 18.2452 ], [ 105.329, 18.2541 ], [ 105.3275, 18.2647 ], [ 105.3164, 18.2681 ], [ 105.3081, 18.2669 ], [ 105.3034, 18.258 ], [ 105.3043, 18.2504 ], [ 105.2983, 18.2377 ], [ 105.2965, 18.2385 ], [ 105.2942, 18.245 ], [ 105.2967, 18.2565 ], [ 105.2876, 18.2577 ], [ 105.2804, 18.2623 ], [ 105.2778, 18.2571 ], [ 105.2742, 18.2553 ], [ 105.269, 18.2607 ], [ 105.2544, 18.261 ], [ 105.256, 18.2703 ], [ 105.2411, 18.2975 ], [ 105.2351, 18.299 ], [ 105.229, 18.3036 ], [ 105.2154, 18.3064 ], [ 105.2075, 18.3148 ], [ 105.1895, 18.3209 ], [ 105.1828, 18.328 ], [ 105.1826, 18.331 ], [ 105.1882, 18.3484 ], [ 105.1858, 18.3571 ], [ 105.1769, 18.3716 ], [ 105.183, 18.3859 ], [ 105.1811, 18.3894 ], [ 105.1707, 18.3934 ], [ 105.1655, 18.3926 ], [ 105.162, 18.3879 ], [ 105.1502, 18.3891 ], [ 105.1467, 18.3957 ], [ 105.1444, 18.4059 ], [ 105.1365, 18.4114 ], [ 105.139, 18.4203 ], [ 105.129, 18.4175 ], [ 105.1199, 18.4201 ], [ 105.1173, 18.4325 ], [ 105.1144, 18.4349 ], [ 105.1082, 18.4358 ], [ 105.1053, 18.4401 ], [ 105.1022, 18.45 ], [ 105.1057, 18.457 ], [ 105.103, 18.4614 ], [ 105.1066, 18.4676 ], [ 105.1073, 18.4857 ], [ 105.1118, 18.494 ], [ 105.108, 18.5055 ], [ 105.1083, 18.5098 ], [ 105.1118, 18.5184 ], [ 105.1178, 18.5245 ], [ 105.1134, 18.529 ], [ 105.1138, 18.5375 ], [ 105.1145, 18.5397 ], [ 105.1228, 18.5445 ], [ 105.1263, 18.5489 ], [ 105.1271, 18.5573 ], [ 105.1384, 18.5636 ], [ 105.1324, 18.5707 ], [ 105.1343, 18.5845 ], [ 105.1325, 18.5921 ], [ 105.1399, 18.5999 ], [ 105.1545, 18.6097 ], [ 105.1571, 18.6142 ], [ 105.1624, 18.6136 ], [ 105.1793, 18.6038 ], [ 105.1867, 18.6036 ], [ 105.1908, 18.6003 ], [ 105.2105, 18.6 ], [ 105.2166, 18.598 ], [ 105.224, 18.5901 ], [ 105.2267, 18.5894 ], [ 105.2308, 18.5921 ], [ 105.2382, 18.6043 ], [ 105.2552, 18.6162 ], [ 105.2601, 18.6185 ], [ 105.2681, 18.6193 ], [ 105.2745, 18.625 ], [ 105.2807, 18.6248 ], [ 105.2867, 18.6206 ], [ 105.2931, 18.6231 ], [ 105.3043, 18.6077 ], [ 105.3266, 18.6036 ], [ 105.3376, 18.5915 ], [ 105.3492, 18.5893 ], [ 105.3621, 18.5815 ], [ 105.3699, 18.5819 ], [ 105.3773, 18.58 ], [ 105.3929, 18.5825 ], [ 105.4167, 18.592 ], [ 105.4245, 18.5888 ], [ 105.433, 18.5887 ], [ 105.4391, 18.5994 ], [ 105.4483, 18.603 ], [ 105.4577, 18.6025 ], [ 105.4637, 18.6062 ], [ 105.4734, 18.6088 ], [ 105.4749, 18.6151 ], [ 105.4765, 18.6157 ], [ 105.4888, 18.6119 ], [ 105.5023, 18.6112 ], [ 105.5134, 18.5995 ], [ 105.5152, 18.5877 ], [ 105.5192, 18.5811 ], [ 105.5247, 18.576 ], [ 105.5283, 18.5638 ], [ 105.5299, 18.5619 ], [ 105.5364, 18.5596 ], [ 105.5414, 18.5546 ], [ 105.5471, 18.5543 ], [ 105.5534, 18.5596 ], [ 105.5651, 18.5617 ], [ 105.5818, 18.5599 ], [ 105.5872, 18.5733 ], [ 105.5917, 18.5738 ], [ 105.5997, 18.5775 ], [ 105.6145, 18.5784 ], [ 105.6188, 18.57 ], [ 105.6233, 18.5679 ], [ 105.6352, 18.5678 ], [ 105.6398, 18.5705 ], [ 105.6476, 18.5792 ], [ 105.658, 18.5845 ], [ 105.6639, 18.5855 ], [ 105.6668, 18.5843 ], [ 105.6695, 18.5788 ], [ 105.6716, 18.5786 ], [ 105.6801, 18.5832 ], [ 105.6864, 18.5917 ], [ 105.6875, 18.5958 ], [ 105.6878, 18.6252 ], [ 105.6912, 18.6312 ], [ 105.7003, 18.6338 ], [ 105.7025, 18.6368 ], [ 105.7048, 18.6403 ], [ 105.7112, 18.6629 ], [ 105.7152, 18.6687 ], [ 105.726, 18.6735 ], [ 105.7443, 18.6686 ], [ 105.7494, 18.6689 ], [ 105.7582, 18.6704 ], [ 105.7659, 18.6756 ], [ 105.7669, 18.6822 ], [ 105.7649, 18.6889 ], [ 105.7406, 18.7419 ], [ 105.7415, 18.7473 ], [ 105.7436, 18.7499 ], [ 105.7489, 18.7555 ], [ 105.7568, 18.7603 ] ] ] ] } },
{ "type": "Feature", "properties": { "name": "Hai Duong", "epsg": 9209, "epsg_2025": 9210 }, "geometry": { "type": "Polygon", "coordinates": [ [ [ 106.4995, 21.2255 ], [ 106.4991, 21.2035 ], [ 106.4976, 21.2015 ], [ 106.4927, 21.2001 ], [ 106.4943, 21.1862 ], [ 106.4882, 21.182 ], [ 106.486, 21.1768 ], [ 106.4871, 21.167 ], [ 106.4811, 21.1599 ], [ 106.4782, 21.1477 ], [ 106.4823, 21.1448 ], [ 106.4808, 21.1355 ], [ 106.4836, 21.1307 ], [ 106.4719, 21.1237 ], [ 106.4696, 21.1195 ], [ 106.46, 21.1166 ], [ 106.445, 21.1192 ], [ 106.4393, 21.1176 ], [ 106.4407, 21.113 ], [ 106.4377, 21.109 ], [ 106.4379, 21.1063 ], [ 106.4489, 21.0955 ], [ 106.4433, 21.0902 ], [ 106.4389, 21.0794 ], [ 106.4529, 21.0701 ], [ 106.4534, 21.0661 ], [ 106.4758, 21.0703 ], [ 106.4891, 21.0668 ], [ 106.4944, 21.0628 ], [ 106.4976, 21.0571 ], [ 106.5152, 21.061 ], [ 106.5174, 21.0546 ], [ 106.5135, 21.0501 ], [ 106.5136, 21.0474 ], [ 106.5232, 21.0513 ], [ 106.5262, 21.0493 ], [ 106.5321, 21.0489 ], [ 106.5356, 21.0535 ], [ 106.5414, 21.0551 ], [ 106.552, 21.0537 ], [ 106.56, 21.0577 ], [ 106.5732, 21.0584 ], [ 106.598, 21.04 ], [ 106.6044, 21.0334 ], [ 106.6099, 21.0222 ], [ 106.6024, 21.0183 ], [ 106.5881, 21.016 ], [ 106.5774, 21.0177 ], [ 106.5716, 21.0122 ], [ 106.5679, 21.0131 ], [ 106.5649, 21.0198 ], [ 106.5631, 21.0203 ], [ 106.5537, 21.004 ], [ 106.5532, 21.0003 ], [ 106.5543, 20.9937 ], [ 106.5638, 20.9819 ], [ 106.5835, 20.9745 ], [ 106.5831, 20.9639 ], [ 106.5906, 20.9547 ], [ 106.5902, 20.9501 ], [ 106.5929, 20.9468 ], [ 106.5871, 20.9462 ], [ 106.5791, 20.9333 ], [ 106.5738, 20.9317 ], [ 106.5716, 20.9323 ], [ 106.5688, 20.9361 ], [ 106.5763, 20.9435 ], [ 106.5765, 20.9479 ], [ 106.5697, 20.9531 ], [ 106.5661, 20.952 ], [ 106.5657, 20.939 ], [ 106.562, 20.9348 ], [ 106.558, 20.9333 ], [ 106.5541, 20.9351 ], [ 106.5531, 20.9493 ], [ 106.5474, 20.9479 ], [ 106.5448, 20.9489 ], [ 106.542, 20.946 ], [ 106.5404, 20.924 ], [ 106.5344, 20.9187 ], [ 106.5253, 20.9162 ], [ 106.5256, 20.909 ], [ 106.5381, 20.9011 ], [ 106.5375, 20.8886 ], [ 106.5394, 20.8868 ], [ 106.5457, 20.8863 ], [ 106.55, 20.8758 ], [ 106.546, 20.8689 ], [ 106.5395, 20.8698 ], [ 106.5331, 20.867 ], [ 106.5319, 20.8594 ], [ 106.5286, 20.8538 ], [ 106.5223, 20.8522 ], [ 106.5216, 20.8565 ], [ 106.523, 20.862 ], [ 106.5218, 20.864 ], [ 106.5107, 20.865 ], [ 106.503, 20.8636 ], [ 106.5003, 20.8554 ], [ 106.4978, 20.8537 ], [ 106.4928, 20.8669 ], [ 106.4896, 20.8685 ], [ 106.4853, 20.8672 ], [ 106.4813, 20.8701 ], [ 106.4792, 20.869 ], [ 106.4809, 20.8652 ], [ 106.4752, 20.8597 ], [ 106.4806, 20.8524 ], [ 106.4927, 20.8444 ], [ 106.4948, 20.8413 ], [ 106.4932, 20.8336 ], [ 106.4865, 20.8255 ], [ 106.4863, 20.8227 ], [ 106.4919, 20.8209 ], [ 106.5112, 20.8233 ], [ 106.5139, 20.8213 ], [ 106.514, 20.8166 ], [ 106.5066, 20.8021 ], [ 106.5013, 20.809 ], [ 106.499, 20.8096 ], [ 106.4913, 20.808 ], [ 106.4834, 20.8011 ], [ 106.4886, 20.7955 ], [ 106.4946, 20.785 ], [ 106.4961, 20.7753 ], [ 106.4906, 20.7645 ], [ 106.4924, 20.7621 ], [ 106.4962, 20.7611 ], [ 106.4883, 20.7531 ], [ 106.4825, 20.7513 ], [ 106.4732, 20.7551 ], [ 106.4709, 20.7545 ], [ 106.4664, 20.7476 ], [ 106.4634, 20.7296 ], [ 106.4598, 20.7244 ], [ 106.4536, 20.7226 ], [ 106.4345, 20.7214 ], [ 106.4317, 20.7279 ], [ 106.4275, 20.7321 ], [ 106.4201, 20.7355 ], [ 106.412, 20.736 ], [ 106.4, 20.7303 ], [ 106.3975, 20.7258 ], [ 106.3809, 20.7127 ], [ 106.371, 20.711 ], [ 106.3547, 20.7017 ], [ 106.3474, 20.7022 ], [ 106.3388, 20.7122 ], [ 106.3332, 20.7121 ], [ 106.3199, 20.7009 ], [ 106.3008, 20.6905 ], [ 106.2918, 20.6968 ], [ 106.2825, 20.6938 ], [ 106.2749, 20.6933 ], [ 106.2711, 20.6959 ], [ 106.2649, 20.7042 ], [ 106.2615, 20.7048 ], [ 106.2521, 20.7008 ], [ 106.247, 20.6965 ], [ 106.2526, 20.6909 ], [ 106.2664, 20.6882 ], [ 106.2677, 20.6855 ], [ 106.2471, 20.6875 ], [ 106.2403, 20.6979 ], [ 106.2272, 20.7053 ], [ 106.2233, 20.71 ], [ 106.2157, 20.7285 ], [ 106.217, 20.7394 ], [ 106.2149, 20.7486 ], [ 106.2129, 20.7513 ], [ 106.2012, 20.7534 ], [ 106.1965, 20.7568 ], [ 106.1912, 20.766 ], [ 106.1851, 20.7641 ], [ 106.1796, 20.7645 ], [ 106.1645, 20.7858 ], [ 106.1602, 20.7855 ], [ 106.1553, 20.7811 ], [ 106.1494, 20.7836 ], [ 106.1296, 20.8076 ], [ 106.1311, 20.8099 ], [ 106.1369, 20.8116 ], [ 106.1389, 20.8184 ], [ 106.138, 20.8212 ], [ 106.1269, 20.831 ], [ 106.1235, 20.8299 ], [ 106.1229, 20.8313 ], [ 106.1274, 20.8442 ], [ 106.1254, 20.8496 ], [ 106.136, 20.8522 ], [ 106.1392, 20.858 ], [ 106.1411, 20.8757 ], [ 106.1452, 20.885 ], [ 106.1445, 20.8912 ], [ 106.137, 20.8945 ], [ 106.1349, 20.9042 ], [ 106.1439, 20.9134 ], [ 106.1533, 20.9185 ], [ 106.1517, 20.9245 ], [ 106.1483, 20.9236 ], [ 106.1475, 20.9258 ], [ 106.1482, 20.9436 ], [ 106.1498, 20.9465 ], [ 106.1559, 20.95 ], [ 106.1463, 20.9595 ], [ 106.1335, 20.9609 ], [ 106.131, 20.9716 ], [ 106.1361, 20.9755 ], [ 106.1322, 20.979 ], [ 106.125, 20.982 ], [ 106.1295, 21.0 ], [ 106.1362, 21.002 ], [ 106.1493, 20.9897 ], [ 106.1576, 20.9908 ], [ 106.1655, 20.9886 ], [ 106.1668, 20.9844 ], [ 106.1609, 20.976 ], [ 106.1648, 20.9726 ], [ 106.1659, 20.9693 ], [ 106.172, 20.9755 ], [ 106.1768, 20.9776 ], [ 106.1952, 20.9814 ], [ 106.2294, 20.9959 ], [ 106.2379, 20.9941 ], [ 106.244, 20.9905 ], [ 106.2543, 20.9936 ], [ 106.2712, 20.9919 ], [ 106.2699, 20.9967 ], [ 106.2711, 21.0036 ], [ 106.2768, 21.0096 ], [ 106.2926, 21.0205 ], [ 106.2936, 21.0258 ], [ 106.2914, 21.0345 ], [ 106.2923, 21.0406 ], [ 106.3096, 21.0597 ], [ 106.3016, 21.0739 ], [ 106.3001, 21.089 ], [ 106.2937, 21.1105 ], [ 106.2974, 21.1227 ], [ 106.3131, 21.1332 ], [ 106.3171, 21.1386 ], [ 106.3211, 21.149 ], [ 106.3193, 21.1595 ], [ 106.3078, 21.1811 ], [ 106.3075, 21.1869 ], [ 106.3113, 21.1945 ], [ 106.3222, 21.1935 ], [ 106.3223, 21.186 ], [ 106.3317, 21.1752 ], [ 106.3452, 21.1671 ], [ 106.3459, 21.1685 ], [ 106.3425, 21.173 ], [ 106.343, 21.1744 ], [ 106.3641, 21.1744 ], [ 106.3633, 21.1802 ], [ 106.3681, 21.1858 ], [ 106.373, 21.1967 ], [ 106.3829, 21.1968 ], [ 106.3925, 21.2042 ], [ 106.4106, 21.2089 ], [ 106.4157, 21.224 ], [ 106.4231, 21.2321 ], [ 106.4285, 21.2323 ], [ 106.4371, 21.2296 ], [ 106.4525, 21.2336 ], [ 106.4607, 21.2289 ], [ 106.4658, 21.2282 ], [ 106.4836, 21.2308 ], [ 106.4856, 21.2375 ], [ 106.4873, 21.2382 ], [ 106.4892, 21.2364 ], [ 106.4896, 21.2314 ], [ 106.4971, 21.2283 ], [ 106.4995, 21.2255 ] ] ] } },
{ "type": "Feature", "properties": { "name": "Hai Phong city", "epsg": 9210, "epsg_2025": 9210 }, "geometry": { "type": "MultiPolygon", "coordinates": [ [ [ [ 107.7302, 20.1292 ], [ 107.7187, 20.1281 ], [ 107.7146, 20.1299 ], [ 107.7181, 20.1351 ], [ 107.7317, 20.1448 ], [ 107.737, 20.1447 ], [ 107.7351, 20.1372 ], [ 107.7302, 20.1292 ] ] ], [ [ [ 107.1497, 20.6142 ], [ 107.1453, 20.6145 ], [ 107.1444, 20.6164 ], [ 107.1469, 20.6181 ], [ 107.1497, 20.6142 ] ] ], [ [ [ 107.2066, 20.614 ], [ 107.203, 20.6146 ], [ 107.2, 20.6174 ], [ 107.2029, 20.6189 ], [ 107.2068, 20.6161 ], [ 107.2066, 20.614 ] ] ], [ [ [ 107.14, 20.6173 ], [ 107.136, 20.6188 ], [ 107.1345, 20.6212 ], [ 107.1401, 20.6211 ], [ 107.1412, 20.6197 ], [ 107.14, 20.6173 ] ] ], [ [ [ 107.1585, 20.6214 ], [ 107.1531, 20.624 ], [ 107.152, 20.6274 ], [ 107.1535, 20.6303 ], [ 107.1564, 20.6299 ], [ 107.1597, 20.6267 ], [ 107.1585, 20.6214 ] ] ], [ [ [ 106.8156, 20.6666 ], [ 106.8123, 20.6673 ], [ 106.812, 20.6696 ], [ 106.8157, 20.6698 ], [ 106.8168, 20.6681 ], [ 106.8156, 20.6666 ] ] ], [ [ [ 107.0751, 20.7051 ], [ 107.0724, 20.7029 ], [ 107.0717, 20.7032 ], [ 107.0727, 20.7055 ], [ 107.0751, 20.7051 ] ] ], [ [ [ 107.0412, 20.7035 ], [ 107.0387, 20.7037 ], [ 107.0346, 20.7072 ], [ 107.0342, 20.7112 ], [ 107.0388, 20.7094 ], [ 107.0412, 20.7035 ] ] ], [ [ [ 107.0217, 20.7101 ], [ 107.0173, 20.7109 ], [ 107.0155, 20.7161 ], [ 107.0197, 20.7167 ], [ 107.0235, 20.7117 ], [ 107.0217, 20.7101 ] ] ], [ [ [ 107.0655, 20.712 ], [ 107.0616, 20.7132 ], [ 107.0615, 20.7156 ], [ 107.0634, 20.7174 ], [ 107.0664, 20.7152 ], [ 107.0655, 20.712 ] ] ], [ [ [ 107.0128, 20.7191 ], [ 107.0087, 20.7203 ], [ 107.0091, 20.7238 ], [ 107.0121, 20.7231 ], [ 107.0128, 20.7191 ] ] ], [ [ [ 107.0628, 20.7191 ], [ 107.0603, 20.7213 ], [ 107.0608, 20.725 ], [ 107.0648, 20.7224 ], [ 107.0628, 20.7191 ] ] ], [ [ [ 107.0796, 20.7253 ], [ 107.075, 20.7294 ], [ 107.0771, 20.7329 ], [ 107.0796, 20.7314 ], [ 107.0796, 20.7253 ] ] ], [ [ [ 107.0656, 20.7276 ], [ 107.0604, 20.7281 ], [ 107.0599, 20.7341 ], [ 107.0677, 20.7362 ], [ 107.0684, 20.7353 ], [ 107.0646, 20.7315 ], [ 107.0656, 20.7276 ] ] ], [ [ [ 107.0826, 20.7324 ], [ 107.0778, 20.7368 ], [ 107.0788, 20.7384 ], [ 107.0833, 20.7369 ], [ 107.0843, 20.7343 ], [ 107.0826, 20.7324 ] ] ], [ [ [ 107.0841, 20.7468 ], [ 107.079, 20.7478 ], [ 107.0749, 20.7528 ], [ 107.0702, 20.7539 ], [ 107.0686, 20.757 ], [ 107.0695, 20.7601 ], [ 107.0764, 20.7577 ], [ 107.0841, 20.7468 ] ] ], [ [ [ 107.0621, 20.7582 ], [ 107.0542, 20.7564 ], [ 107.0525, 20.7595 ], [ 107.0533, 20.7615 ], [ 107.0621, 20.7582 ] ] ], [ [ [ 107.0674, 20.7604 ], [ 107.0601, 20.7613 ], [ 107.0587, 20.7634 ], [ 107.0614, 20.7648 ], [ 107.0661, 20.7639 ], [ 107.0684, 20.7622 ], [ 107.0674, 20.7604 ] ] ], [ [ [ 107.0859, 20.7574 ], [ 107.0828, 20.7587 ], [ 107.0788, 20.7664 ], [ 107.0867, 20.7606 ], [ 107.0859, 20.7574 ] ] ], [ [ [ 107.0787, 20.7695 ], [ 107.0726, 20.7648 ], [ 107.0713, 20.7662 ], [ 107.0737, 20.7699 ], [ 107.0787, 20.7695 ] ] ], [ [ [ 107.098, 20.7681 ], [ 107.0963, 20.769 ], [ 107.0952, 20.7738 ], [ 107.0993, 20.7753 ], [ 107.1001, 20.7725 ], [ 107.098, 20.7681 ] ] ], [ [ [ 106.8389, 20.7694 ], [ 106.8343, 20.7702 ], [ 106.8365, 20.7766 ], [ 106.8388, 20.7747 ], [ 106.8389, 20.7694 ] ] ], [ [ [ 107.078, 20.7772 ], [ 107.0905, 20.7759 ], [ 107.0925, 20.7734 ], [ 107.0939, 20.7689 ], [ 107.0916, 20.7657 ], [ 107.0868, 20.7646 ], [ 107.0822, 20.767 ], [ 107.0775, 20.7762 ], [ 107.078, 20.7772 ] ] ], [ [ [ 107.0741, 20.7719 ], [ 107.0699, 20.7737 ], [ 107.0718, 20.7777 ], [ 107.0761, 20.7743 ], [ 107.0741, 20.7719 ] ] ], [ [ [ 107.1019, 20.7898 ], [ 107.0989, 20.7897 ], [ 107.0973, 20.7919 ], [ 107.0986, 20.7932 ], [ 107.1016, 20.7928 ], [ 107.1028, 20.7917 ], [ 107.1019, 20.7898 ] ] ], [ [ [ 106.9399, 20.8222 ], [ 106.9371, 20.823 ], [ 106.937, 20.8238 ], [ 106.9391, 20.8249 ], [ 106.9399, 20.8222 ] ] ], [ [ [ 107.0728, 20.8281 ], [ 107.0644, 20.8244 ], [ 107.0638, 20.8272 ], [ 107.0701, 20.8293 ], [ 107.0728, 20.8281 ] ] ], [ [ [ 106.9334, 20.8269 ], [ 106.9334, 20.8312 ], [ 106.9366, 20.8314 ], [ 106.9352, 20.8283 ], [ 106.9334, 20.8269 ] ] ], [ [ [ 106.88, 20.8139 ], [ 106.8857, 20.8177 ], [ 106.8881, 20.8171 ], [ 106.8913, 20.8144 ], [ 106.8941, 20.8052 ], [ 106.9003, 20.8062 ], [ 106.9022, 20.8026 ], [ 106.8828, 20.7944 ], [ 106.8805, 20.7951 ], [ 106.8791, 20.7981 ], [ 106.8748, 20.7982 ], [ 106.8707, 20.7933 ], [ 106.8678, 20.7922 ], [ 106.85, 20.7919 ], [ 106.8471, 20.7934 ], [ 106.8418, 20.8199 ], [ 106.8478, 20.8241 ], [ 106.8656, 20.8325 ], [ 106.8693, 20.8326 ], [ 106.8783, 20.8236 ], [ 106.88, 20.8139 ] ] ], [ [ [ 107.0483, 20.8394 ], [ 107.0473, 20.842 ], [ 107.048, 20.8449 ], [ 107.0511, 20.8414 ], [ 107.0483, 20.8394 ] ] ], [ [ [ 106.9401, 20.8469 ], [ 106.9447, 20.84 ], [ 106.9426, 20.8362 ], [ 106.9391, 20.8346 ], [ 106.9293, 20.8353 ], [ 106.9298, 20.8407 ], [ 106.925, 20.8415 ], [ 106.9265, 20.8446 ], [ 106.9336, 20.8475 ], [ 106.9401, 20.8469 ] ] ], [ [ [ 106.9565, 20.8591 ], [ 106.9546, 20.8599 ], [ 106.9544, 20.866 ], [ 106.9587, 20.8633 ], [ 106.9565, 20.8591 ] ] ], [ [ [ 106.9826, 20.8644 ], [ 106.9807, 20.8648 ], [ 106.9806, 20.868 ], [ 106.9856, 20.8669 ], [ 106.9826, 20.8644 ] ] ], [ [ [ 106.9958, 20.8648 ], [ 106.9926, 20.8664 ], [ 106.9923, 20.8687 ], [ 106.9938, 20.8698 ], [ 106.9958, 20.8648 ] ] ], [ [ [ 106.9572, 20.8663 ], [ 106.9547, 20.8696 ], [ 106.957, 20.8735 ], [ 106.9604, 20.8692 ], [ 106.9572, 20.8663 ] ] ], [ [ [ 106.9427, 20.8689 ], [ 106.9383, 20.8714 ], [ 106.9402, 20.8739 ], [ 106.9413, 20.8736 ], [ 106.9427, 20.8689 ] ] ], [ [ [ 106.9444, 20.8713 ], [ 106.9431, 20.8722 ], [ 106.9451, 20.876 ], [ 106.9462, 20.873 ], [ 106.9444, 20.8713 ] ] ], [ [ [ 106.9637, 20.8732 ], [ 106.9679, 20.8742 ], [ 106.9747, 20.872 ], [ 106.9752, 20.866 ], [ 106.9701, 20.8612 ], [ 106.9635, 20.8598 ], [ 106.961, 20.8615 ], [ 106.9592, 20.8654 ], [ 106.9622, 20.8669 ], [ 106.9613, 20.8729 ], [ 106.9584, 20.8751 ], [ 106.9568, 20.8791 ], [ 106.9642, 20.8765 ], [ 106.9637, 20.8732 ] ] ], [ [ [ 106.9528, 20.8688 ], [ 106.9532, 20.8558 ], [ 106.9687, 20.8574 ], [ 106.9741, 20.8512 ], [ 106.975, 20.8562 ], [ 106.9792, 20.8589 ], [ 106.9807, 20.8575 ], [ 106.9779, 20.8468 ], [ 106.9833, 20.8495 ], [ 106.9838, 20.8591 ], [ 106.9892, 20.8624 ], [ 106.9932, 20.8625 ], [ 107.0018, 20.8571 ], [ 106.9981, 20.8457 ], [ 107.0008, 20.8464 ], [ 107.0045, 20.8532 ], [ 107.0081, 20.8426 ], [ 107.0134, 20.8406 ], [ 107.0092, 20.8466 ], [ 107.0067, 20.8559 ], [ 107.0071, 20.8609 ], [ 107.0101, 20.8624 ], [ 107.0195, 20.8627 ], [ 107.0233, 20.8573 ], [ 107.0229, 20.8632 ], [ 107.0335, 20.8626 ], [ 107.0353, 20.8608 ], [ 107.0345, 20.8548 ], [ 107.0407, 20.8521 ], [ 107.0443, 20.8469 ], [ 107.0445, 20.841 ], [ 107.0422, 20.8383 ], [ 107.0419, 20.8296 ], [ 107.0407, 20.8291 ], [ 107.0361, 20.833 ], [ 107.0351, 20.8315 ], [ 107.0434, 20.8234 ], [ 107.0441, 20.8174 ], [ 107.0498, 20.815 ], [ 107.0465, 20.8193 ], [ 107.0466, 20.8242 ], [ 107.0445, 20.829 ], [ 107.0461, 20.8351 ], [ 107.0486, 20.8356 ], [ 107.047, 20.8283 ], [ 107.0486, 20.8271 ], [ 107.0536, 20.834 ], [ 107.0578, 20.8347 ], [ 107.0593, 20.8328 ], [ 107.059, 20.8274 ], [ 107.0568, 20.8254 ], [ 107.0589, 20.8197 ], [ 107.0633, 20.8224 ], [ 107.0674, 20.8187 ], [ 107.0638, 20.814 ], [ 107.0689, 20.8164 ], [ 107.0708, 20.8232 ], [ 107.0749, 20.8254 ], [ 107.0877, 20.8187 ], [ 107.0915, 20.8138 ], [ 107.1031, 20.8062 ], [ 107.1065, 20.8019 ], [ 107.1085, 20.7927 ], [ 107.1069, 20.788 ], [ 107.1009, 20.7965 ], [ 107.0911, 20.7981 ], [ 107.0765, 20.8082 ], [ 107.0766, 20.8049 ], [ 107.0929, 20.7935 ], [ 107.0942, 20.7913 ], [ 107.0938, 20.7865 ], [ 107.1004, 20.7802 ], [ 107.0994, 20.7784 ], [ 107.094, 20.7789 ], [ 107.0915, 20.7813 ], [ 107.0881, 20.7782 ], [ 107.0822, 20.779 ], [ 107.0759, 20.7835 ], [ 107.0753, 20.7869 ], [ 107.0639, 20.8036 ], [ 107.0607, 20.8156 ], [ 107.0549, 20.8176 ], [ 107.0541, 20.821 ], [ 107.0514, 20.8192 ], [ 107.0529, 20.8133 ], [ 107.0607, 20.8043 ], [ 107.0622, 20.798 ], [ 107.0708, 20.7881 ], [ 107.0713, 20.7796 ], [ 107.0632, 20.7756 ], [ 107.062, 20.7771 ], [ 107.0651, 20.7809 ], [ 107.0552, 20.7766 ], [ 107.0447, 20.7758 ], [ 107.044, 20.7732 ], [ 107.0491, 20.7728 ], [ 107.0556, 20.7684 ], [ 107.0541, 20.7668 ], [ 107.049, 20.7668 ], [ 107.0471, 20.764 ], [ 107.0435, 20.7647 ], [ 107.0401, 20.7694 ], [ 107.04, 20.7729 ], [ 107.0358, 20.7749 ], [ 107.033, 20.7857 ], [ 107.0315, 20.7828 ], [ 107.0327, 20.7742 ], [ 107.0433, 20.7595 ], [ 107.0683, 20.7485 ], [ 107.0708, 20.7415 ], [ 107.0685, 20.7386 ], [ 107.0632, 20.7374 ], [ 107.0616, 20.7396 ], [ 107.0647, 20.7415 ], [ 107.064, 20.7456 ], [ 107.0546, 20.7493 ], [ 107.0534, 20.7456 ], [ 107.0581, 20.7385 ], [ 107.0552, 20.7306 ], [ 107.0572, 20.7221 ], [ 107.0559, 20.7194 ], [ 107.0479, 20.7136 ], [ 107.0441, 20.7136 ], [ 107.0424, 20.7167 ], [ 107.0477, 20.7208 ], [ 107.0478, 20.7234 ], [ 107.0459, 20.7251 ], [ 107.0395, 20.7237 ], [ 107.0355, 20.7316 ], [ 107.0318, 20.7306 ], [ 107.032, 20.7215 ], [ 107.0241, 20.7294 ], [ 107.0228, 20.729 ], [ 107.0224, 20.7244 ], [ 107.0199, 20.7245 ], [ 107.0122, 20.7327 ], [ 107.014, 20.7353 ], [ 107.0215, 20.7369 ], [ 107.0378, 20.7359 ], [ 107.0397, 20.7375 ], [ 107.0384, 20.7402 ], [ 107.0148, 20.74 ], [ 107.0164, 20.7514 ], [ 107.0146, 20.7532 ], [ 107.0104, 20.7529 ], [ 107.0099, 20.747 ], [ 107.0074, 20.7457 ], [ 106.9992, 20.7521 ], [ 106.9944, 20.7488 ], [ 106.9982, 20.7423 ], [ 106.9993, 20.7324 ], [ 106.9976, 20.7287 ], [ 106.9928, 20.7388 ], [ 106.9856, 20.7389 ], [ 106.9787, 20.748 ], [ 106.9638, 20.7598 ], [ 106.9691, 20.7613 ], [ 106.9751, 20.7582 ], [ 106.9769, 20.76 ], [ 106.9724, 20.7664 ], [ 106.9681, 20.7695 ], [ 106.965, 20.7766 ], [ 106.9607, 20.7785 ], [ 106.9595, 20.7829 ], [ 106.9544, 20.7894 ], [ 106.9493, 20.7929 ], [ 106.9275, 20.7953 ], [ 106.9156, 20.7991 ], [ 106.9153, 20.8032 ], [ 106.9167, 20.8042 ], [ 106.9187, 20.8006 ], [ 106.9264, 20.7983 ], [ 106.9498, 20.7964 ], [ 106.9477, 20.8017 ], [ 106.9381, 20.8075 ], [ 106.9326, 20.8161 ], [ 106.9466, 20.8214 ], [ 106.9444, 20.825 ], [ 106.9373, 20.8266 ], [ 106.9367, 20.828 ], [ 106.945, 20.8357 ], [ 106.9485, 20.8447 ], [ 106.9421, 20.8472 ], [ 106.9405, 20.852 ], [ 106.9414, 20.8537 ], [ 106.9446, 20.8508 ], [ 106.9481, 20.851 ], [ 106.9494, 20.8607 ], [ 106.942, 20.8627 ], [ 106.9413, 20.8656 ], [ 106.9455, 20.8693 ], [ 106.9497, 20.8685 ], [ 106.948, 20.8757 ], [ 106.95, 20.8801 ], [ 106.9542, 20.8758 ], [ 106.9528, 20.8688 ] ] ], [ [ [ 106.6099, 21.0222 ], [ 106.6237, 21.0129 ], [ 106.6304, 21.0125 ], [ 106.6372, 21.0137 ], [ 106.6446, 21.0199 ], [ 106.6499, 21.0205 ], [ 106.6859, 21.0067 ], [ 106.7197, 20.9984 ], [ 106.7403, 21.0002 ], [ 106.7531, 20.9935 ], [ 106.7654, 20.9783 ], [ 106.7679, 20.9548 ], [ 106.7685, 20.9201 ], [ 106.7666, 20.9108 ], [ 106.7551, 20.8902 ], [ 106.7521, 20.8816 ], [ 106.7423, 20.8806 ], [ 106.7317, 20.8703 ], [ 106.7214, 20.8683 ], [ 106.7328, 20.8601 ], [ 106.7516, 20.8523 ], [ 106.7523, 20.8251 ], [ 106.7611, 20.8118 ], [ 106.7589, 20.8104 ], [ 106.758, 20.8044 ], [ 106.7449, 20.7818 ], [ 106.7402, 20.7803 ], [ 106.7333, 20.7833 ], [ 106.7315, 20.782 ], [ 106.7356, 20.7765 ], [ 106.7556, 20.7719 ], [ 106.7778, 20.7476 ], [ 106.789, 20.7234 ], [ 106.791, 20.7219 ], [ 106.799, 20.7233 ], [ 106.7992, 20.7197 ], [ 106.7913, 20.7073 ], [ 106.7902, 20.7027 ], [ 106.7915, 20.6986 ], [ 106.7953, 20.6977 ], [ 106.7963, 20.6959 ], [ 106.7942, 20.6873 ], [ 106.8, 20.6847 ], [ 106.8062, 20.6769 ], [ 106.8007, 20.6751 ], [ 106.7903, 20.687 ], [ 106.79, 20.6952 ], [ 106.783, 20.6975 ], [ 106.7844, 20.7003 ], [ 106.7837, 20.7023 ], [ 106.7718, 20.7053 ], [ 106.7649, 20.7143 ], [ 106.746, 20.7062 ], [ 106.7148, 20.6882 ], [ 106.7047, 20.687 ], [ 106.6986, 20.6877 ], [ 106.6968, 20.6894 ], [ 106.6906, 20.689 ], [ 106.695, 20.6812 ], [ 106.7021, 20.6738 ], [ 106.7021, 20.6707 ], [ 106.6977, 20.6618 ], [ 106.6917, 20.6544 ], [ 106.6654, 20.6362 ], [ 106.6471, 20.6312 ], [ 106.6252, 20.6298 ], [ 106.6233, 20.6275 ], [ 106.6184, 20.626 ], [ 106.608, 20.6302 ], [ 106.6004, 20.6404 ], [ 106.5972, 20.6403 ], [ 106.5898, 20.6368 ], [ 106.5836, 20.6288 ], [ 106.5667, 20.6213 ], [ 106.563, 20.6225 ], [ 106.5572, 20.6279 ], [ 106.5458, 20.6287 ], [ 106.5398, 20.6229 ], [ 106.5387, 20.6106 ], [ 106.5291, 20.6047 ], [ 106.5176, 20.6036 ], [ 106.5154, 20.6108 ], [ 106.5125, 20.6135 ], [ 106.5058, 20.6159 ], [ 106.4909, 20.6174 ], [ 106.4878, 20.6103 ], [ 106.4814, 20.6019 ], [ 106.4766, 20.5991 ], [ 106.4701, 20.5994 ], [ 106.4684, 20.6012 ], [ 106.4666, 20.6112 ], [ 106.4628, 20.6159 ], [ 106.4482, 20.6218 ], [ 106.4529, 20.6334 ], [ 106.4532, 20.6394 ], [ 106.4416, 20.6539 ], [ 106.4423, 20.6563 ], [ 106.4408, 20.6584 ], [ 106.4255, 20.6722 ], [ 106.4231, 20.671 ], [ 106.4189, 20.6773 ], [ 106.4065, 20.6868 ], [ 106.3992, 20.69 ], [ 106.4002, 20.6942 ], [ 106.4083, 20.7042 ], [ 106.4088, 20.707 ], [ 106.4144, 20.7151 ], [ 106.4142, 20.7191 ], [ 106.407, 20.7241 ], [ 106.4051, 20.7331 ], [ 106.4137, 20.7362 ], [ 106.4242, 20.7342 ], [ 106.4304, 20.7298 ], [ 106.4345, 20.7214 ], [ 106.4578, 20.7237 ], [ 106.4627, 20.7275 ], [ 106.4664, 20.7476 ], [ 106.4709, 20.7545 ], [ 106.4732, 20.7551 ], [ 106.4825, 20.7513 ], [ 106.4883, 20.7531 ], [ 106.4962, 20.7611 ], [ 106.4924, 20.7621 ], [ 106.4906, 20.7645 ], [ 106.4961, 20.7753 ], [ 106.4946, 20.785 ], [ 106.4886, 20.7955 ], [ 106.4834, 20.8011 ], [ 106.4913, 20.808 ], [ 106.499, 20.8096 ], [ 106.5013, 20.809 ], [ 106.5066, 20.8021 ], [ 106.5137, 20.8141 ], [ 106.5139, 20.8213 ], [ 106.5089, 20.8235 ], [ 106.4919, 20.8209 ], [ 106.4863, 20.8227 ], [ 106.4865, 20.8255 ], [ 106.4932, 20.8336 ], [ 106.4948, 20.8413 ], [ 106.4927, 20.8444 ], [ 106.4806, 20.8524 ], [ 106.4752, 20.8597 ], [ 106.4809, 20.8652 ], [ 106.479, 20.8687 ], [ 106.4808, 20.8702 ], [ 106.4853, 20.8672 ], [ 106.4896, 20.8685 ], [ 106.4928, 20.8669 ], [ 106.4978, 20.8537 ], [ 106.5003, 20.8554 ], [ 106.5018, 20.8615 ], [ 106.5045, 20.8644 ], [ 106.5218, 20.864 ], [ 106.523, 20.862 ], [ 106.5215, 20.8534 ], [ 106.5238, 20.852 ], [ 106.5265, 20.8524 ], [ 106.5301, 20.8556 ], [ 106.5343, 20.8679 ], [ 106.5395, 20.8698 ], [ 106.546, 20.8689 ], [ 106.55, 20.8758 ], [ 106.5491, 20.8804 ], [ 106.5457, 20.8863 ], [ 106.5394, 20.8868 ], [ 106.5375, 20.8886 ], [ 106.5381, 20.9011 ], [ 106.5261, 20.9084 ], [ 106.5252, 20.9146 ], [ 106.5259, 20.9166 ], [ 106.5312, 20.9172 ], [ 106.5374, 20.9204 ], [ 106.5404, 20.924 ], [ 106.542, 20.946 ], [ 106.5448, 20.9489 ], [ 106.5474, 20.9479 ], [ 106.5531, 20.9493 ], [ 106.5541, 20.9351 ], [ 106.558, 20.9333 ], [ 106.562, 20.9348 ], [ 106.5657, 20.939 ], [ 106.5661, 20.952 ], [ 106.5697, 20.9531 ], [ 106.5765, 20.9479 ], [ 106.5763, 20.9435 ], [ 106.5688, 20.9361 ], [ 106.5716, 20.9323 ], [ 106.5738, 20.9317 ], [ 106.5791, 20.9333 ], [ 106.5871, 20.9462 ], [ 106.5929, 20.9468 ], [ 106.5902, 20.9501 ], [ 106.5906, 20.9547 ], [ 106.5831, 20.9639 ], [ 106.5835, 20.9745 ], [ 106.5638, 20.9819 ], [ 106.5543, 20.9937 ], [ 106.553, 20.9973 ], [ 106.5537, 21.004 ], [ 106.5631, 21.0203 ], [ 106.5649, 21.0198 ], [ 106.5679, 21.0131 ], [ 106.5705, 21.0122 ], [ 106.5735, 21.013 ], [ 106.5774, 21.0177 ], [ 106.5881, 21.016 ], [ 106.6024, 21.0183 ], [ 106.6099, 21.0222 ] ] ] ] } },
{ "type": "Feature", "properties": { "name": "Hau Giang", "epsg": 5897, "epsg_2025": 5897 }, "geometry": { "type": "Polygon", "coordinates": [ [ [ 105.8429, 9.9837 ], [ 105.8646, 9.962 ], [ 105.8954, 9.9391 ], [ 105.8896, 9.9303 ], [ 105.8845, 9.9289 ], [ 105.8733, 9.917 ], [ 105.872, 9.9013 ], [ 105.867, 9.8924 ], [ 105.8698, 9.8908 ], [ 105.8664, 9.8853 ], [ 105.8674, 9.8812 ], [ 105.8615, 9.8538 ], [ 105.8592, 9.8546 ], [ 105.8552, 9.8441 ], [ 105.847, 9.808 ], [ 105.853, 9.8065 ], [ 105.8464, 9.7746 ], [ 105.8428, 9.7649 ], [ 105.8412, 9.7498 ], [ 105.778, 9.7108 ], [ 105.7759, 9.7115 ], [ 105.7004, 9.664 ], [ 105.6928, 9.6585 ], [ 105.6677, 9.634 ], [ 105.6644, 9.6425 ], [ 105.6476, 9.6353 ], [ 105.6452, 9.6262 ], [ 105.6283, 9.6217 ], [ 105.6049, 9.6208 ], [ 105.5962, 9.6107 ], [ 105.5934, 9.6039 ], [ 105.5826, 9.6129 ], [ 105.5743, 9.6161 ], [ 105.5716, 9.6071 ], [ 105.5681, 9.6039 ], [ 105.5611, 9.608 ], [ 105.5565, 9.6049 ], [ 105.5557, 9.5978 ], [ 105.5521, 9.596 ], [ 105.5438, 9.5863 ], [ 105.5423, 9.5863 ], [ 105.5335, 9.5985 ], [ 105.5206, 9.5952 ], [ 105.5189, 9.5904 ], [ 105.5083, 9.5852 ], [ 105.5028, 9.5871 ], [ 105.5035, 9.5912 ], [ 105.5012, 9.5923 ], [ 105.4936, 9.5899 ], [ 105.4884, 9.5835 ], [ 105.4742, 9.5855 ], [ 105.4735, 9.5876 ], [ 105.4759, 9.592 ], [ 105.4691, 9.598 ], [ 105.4673, 9.5973 ], [ 105.4663, 9.592 ], [ 105.4611, 9.5882 ], [ 105.4594, 9.5879 ], [ 105.4546, 9.5917 ], [ 105.4478, 9.588 ], [ 105.4452, 9.5974 ], [ 105.4297, 9.6023 ], [ 105.4153, 9.5941 ], [ 105.4161, 9.6015 ], [ 105.4143, 9.6033 ], [ 105.3972, 9.5996 ], [ 105.3975, 9.5943 ], [ 105.3934, 9.5895 ], [ 105.3799, 9.5866 ], [ 105.3755, 9.5881 ], [ 105.3746, 9.5938 ], [ 105.3723, 9.5969 ], [ 105.3735, 9.6114 ], [ 105.3793, 9.6203 ], [ 105.3862, 9.6229 ], [ 105.3877, 9.6264 ], [ 105.3975, 9.6231 ], [ 105.3974, 9.6317 ], [ 105.4051, 9.6448 ], [ 105.3996, 9.6458 ], [ 105.3992, 9.6474 ], [ 105.4048, 9.6532 ], [ 105.392, 9.6613 ], [ 105.3827, 9.6593 ], [ 105.3678, 9.6607 ], [ 105.3675, 9.6655 ], [ 105.3721, 9.671 ], [ 105.3708, 9.6737 ], [ 105.3566, 9.6693 ], [ 105.3375, 9.6771 ], [ 105.3355, 9.6893 ], [ 105.327, 9.6991 ], [ 105.3269, 9.7023 ], [ 105.3377, 9.7046 ], [ 105.3535, 9.7125 ], [ 105.3601, 9.7176 ], [ 105.3712, 9.731 ], [ 105.3884, 9.7362 ], [ 105.3908, 9.7391 ], [ 105.3916, 9.7453 ], [ 105.4136, 9.7559 ], [ 105.4117, 9.7619 ], [ 105.4053, 9.7606 ], [ 105.4052, 9.7661 ], [ 105.4031, 9.7703 ], [ 105.4073, 9.7734 ], [ 105.4093, 9.7783 ], [ 105.4131, 9.7743 ], [ 105.4148, 9.7743 ], [ 105.415, 9.7765 ], [ 105.4119, 9.7792 ], [ 105.4138, 9.7822 ], [ 105.4166, 9.7837 ], [ 105.4198, 9.7792 ], [ 105.4207, 9.7862 ], [ 105.4236, 9.7835 ], [ 105.4254, 9.7841 ], [ 105.426, 9.7862 ], [ 105.4238, 9.7879 ], [ 105.4324, 9.7922 ], [ 105.4289, 9.8172 ], [ 105.4527, 9.8229 ], [ 105.4671, 9.8319 ], [ 105.4752, 9.8329 ], [ 105.5187, 9.86 ], [ 105.5144, 9.8642 ], [ 105.5375, 9.9139 ], [ 105.5309, 9.9201 ], [ 105.5401, 9.942 ], [ 105.5437, 9.9412 ], [ 105.5484, 9.9534 ], [ 105.5541, 9.9598 ], [ 105.5492, 9.9619 ], [ 105.561, 9.9878 ], [ 105.5678, 9.985 ], [ 105.5726, 9.9953 ], [ 105.5816, 9.9914 ], [ 105.5791, 9.9858 ], [ 105.5824, 9.9841 ], [ 105.6174, 9.9465 ], [ 105.6261, 9.9502 ], [ 105.6274, 9.9559 ], [ 105.6314, 9.9611 ], [ 105.636, 9.9591 ], [ 105.6403, 9.9614 ], [ 105.6441, 9.9666 ], [ 105.6455, 9.9769 ], [ 105.6584, 9.9718 ], [ 105.6577, 9.9674 ], [ 105.6664, 9.9673 ], [ 105.6719, 9.9652 ], [ 105.657, 9.9511 ], [ 105.6689, 9.9403 ], [ 105.6789, 9.9493 ], [ 105.6908, 9.954 ], [ 105.6928, 9.9563 ], [ 105.7019, 9.9552 ], [ 105.7023, 9.9596 ], [ 105.7091, 9.9585 ], [ 105.7209, 9.9722 ], [ 105.722, 9.9766 ], [ 105.7282, 9.971 ], [ 105.7337, 9.9703 ], [ 105.7351, 9.9714 ], [ 105.7539, 9.9611 ], [ 105.7744, 9.9556 ], [ 105.7761, 9.9588 ], [ 105.817, 9.9654 ], [ 105.8312, 9.9778 ], [ 105.8369, 9.9793 ], [ 105.8429, 9.9837 ] ] ] } },
{ "type": "Feature", "properties": { "name": "Hoa Binh", "epsg": 9211, "epsg_2025": 9208 }, "geometry": { "type": "Polygon", "coordinates": [ [ [ 104.9114, 21.1132 ], [ 104.9113, 21.103 ], [ 104.9164, 21.0943 ], [ 104.9239, 21.086 ], [ 104.9208, 21.0818 ], [ 104.9203, 21.0757 ], [ 104.9151, 21.0753 ], [ 104.9101, 21.0724 ], [ 104.9088, 21.0694 ], [ 104.9102, 21.0669 ], [ 104.9211, 21.0676 ], [ 104.9277, 21.065 ], [ 104.9385, 21.0549 ], [ 104.962, 21.0608 ], [ 104.9692, 21.0534 ], [ 104.9831, 21.0516 ], [ 105.0, 21.041 ], [ 105.0077, 21.0387 ], [ 105.0178, 21.0277 ], [ 105.0189, 21.0233 ], [ 105.0166, 21.0161 ], [ 105.0262, 21.0225 ], [ 105.0288, 21.0227 ], [ 105.0331, 21.0195 ], [ 105.0371, 21.0129 ], [ 105.047, 21.0094 ], [ 105.053, 21.0112 ], [ 105.0611, 21.003 ], [ 105.0647, 21.0028 ], [ 105.0678, 21.0004 ], [ 105.0702, 20.9937 ], [ 105.0877, 20.9705 ], [ 105.0886, 20.9631 ], [ 105.0992, 20.9577 ], [ 105.1081, 20.9561 ], [ 105.1204, 20.9428 ], [ 105.1302, 20.9393 ], [ 105.1463, 20.942 ], [ 105.1585, 20.9399 ], [ 105.1603, 20.9445 ], [ 105.1767, 20.9469 ], [ 105.1876, 20.9531 ], [ 105.1905, 20.959 ], [ 105.1975, 20.9572 ], [ 105.2054, 20.9522 ], [ 105.2019, 20.9437 ], [ 105.1954, 20.9376 ], [ 105.1924, 20.9312 ], [ 105.1976, 20.921 ], [ 105.2026, 20.9181 ], [ 105.2072, 20.919 ], [ 105.2105, 20.9245 ], [ 105.2228, 20.9276 ], [ 105.2179, 20.9318 ], [ 105.2175, 20.934 ], [ 105.2192, 20.9358 ], [ 105.2391, 20.9428 ], [ 105.241, 20.946 ], [ 105.2483, 20.9464 ], [ 105.2585, 20.9368 ], [ 105.2632, 20.9383 ], [ 105.2663, 20.9422 ], [ 105.2693, 20.9418 ], [ 105.2698, 20.9359 ], [ 105.2732, 20.9269 ], [ 105.2784, 20.9255 ], [ 105.2823, 20.931 ], [ 105.2846, 20.9315 ], [ 105.2919, 20.9258 ], [ 105.3104, 20.9251 ], [ 105.3133, 20.928 ], [ 105.3153, 20.9358 ], [ 105.3232, 20.9363 ], [ 105.3283, 20.9401 ], [ 105.3428, 20.9426 ], [ 105.3333, 20.9791 ], [ 105.3238, 21.0009 ], [ 105.315, 21.0125 ], [ 105.3218, 21.0184 ], [ 105.3233, 21.0222 ], [ 105.3248, 21.0222 ], [ 105.327, 21.0205 ], [ 105.3236, 21.0119 ], [ 105.3251, 21.0099 ], [ 105.3311, 21.009 ], [ 105.3371, 21.0141 ], [ 105.3458, 21.0148 ], [ 105.3509, 21.0093 ], [ 105.3542, 21.0089 ], [ 105.3737, 21.0167 ], [ 105.3854, 21.0251 ], [ 105.3858, 21.0179 ], [ 105.3909, 21.0154 ], [ 105.3912, 21.004 ], [ 105.4016, 20.9991 ], [ 105.4162, 20.9976 ], [ 105.4206, 20.9858 ], [ 105.438, 20.9677 ], [ 105.4434, 20.9573 ], [ 105.4527, 20.9538 ], [ 105.4592, 20.9485 ], [ 105.4626, 20.948 ], [ 105.4718, 20.9519 ], [ 105.4792, 20.9511 ], [ 105.4847, 20.9473 ], [ 105.494, 20.9343 ], [ 105.5011, 20.9304 ], [ 105.5137, 20.9405 ], [ 105.5183, 20.9324 ], [ 105.5247, 20.9287 ], [ 105.5366, 20.9318 ], [ 105.5531, 20.9308 ], [ 105.5676, 20.9277 ], [ 105.5773, 20.9299 ], [ 105.5829, 20.9229 ], [ 105.581, 20.9209 ], [ 105.577, 20.9216 ], [ 105.5785, 20.9175 ], [ 105.5657, 20.9123 ], [ 105.5615, 20.9087 ], [ 105.5581, 20.8928 ], [ 105.5415, 20.8829 ], [ 105.5412, 20.8809 ], [ 105.543, 20.8778 ], [ 105.5475, 20.8807 ], [ 105.5578, 20.8813 ], [ 105.5579, 20.8786 ], [ 105.5675, 20.8711 ], [ 105.5711, 20.8706 ], [ 105.5749, 20.8627 ], [ 105.5783, 20.86 ], [ 105.5833, 20.8591 ], [ 105.5836, 20.841 ], [ 105.5788, 20.8371 ], [ 105.5763, 20.8266 ], [ 105.5661, 20.8197 ], [ 105.5615, 20.8103 ], [ 105.5733, 20.8093 ], [ 105.5812, 20.8133 ], [ 105.5841, 20.8237 ], [ 105.5939, 20.8378 ], [ 105.5985, 20.8418 ], [ 105.6079, 20.839 ], [ 105.6165, 20.8323 ], [ 105.6288, 20.8307 ], [ 105.6302, 20.8314 ], [ 105.6308, 20.8391 ], [ 105.6347, 20.8401 ], [ 105.6342, 20.833 ], [ 105.6396, 20.8275 ], [ 105.627, 20.8215 ], [ 105.6291, 20.8102 ], [ 105.6322, 20.8037 ], [ 105.6277, 20.7955 ], [ 105.6309, 20.7934 ], [ 105.6468, 20.7937 ], [ 105.6462, 20.7835 ], [ 105.6422, 20.7814 ], [ 105.64, 20.7758 ], [ 105.6419, 20.7462 ], [ 105.6443, 20.7412 ], [ 105.6519, 20.7356 ], [ 105.6617, 20.7206 ], [ 105.6821, 20.6953 ], [ 105.6782, 20.6852 ], [ 105.6677, 20.6799 ], [ 105.6766, 20.6717 ], [ 105.6789, 20.6546 ], [ 105.677, 20.647 ], [ 105.6828, 20.6396 ], [ 105.6832, 20.6356 ], [ 105.6785, 20.6309 ], [ 105.6723, 20.6308 ], [ 105.6687, 20.6342 ], [ 105.6628, 20.6299 ], [ 105.6621, 20.6278 ], [ 105.6648, 20.6206 ], [ 105.6697, 20.6177 ], [ 105.6823, 20.6168 ], [ 105.6847, 20.6175 ], [ 105.6892, 20.6223 ], [ 105.6987, 20.6224 ], [ 105.7011, 20.6193 ], [ 105.7036, 20.6039 ], [ 105.7062, 20.6004 ], [ 105.719, 20.5971 ], [ 105.7253, 20.6052 ], [ 105.7324, 20.6001 ], [ 105.7413, 20.6001 ], [ 105.7469, 20.5921 ], [ 105.7584, 20.581 ], [ 105.7621, 20.5791 ], [ 105.7681, 20.5649 ], [ 105.7709, 20.5531 ], [ 105.7823, 20.5389 ], [ 105.7936, 20.513 ], [ 105.7998, 20.513 ], [ 105.8022, 20.5043 ], [ 105.8061, 20.4992 ], [ 105.8091, 20.4991 ], [ 105.8118, 20.5036 ], [ 105.8162, 20.5051 ], [ 105.8175, 20.4949 ], [ 105.8215, 20.4911 ], [ 105.8429, 20.4793 ], [ 105.85, 20.4778 ], [ 105.8497, 20.4632 ], [ 105.8531, 20.4315 ], [ 105.8596, 20.4225 ], [ 105.8542, 20.4211 ], [ 105.8419, 20.4213 ], [ 105.8321, 20.4173 ], [ 105.8224, 20.4187 ], [ 105.8013, 20.4358 ], [ 105.7922, 20.4477 ], [ 105.7899, 20.4555 ], [ 105.7863, 20.4546 ], [ 105.7861, 20.4488 ], [ 105.7802, 20.4379 ], [ 105.7762, 20.4374 ], [ 105.7705, 20.4433 ], [ 105.7607, 20.4411 ], [ 105.7562, 20.4425 ], [ 105.7502, 20.4407 ], [ 105.7546, 20.4208 ], [ 105.7576, 20.4166 ], [ 105.7513, 20.4139 ], [ 105.7502, 20.4079 ], [ 105.7541, 20.3996 ], [ 105.7575, 20.3786 ], [ 105.7547, 20.3682 ], [ 105.7445, 20.3673 ], [ 105.7431, 20.3713 ], [ 105.7435, 20.3823 ], [ 105.7284, 20.3866 ], [ 105.7294, 20.4001 ], [ 105.7163, 20.4089 ], [ 105.7098, 20.4095 ], [ 105.7049, 20.4123 ], [ 105.6944, 20.4128 ], [ 105.6843, 20.4113 ], [ 105.6836, 20.4104 ], [ 105.6945, 20.3992 ], [ 105.6918, 20.3901 ], [ 105.7029, 20.3781 ], [ 105.7032, 20.3748 ], [ 105.7158, 20.3522 ], [ 105.727, 20.34 ], [ 105.7226, 20.3313 ], [ 105.7012, 20.3233 ], [ 105.686, 20.3071 ], [ 105.6773, 20.3069 ], [ 105.6684, 20.311 ], [ 105.6307, 20.3459 ], [ 105.6262, 20.3487 ], [ 105.6181, 20.3498 ], [ 105.5973, 20.3647 ], [ 105.5805, 20.37 ], [ 105.57, 20.3619 ], [ 105.5641, 20.36 ], [ 105.5578, 20.3598 ], [ 105.5411, 20.3635 ], [ 105.5366, 20.3701 ], [ 105.529, 20.3721 ], [ 105.5253, 20.3709 ], [ 105.52, 20.3613 ], [ 105.5054, 20.3613 ], [ 105.4961, 20.3643 ], [ 105.4755, 20.3756 ], [ 105.4588, 20.3765 ], [ 105.4244, 20.3878 ], [ 105.4095, 20.3756 ], [ 105.4029, 20.3746 ], [ 105.3686, 20.3858 ], [ 105.3625, 20.391 ], [ 105.355, 20.393 ], [ 105.3509, 20.3907 ], [ 105.3449, 20.3916 ], [ 105.3362, 20.3991 ], [ 105.3135, 20.4108 ], [ 105.3018, 20.4214 ], [ 105.2945, 20.4182 ], [ 105.2801, 20.4259 ], [ 105.276, 20.4316 ], [ 105.2689, 20.4297 ], [ 105.2568, 20.4354 ], [ 105.2621, 20.4453 ], [ 105.2646, 20.4557 ], [ 105.2592, 20.4669 ], [ 105.239, 20.4766 ], [ 105.2378, 20.48 ], [ 105.2427, 20.4886 ], [ 105.2391, 20.4929 ], [ 105.2286, 20.4986 ], [ 105.2278, 20.5054 ], [ 105.2193, 20.507 ], [ 105.2099, 20.5152 ], [ 105.2001, 20.5194 ], [ 105.1885, 20.5188 ], [ 105.181, 20.5222 ], [ 105.1739, 20.5179 ], [ 105.1676, 20.5165 ], [ 105.1642, 20.5216 ], [ 105.1593, 20.5242 ], [ 105.1603, 20.5303 ], [ 105.159, 20.5357 ], [ 105.1516, 20.5436 ], [ 105.138, 20.5461 ], [ 105.1291, 20.5575 ], [ 105.1201, 20.5625 ], [ 105.1095, 20.5649 ], [ 105.1033, 20.5737 ], [ 105.0929, 20.5681 ], [ 105.0802, 20.5768 ], [ 105.06, 20.575 ], [ 105.054, 20.5709 ], [ 105.0518, 20.5629 ], [ 105.0449, 20.5589 ], [ 105.0392, 20.5612 ], [ 105.0201, 20.5597 ], [ 105.0055, 20.5726 ], [ 104.995, 20.5787 ], [ 104.986, 20.5773 ], [ 104.9813, 20.5742 ], [ 104.9796, 20.5753 ], [ 104.9785, 20.5775 ], [ 104.9826, 20.5837 ], [ 104.9828, 20.5913 ], [ 104.9802, 20.5944 ], [ 104.9747, 20.595 ], [ 104.9695, 20.6027 ], [ 104.9594, 20.6089 ], [ 104.9563, 20.6163 ], [ 104.9589, 20.6236 ], [ 104.9579, 20.629 ], [ 104.9494, 20.6368 ], [ 104.9443, 20.6442 ], [ 104.9302, 20.6484 ], [ 104.9148, 20.6604 ], [ 104.8961, 20.6704 ], [ 104.8855, 20.6708 ], [ 104.8767, 20.6636 ], [ 104.8627, 20.6618 ], [ 104.8514, 20.6631 ], [ 104.8452, 20.6518 ], [ 104.8354, 20.66 ], [ 104.8389, 20.6856 ], [ 104.8386, 20.6894 ], [ 104.8334, 20.6989 ], [ 104.8342, 20.7006 ], [ 104.8467, 20.7038 ], [ 104.8386, 20.7146 ], [ 104.8378, 20.7185 ], [ 104.843, 20.7322 ], [ 104.8351, 20.7357 ], [ 104.8358, 20.7481 ], [ 104.8433, 20.7548 ], [ 104.8569, 20.7551 ], [ 104.8684, 20.7659 ], [ 104.8729, 20.7684 ], [ 104.8795, 20.768 ], [ 104.9053, 20.7526 ], [ 104.9167, 20.7497 ], [ 104.9289, 20.7492 ], [ 104.9614, 20.7367 ], [ 104.9769, 20.7249 ], [ 104.981, 20.7234 ], [ 104.9959, 20.724 ], [ 105.0, 20.7301 ], [ 105.0124, 20.7418 ], [ 105.0, 20.7503 ], [ 104.9903, 20.7521 ], [ 104.9902, 20.756 ], [ 104.9988, 20.7698 ], [ 105.0032, 20.7827 ], [ 105.0036, 20.7901 ], [ 105.0109, 20.7871 ], [ 105.0227, 20.8027 ], [ 105.0227, 20.8044 ], [ 105.019, 20.8063 ], [ 105.0109, 20.8062 ], [ 105.0013, 20.8147 ], [ 104.9959, 20.816 ], [ 105.0001, 20.8256 ], [ 104.9993, 20.8299 ], [ 105.002, 20.8338 ], [ 105.0019, 20.8382 ], [ 105.0044, 20.8453 ], [ 105.0025, 20.8467 ], [ 104.9957, 20.8472 ], [ 104.9986, 20.8581 ], [ 104.9913, 20.8681 ], [ 104.9876, 20.8809 ], [ 104.9786, 20.8903 ], [ 104.9738, 20.9095 ], [ 104.9691, 20.9137 ], [ 104.959, 20.916 ], [ 104.9493, 20.9275 ], [ 104.9371, 20.9347 ], [ 104.9233, 20.9618 ], [ 104.9192, 20.9666 ], [ 104.8989, 20.9816 ], [ 104.8911, 20.9968 ], [ 104.8885, 21.0102 ], [ 104.8755, 21.0254 ], [ 104.866, 21.0291 ], [ 104.8508, 21.0774 ], [ 104.8558, 21.0808 ], [ 104.8665, 21.0763 ], [ 104.8677, 21.0818 ], [ 104.8713, 21.087 ], [ 104.8701, 21.0937 ], [ 104.8773, 21.1012 ], [ 104.9051, 21.1133 ], [ 104.9114, 21.1132 ] ] ] } },
{ "type": "Feature", "properties": { "name": "Hung Yen", "epsg": 9209, "epsg_2025": 9209 }, "geometry": { "type": "Polygon", "coordinates": [ [ [ 106.1252, 20.9848 ], [ 106.1254, 20.9811 ], [ 106.1322, 20.979 ], [ 106.1361, 20.9755 ], [ 106.131, 20.9716 ], [ 106.1335, 20.9609 ], [ 106.1463, 20.9595 ], [ 106.1559, 20.9509 ], [ 106.1549, 20.9489 ], [ 106.1484, 20.9453 ], [ 106.147, 20.9288 ], [ 106.1483, 20.9236 ], [ 106.1517, 20.9245 ], [ 106.1533, 20.9185 ], [ 106.1439, 20.9134 ], [ 106.1349, 20.9042 ], [ 106.137, 20.8945 ], [ 106.1445, 20.8912 ], [ 106.1452, 20.885 ], [ 106.1411, 20.8757 ], [ 106.1392, 20.858 ], [ 106.136, 20.8522 ], [ 106.1254, 20.8496 ], [ 106.1274, 20.8442 ], [ 106.1229, 20.8313 ], [ 106.1235, 20.8299 ], [ 106.1269, 20.831 ], [ 106.138, 20.8212 ], [ 106.1389, 20.8184 ], [ 106.1369, 20.8116 ], [ 106.1311, 20.8099 ], [ 106.1296, 20.8076 ], [ 106.1494, 20.7836 ], [ 106.1553, 20.7811 ], [ 106.1602, 20.7855 ], [ 106.1645, 20.7858 ], [ 106.1796, 20.7645 ], [ 106.1851, 20.7641 ], [ 106.1912, 20.766 ], [ 106.1965, 20.7568 ], [ 106.2012, 20.7534 ], [ 106.2129, 20.7513 ], [ 106.2149, 20.7486 ], [ 106.217, 20.7394 ], [ 106.2163, 20.7262 ], [ 106.2254, 20.7068 ], [ 106.2403, 20.6979 ], [ 106.2471, 20.6875 ], [ 106.2677, 20.6855 ], [ 106.2676, 20.6837 ], [ 106.2639, 20.6806 ], [ 106.242, 20.6722 ], [ 106.2289, 20.6593 ], [ 106.2162, 20.6568 ], [ 106.2158, 20.6534 ], [ 106.2229, 20.6465 ], [ 106.2235, 20.6432 ], [ 106.222, 20.6423 ], [ 106.2014, 20.6449 ], [ 106.1745, 20.6593 ], [ 106.1696, 20.6568 ], [ 106.167, 20.647 ], [ 106.1626, 20.6462 ], [ 106.1566, 20.6492 ], [ 106.1453, 20.6597 ], [ 106.1348, 20.6597 ], [ 106.1255, 20.65 ], [ 106.1202, 20.6474 ], [ 106.1128, 20.6466 ], [ 106.1082, 20.6421 ], [ 106.1092, 20.6379 ], [ 106.1166, 20.6372 ], [ 106.1267, 20.6295 ], [ 106.1277, 20.6256 ], [ 106.1255, 20.6229 ], [ 106.1186, 20.6181 ], [ 106.1039, 20.619 ], [ 106.0958, 20.617 ], [ 106.0757, 20.6044 ], [ 106.0667, 20.6048 ], [ 106.0545, 20.6102 ], [ 106.0345, 20.6341 ], [ 106.0314, 20.6454 ], [ 106.033, 20.6824 ], [ 106.0256, 20.6936 ], [ 106.0165, 20.7011 ], [ 106.0035, 20.7052 ], [ 105.9878, 20.7047 ], [ 105.9776, 20.7006 ], [ 105.9722, 20.7019 ], [ 105.9636, 20.7263 ], [ 105.9645, 20.7318 ], [ 105.9675, 20.735 ], [ 105.9657, 20.7504 ], [ 105.966, 20.7733 ], [ 105.9585, 20.7804 ], [ 105.933, 20.7858 ], [ 105.9236, 20.7903 ], [ 105.9142, 20.8056 ], [ 105.9095, 20.8209 ], [ 105.9094, 20.8339 ], [ 105.9117, 20.8394 ], [ 105.9147, 20.8432 ], [ 105.9278, 20.8507 ], [ 105.932, 20.855 ], [ 105.9344, 20.8621 ], [ 105.9333, 20.868 ], [ 105.9317, 20.8715 ], [ 105.9246, 20.8784 ], [ 105.898, 20.8921 ], [ 105.8943, 20.8959 ], [ 105.8937, 20.9001 ], [ 105.8968, 20.9055 ], [ 105.9083, 20.9148 ], [ 105.911, 20.9189 ], [ 105.9102, 20.9231 ], [ 105.9063, 20.9274 ], [ 105.9128, 20.9385 ], [ 105.9024, 20.947 ], [ 105.9034, 20.9574 ], [ 105.9101, 20.9746 ], [ 105.9143, 20.9764 ], [ 105.9295, 20.9748 ], [ 105.9347, 20.969 ], [ 105.9523, 20.9695 ], [ 105.9622, 20.9651 ], [ 105.961, 20.9825 ], [ 105.9592, 20.9881 ], [ 105.9605, 20.9921 ], [ 105.9656, 20.9893 ], [ 105.969, 20.9919 ], [ 105.9711, 20.9974 ], [ 105.9751, 20.9992 ], [ 105.9849, 20.9975 ], [ 105.9889, 21.0017 ], [ 105.9923, 21.0023 ], [ 106.0063, 20.9995 ], [ 106.0157, 21.0031 ], [ 106.017, 20.9997 ], [ 106.0269, 20.9943 ], [ 106.0392, 21.003 ], [ 106.0538, 21.0074 ], [ 106.0548, 21.0028 ], [ 106.0566, 21.0014 ], [ 106.068, 21.0018 ], [ 106.0784, 20.997 ], [ 106.084, 21.0072 ], [ 106.09, 21.008 ], [ 106.0897, 21.0063 ], [ 106.1005, 20.9983 ], [ 106.1072, 21.0007 ], [ 106.1137, 20.9968 ], [ 106.1137, 20.9845 ], [ 106.1193, 20.9857 ], [ 106.1252, 20.9848 ] ] ] } },
{ "type": "Feature", "properties": { "name": "Kien Giang", "epsg": 9207, "epsg_2025": 9208 }, "geometry": { "type": "MultiPolygon", "coordinates": [ [ [ [ 103.4391, 9.2639 ], [ 103.4359, 9.2647 ], [ 103.4351, 9.2684 ], [ 103.4386, 9.2675 ], [ 103.4391, 9.2639 ] ] ], [ [ [ 103.4626, 9.2896 ], [ 103.458, 9.2909 ], [ 103.4583, 9.2936 ], [ 103.4631, 9.2924 ], [ 103.4626, 9.2896 ] ] ], [ [ [ 103.4795, 9.3034 ], [ 103.4761, 9.3039 ], [ 103.4757, 9.3056 ], [ 103.4794, 9.3064 ], [ 103.4806, 9.3053 ], [ 103.4795, 9.3034 ] ] ], [ [ [ 103.4252, 9.3109 ], [ 103.4186, 9.3094 ], [ 103.4181, 9.3119 ], [ 103.4201, 9.3137 ], [ 103.4246, 9.3143 ], [ 103.4252, 9.3109 ] ] ], [ [ [ 103.4911, 9.3219 ], [ 103.4867, 9.3218 ], [ 103.4878, 9.325 ], [ 103.4912, 9.3241 ], [ 103.4911, 9.3219 ] ] ], [ [ [ 103.4518, 9.3274 ], [ 103.4777, 9.3261 ], [ 103.4802, 9.3208 ], [ 103.4793, 9.3178 ], [ 103.4568, 9.2966 ], [ 103.4514, 9.2931 ], [ 103.445, 9.2931 ], [ 103.4434, 9.2941 ], [ 103.4418, 9.3044 ], [ 103.4324, 9.3114 ], [ 103.431, 9.3165 ], [ 103.4369, 9.3212 ], [ 103.4518, 9.3274 ] ] ], [ [ [ 103.5037, 9.3215 ], [ 103.5007, 9.3219 ], [ 103.4971, 9.3268 ], [ 103.501, 9.3272 ], [ 103.5034, 9.3255 ], [ 103.5037, 9.3215 ] ] ], [ [ [ 104.3983, 9.6438 ], [ 104.3921, 9.6346 ], [ 104.3859, 9.6393 ], [ 104.3983, 9.6438 ] ] ], [ [ [ 104.3589, 9.6431 ], [ 104.3565, 9.6453 ], [ 104.3569, 9.648 ], [ 104.3591, 9.6452 ], [ 104.3589, 9.6431 ] ] ], [ [ [ 104.3928, 9.6474 ], [ 104.3902, 9.6491 ], [ 104.3918, 9.6518 ], [ 104.3946, 9.6501 ], [ 104.3928, 9.6474 ] ] ], [ [ [ 104.3532, 9.6476 ], [ 104.3525, 9.6508 ], [ 104.3545, 9.6525 ], [ 104.355, 9.6499 ], [ 104.3532, 9.6476 ] ] ], [ [ [ 104.3567, 9.6535 ], [ 104.3543, 9.6548 ], [ 104.3551, 9.6579 ], [ 104.3586, 9.6558 ], [ 104.3567, 9.6535 ] ] ], [ [ [ 104.3821, 9.6517 ], [ 104.3805, 9.6523 ], [ 104.3804, 9.6555 ], [ 104.3826, 9.6585 ], [ 104.3841, 9.6558 ], [ 104.3821, 9.6517 ] ] ], [ [ [ 104.389, 9.6602 ], [ 104.3915, 9.6679 ], [ 104.3917, 9.6764 ], [ 104.3939, 9.6773 ], [ 104.3977, 9.6759 ], [ 104.3981, 9.674 ], [ 104.3941, 9.6698 ], [ 104.3952, 9.6638 ], [ 104.3924, 9.6634 ], [ 104.389, 9.6602 ] ] ], [ [ [ 104.3789, 9.6772 ], [ 104.3763, 9.6789 ], [ 104.3782, 9.6816 ], [ 104.3808, 9.6796 ], [ 104.3789, 9.6772 ] ] ], [ [ [ 104.3958, 9.6792 ], [ 104.3931, 9.6809 ], [ 104.3947, 9.6836 ], [ 104.3975, 9.6819 ], [ 104.3958, 9.6792 ] ] ], [ [ [ 104.3974, 9.6839 ], [ 104.3947, 9.6856 ], [ 104.3963, 9.6883 ], [ 104.3992, 9.6866 ], [ 104.3974, 9.6839 ] ] ], [ [ [ 104.3804, 9.682 ], [ 104.3788, 9.6849 ], [ 104.3807, 9.6894 ], [ 104.3866, 9.6937 ], [ 104.3886, 9.6935 ], [ 104.3893, 9.6919 ], [ 104.3853, 9.6847 ], [ 104.3804, 9.682 ] ] ], [ [ [ 104.3804, 9.7019 ], [ 104.3762, 9.699 ], [ 104.3754, 9.703 ], [ 104.3748, 9.7105 ], [ 104.3759, 9.7114 ], [ 104.3808, 9.7075 ], [ 104.3804, 9.7019 ] ] ], [ [ [ 104.3553, 9.6594 ], [ 104.3518, 9.6588 ], [ 104.3475, 9.6607 ], [ 104.3405, 9.6692 ], [ 104.3387, 9.6758 ], [ 104.339, 9.6867 ], [ 104.3434, 9.6887 ], [ 104.3483, 9.695 ], [ 104.3459, 9.7059 ], [ 104.3464, 9.711 ], [ 104.3479, 9.7119 ], [ 104.3515, 9.7099 ], [ 104.3559, 9.6972 ], [ 104.3506, 9.692 ], [ 104.3536, 9.6686 ], [ 104.3563, 9.6619 ], [ 104.3553, 9.6594 ] ] ], [ [ [ 104.3588, 9.7087 ], [ 104.3562, 9.7104 ], [ 104.3582, 9.7131 ], [ 104.3607, 9.7111 ], [ 104.3588, 9.7087 ] ] ], [ [ [ 104.3377, 9.702 ], [ 104.3359, 9.7028 ], [ 104.3347, 9.7121 ], [ 104.336, 9.7161 ], [ 104.3377, 9.702 ] ] ], [ [ [ 104.3471, 9.7196 ], [ 104.3457, 9.7199 ], [ 104.3444, 9.7265 ], [ 104.3467, 9.7295 ], [ 104.3483, 9.7282 ], [ 104.3487, 9.7235 ], [ 104.3471, 9.7196 ] ] ], [ [ [ 104.3358, 9.728 ], [ 104.3332, 9.7297 ], [ 104.3348, 9.7324 ], [ 104.3376, 9.7307 ], [ 104.3358, 9.728 ] ] ], [ [ [ 104.3542, 9.7367 ], [ 104.3544, 9.7431 ], [ 104.3584, 9.7422 ], [ 104.3584, 9.7384 ], [ 104.3542, 9.7367 ] ] ], [ [ [ 104.0274, 9.7972 ], [ 104.0248, 9.7989 ], [ 104.0267, 9.8016 ], [ 104.0293, 9.7996 ], [ 104.0274, 9.7972 ] ] ], [ [ [ 104.6506, 9.8006 ], [ 104.6452, 9.7969 ], [ 104.6394, 9.7963 ], [ 104.6262, 9.8005 ], [ 104.6166, 9.7974 ], [ 104.6129, 9.7974 ], [ 104.6111, 9.7995 ], [ 104.6159, 9.8136 ], [ 104.6255, 9.8211 ], [ 104.6319, 9.824 ], [ 104.6536, 9.8206 ], [ 104.6553, 9.8192 ], [ 104.6558, 9.8127 ], [ 104.6506, 9.8006 ] ] ], [ [ [ 104.044, 9.8198 ], [ 104.0424, 9.8213 ], [ 104.0447, 9.8252 ], [ 104.046, 9.8252 ], [ 104.0473, 9.8233 ], [ 104.044, 9.8198 ] ] ], [ [ [ 104.0944, 9.844 ], [ 104.0931, 9.8439 ], [ 104.0912, 9.8497 ], [ 104.0927, 9.852 ], [ 104.096, 9.8526 ], [ 104.0973, 9.8507 ], [ 104.0944, 9.844 ] ] ], [ [ [ 103.9917, 9.9019 ], [ 103.9891, 9.9036 ], [ 103.9907, 9.9063 ], [ 103.9935, 9.9046 ], [ 103.9917, 9.9019 ] ] ], [ [ [ 104.0209, 9.9065 ], [ 104.0183, 9.9083 ], [ 104.0202, 9.911 ], [ 104.0228, 9.9089 ], [ 104.0209, 9.9065 ] ] ], [ [ [ 104.0158, 9.9155 ], [ 104.0136, 9.9107 ], [ 104.009, 9.9122 ], [ 104.0094, 9.9137 ], [ 104.0134, 9.9137 ], [ 104.0158, 9.9155 ] ] ], [ [ [ 103.9888, 9.9099 ], [ 103.9846, 9.911 ], [ 103.9839, 9.9138 ], [ 103.988, 9.9155 ], [ 103.9932, 9.9142 ], [ 103.9888, 9.9099 ] ] ], [ [ [ 104.0241, 9.9177 ], [ 104.0199, 9.9178 ], [ 104.0197, 9.9215 ], [ 104.0232, 9.9197 ], [ 104.0241, 9.9177 ] ] ], [ [ [ 103.9801, 9.918 ], [ 103.9775, 9.9197 ], [ 103.9794, 9.9225 ], [ 103.982, 9.9204 ], [ 103.9801, 9.918 ] ] ], [ [ [ 104.0014, 9.9163 ], [ 103.9945, 9.9202 ], [ 103.9939, 9.9218 ], [ 104.0, 9.9238 ], [ 104.0014, 9.9163 ] ] ], [ [ [ 103.9921, 9.9275 ], [ 103.9895, 9.9292 ], [ 103.9914, 9.9319 ], [ 103.994, 9.9299 ], [ 103.9921, 9.9275 ] ] ], [ [ [ 104.0174, 9.9293 ], [ 104.0149, 9.9301 ], [ 104.0145, 9.933 ], [ 104.0188, 9.9348 ], [ 104.0213, 9.932 ], [ 104.0174, 9.9293 ] ] ], [ [ [ 104.0208, 9.9412 ], [ 104.0091, 9.9491 ], [ 104.009, 9.9508 ], [ 104.0119, 9.9535 ], [ 104.011, 9.9621 ], [ 104.0077, 9.9659 ], [ 104.0096, 9.9697 ], [ 104.0153, 9.9685 ], [ 104.0209, 9.9606 ], [ 104.0209, 9.9537 ], [ 104.0239, 9.9461 ], [ 104.0208, 9.9412 ] ] ], [ [ [ 104.837, 9.9499 ], [ 104.8312, 9.9518 ], [ 104.8276, 9.9548 ], [ 104.8249, 9.961 ], [ 104.826, 9.9673 ], [ 104.8411, 9.9771 ], [ 104.8476, 9.9801 ], [ 104.8504, 9.9796 ], [ 104.8522, 9.977 ], [ 104.8438, 9.9726 ], [ 104.8401, 9.956 ], [ 104.837, 9.9499 ] ] ], [ [ [ 104.4943, 9.9757 ], [ 104.4917, 9.9774 ], [ 104.4936, 9.9802 ], [ 104.4961, 9.9785 ], [ 104.4943, 9.9757 ] ] ], [ [ [ 104.0249, 9.9696 ], [ 104.0144, 9.9778 ], [ 104.0119, 9.9856 ], [ 104.0154, 9.9858 ], [ 104.0202, 9.9819 ], [ 104.0249, 9.9696 ] ] ], [ [ [ 104.041, 9.9922 ], [ 104.0369, 9.9939 ], [ 104.0348, 9.9986 ], [ 104.0402, 9.9947 ], [ 104.041, 9.9922 ] ] ], [ [ [ 104.01, 9.9918 ], [ 104.0056, 9.9952 ], [ 104.0054, 10.0026 ], [ 104.0125, 9.9954 ], [ 104.01, 9.9918 ] ] ], [ [ [ 104.0343, 9.9997 ], [ 104.0276, 10.0041 ], [ 104.0268, 10.0075 ], [ 104.0318, 10.0051 ], [ 104.0343, 9.9997 ] ] ], [ [ [ 104.5575, 10.0187 ], [ 104.5485, 10.0165 ], [ 104.5412, 10.03 ], [ 104.5454, 10.0374 ], [ 104.5497, 10.0396 ], [ 104.5531, 10.0387 ], [ 104.5598, 10.0275 ], [ 104.5575, 10.0187 ] ] ], [ [ [ 104.5029, 10.0851 ], [ 104.5002, 10.0862 ], [ 104.5062, 10.0894 ], [ 104.506, 10.0872 ], [ 104.5029, 10.0851 ] ] ], [ [ [ 104.5093, 10.0886 ], [ 104.5068, 10.0904 ], [ 104.5087, 10.0931 ], [ 104.5112, 10.091 ], [ 104.5093, 10.0886 ] ] ], [ [ [ 104.5113, 10.0964 ], [ 104.5092, 10.1 ], [ 104.5092, 10.1059 ], [ 104.5113, 10.1079 ], [ 104.5148, 10.1055 ], [ 104.5113, 10.0964 ] ] ], [ [ [ 104.5031, 10.1083 ], [ 104.4987, 10.108 ], [ 104.4965, 10.104 ], [ 104.4945, 10.1035 ], [ 104.4973, 10.1136 ], [ 104.5003, 10.113 ], [ 104.5031, 10.1083 ] ] ], [ [ [ 104.4967, 10.1227 ], [ 104.4924, 10.1275 ], [ 104.4933, 10.1307 ], [ 104.4969, 10.1284 ], [ 104.4967, 10.1227 ] ] ], [ [ [ 104.541, 10.1235 ], [ 104.5384, 10.1256 ], [ 104.5401, 10.1344 ], [ 104.5422, 10.1357 ], [ 104.544, 10.1332 ], [ 104.541, 10.1235 ] ] ], [ [ [ 104.5524, 10.1327 ], [ 104.5498, 10.1344 ], [ 104.5514, 10.1371 ], [ 104.5542, 10.1354 ], [ 104.5524, 10.1327 ] ] ], [ [ [ 104.4943, 10.1357 ], [ 104.492, 10.1364 ], [ 104.4931, 10.1389 ], [ 104.4953, 10.1379 ], [ 104.4943, 10.1357 ] ] ], [ [ [ 104.5445, 10.1352 ], [ 104.5419, 10.1369 ], [ 104.5438, 10.1397 ], [ 104.5464, 10.1376 ], [ 104.5445, 10.1352 ] ] ], [ [ [ 104.4968, 10.1381 ], [ 104.4942, 10.1398 ], [ 104.4958, 10.1425 ], [ 104.4986, 10.1408 ], [ 104.4968, 10.1381 ] ] ], [ [ [ 104.5308, 10.1401 ], [ 104.5282, 10.1419 ], [ 104.5301, 10.1446 ], [ 104.5327, 10.1425 ], [ 104.5308, 10.1401 ] ] ], [ [ [ 104.4918, 10.139 ], [ 104.4909, 10.142 ], [ 104.4938, 10.1449 ], [ 104.4943, 10.1435 ], [ 104.4918, 10.139 ] ] ], [ [ [ 104.5205, 10.139 ], [ 104.5175, 10.1398 ], [ 104.518, 10.1452 ], [ 104.5216, 10.1405 ], [ 104.5205, 10.139 ] ] ], [ [ [ 104.5488, 10.1403 ], [ 104.5456, 10.1414 ], [ 104.5467, 10.1462 ], [ 104.5489, 10.1473 ], [ 104.5516, 10.1452 ], [ 104.5488, 10.1403 ] ] ], [ [ [ 104.5528, 10.1486 ], [ 104.5476, 10.1515 ], [ 104.5478, 10.154 ], [ 104.5526, 10.151 ], [ 104.5528, 10.1486 ] ] ], [ [ [ 104.5047, 10.1504 ], [ 104.5021, 10.1521 ], [ 104.504, 10.1549 ], [ 104.5066, 10.1528 ], [ 104.5047, 10.1504 ] ] ], [ [ [ 104.5878, 10.1529 ], [ 104.5843, 10.1534 ], [ 104.584, 10.1547 ], [ 104.586, 10.1559 ], [ 104.5908, 10.1552 ], [ 104.5878, 10.1529 ] ] ], [ [ [ 104.5793, 10.1541 ], [ 104.5708, 10.1548 ], [ 104.5699, 10.1569 ], [ 104.5755, 10.1581 ], [ 104.5803, 10.1565 ], [ 104.5793, 10.1541 ] ] ], [ [ [ 104.5193, 10.1487 ], [ 104.5163, 10.1524 ], [ 104.5238, 10.1611 ], [ 104.525, 10.1589 ], [ 104.5193, 10.1487 ] ] ], [ [ [ 104.5289, 10.1608 ], [ 104.5263, 10.1625 ], [ 104.5282, 10.1652 ], [ 104.5307, 10.1635 ], [ 104.5289, 10.1608 ] ] ], [ [ [ 104.5772, 10.168 ], [ 104.5746, 10.1699 ], [ 104.5766, 10.1724 ], [ 104.5791, 10.1703 ], [ 104.5772, 10.168 ] ] ], [ [ [ 104.5767, 10.1729 ], [ 104.5742, 10.1749 ], [ 104.5762, 10.1774 ], [ 104.5787, 10.1756 ], [ 104.5767, 10.1729 ] ] ], [ [ [ 104.5909, 10.1768 ], [ 104.5893, 10.1769 ], [ 104.5888, 10.179 ], [ 104.5917, 10.1813 ], [ 104.5909, 10.1768 ] ] ], [ [ [ 104.5703, 10.1783 ], [ 104.5677, 10.18 ], [ 104.5696, 10.1827 ], [ 104.5722, 10.1807 ], [ 104.5703, 10.1783 ] ] ], [ [ [ 104.5308, 10.1704 ], [ 104.5282, 10.1712 ], [ 104.5277, 10.1801 ], [ 104.5221, 10.1862 ], [ 104.5251, 10.1899 ], [ 104.5287, 10.1889 ], [ 104.5313, 10.1853 ], [ 104.5327, 10.1729 ], [ 104.5308, 10.1704 ] ] ], [ [ [ 104.332, 10.2887 ], [ 104.3323, 10.2875 ], [ 104.3261, 10.285 ], [ 104.322, 10.285 ], [ 104.3222, 10.2876 ], [ 104.3239, 10.2889 ], [ 104.332, 10.2887 ] ] ], [ [ [ 104.313, 10.2902 ], [ 104.3104, 10.2924 ], [ 104.3125, 10.2947 ], [ 104.315, 10.2925 ], [ 104.313, 10.2902 ] ] ], [ [ [ 104.3376, 10.2905 ], [ 104.3357, 10.2921 ], [ 104.3395, 10.2988 ], [ 104.3413, 10.2972 ], [ 104.3408, 10.2935 ], [ 104.3376, 10.2905 ] ] ], [ [ [ 104.3488, 10.2973 ], [ 104.3442, 10.2976 ], [ 104.3473, 10.3019 ], [ 104.3501, 10.3002 ], [ 104.3488, 10.2973 ] ] ], [ [ [ 104.3148, 10.301 ], [ 104.3152, 10.3059 ], [ 104.3185, 10.3075 ], [ 104.3191, 10.3047 ], [ 104.3148, 10.301 ] ] ], [ [ [ 104.3205, 10.3117 ], [ 104.318, 10.3138 ], [ 104.32, 10.3162 ], [ 104.3225, 10.314 ], [ 104.3205, 10.3117 ] ] ], [ [ [ 104.3274, 10.3201 ], [ 104.3323, 10.3233 ], [ 104.3367, 10.3223 ], [ 104.3353, 10.3191 ], [ 104.3269, 10.3137 ], [ 104.3223, 10.3194 ], [ 104.3221, 10.3233 ], [ 104.3235, 10.3238 ], [ 104.3274, 10.3201 ] ] ], [ [ [ 104.276, 10.3539 ], [ 104.2715, 10.3555 ], [ 104.272, 10.3578 ], [ 104.2743, 10.3575 ], [ 104.276, 10.3539 ] ] ], [ [ [ 104.3187, 10.3542 ], [ 104.3173, 10.3586 ], [ 104.3188, 10.3621 ], [ 104.3197, 10.3558 ], [ 104.3187, 10.3542 ] ] ], [ [ [ 103.8125, 10.3579 ], [ 103.8099, 10.3596 ], [ 103.8115, 10.3623 ], [ 103.8143, 10.3606 ], [ 103.8125, 10.3579 ] ] ], [ [ [ 104.3071, 10.3616 ], [ 104.3045, 10.3632 ], [ 104.3061, 10.366 ], [ 104.3089, 10.3643 ], [ 104.3071, 10.3616 ] ] ], [ [ [ 104.0746, 10.3868 ], [ 104.072, 10.3889 ], [ 104.0741, 10.3913 ], [ 104.0766, 10.3892 ], [ 104.0746, 10.3868 ] ] ], [ [ [ 104.3281, 10.3943 ], [ 104.3246, 10.3951 ], [ 104.3241, 10.398 ], [ 104.3289, 10.4026 ], [ 104.3309, 10.4027 ], [ 104.3281, 10.3943 ] ] ], [ [ [ 104.3343, 10.4015 ], [ 104.3318, 10.4034 ], [ 104.3338, 10.4059 ], [ 104.3363, 10.404 ], [ 104.3343, 10.4015 ] ] ], [ [ [ 104.3295, 10.404 ], [ 104.3269, 10.4059 ], [ 104.3288, 10.4084 ], [ 104.3314, 10.4065 ], [ 104.3295, 10.404 ] ] ], [ [ [ 104.0613, 10.4063 ], [ 104.0587, 10.408 ], [ 104.0603, 10.4107 ], [ 104.0631, 10.4091 ], [ 104.0613, 10.4063 ] ] ], [ [ [ 104.0526, 10.4126 ], [ 104.05, 10.4146 ], [ 104.052, 10.4171 ], [ 104.0545, 10.415 ], [ 104.0526, 10.4126 ] ] ], [ [ [ 104.0472, 10.4148 ], [ 104.0445, 10.4164 ], [ 104.0462, 10.4192 ], [ 104.0489, 10.4175 ], [ 104.0472, 10.4148 ] ] ], [ [ [ 104.3434, 10.4248 ], [ 104.3408, 10.4236 ], [ 104.3401, 10.4263 ], [ 104.3425, 10.4286 ], [ 104.3434, 10.4248 ] ] ], [ [ [ 104.3234, 10.4304 ], [ 104.312, 10.4332 ], [ 104.3186, 10.4387 ], [ 104.3203, 10.4459 ], [ 104.3317, 10.4398 ], [ 104.3306, 10.4342 ], [ 104.3234, 10.4304 ] ] ], [ [ [ 104.0265, 10.4163 ], [ 104.0328, 10.4134 ], [ 104.0366, 10.4167 ], [ 104.039, 10.4164 ], [ 104.0595, 10.3941 ], [ 104.0717, 10.3769 ], [ 104.0786, 10.3561 ], [ 104.0729, 10.351 ], [ 104.0706, 10.3409 ], [ 104.0721, 10.3308 ], [ 104.0787, 10.3102 ], [ 104.0779, 10.3021 ], [ 104.0734, 10.2886 ], [ 104.0731, 10.2781 ], [ 104.0797, 10.2479 ], [ 104.076, 10.2382 ], [ 104.0547, 10.2017 ], [ 104.0416, 10.1584 ], [ 104.0304, 10.1429 ], [ 104.0293, 10.1383 ], [ 104.0342, 10.1234 ], [ 104.0336, 10.1183 ], [ 104.0302, 10.1139 ], [ 104.0161, 10.083 ], [ 104.0203, 10.0755 ], [ 104.0341, 10.0739 ], [ 104.0412, 10.0703 ], [ 104.0282, 10.0328 ], [ 104.0357, 10.0231 ], [ 104.0494, 10.0112 ], [ 104.05, 10.0064 ], [ 104.0413, 10.011 ], [ 104.0176, 10.0192 ], [ 104.0142, 10.0179 ], [ 104.0113, 10.0113 ], [ 104.0073, 10.012 ], [ 104.0061, 10.025 ], [ 104.0014, 10.0386 ], [ 103.9893, 10.0496 ], [ 103.9854, 10.0847 ], [ 103.9682, 10.17 ], [ 103.9592, 10.2074 ], [ 103.9517, 10.2284 ], [ 103.9352, 10.2586 ], [ 103.915, 10.2885 ], [ 103.9093, 10.2923 ], [ 103.8962, 10.2908 ], [ 103.8897, 10.2919 ], [ 103.883, 10.3009 ], [ 103.874, 10.3076 ], [ 103.8668, 10.309 ], [ 103.8578, 10.3067 ], [ 103.8547, 10.3086 ], [ 103.8428, 10.3526 ], [ 103.8319, 10.3685 ], [ 103.8341, 10.3778 ], [ 103.8439, 10.379 ], [ 103.9182, 10.3608 ], [ 103.9259, 10.3625 ], [ 103.9319, 10.3681 ], [ 103.9407, 10.3832 ], [ 103.9448, 10.4022 ], [ 103.9526, 10.4068 ], [ 103.966, 10.4106 ], [ 103.9714, 10.4408 ], [ 103.9791, 10.4482 ], [ 103.9894, 10.4522 ], [ 103.9959, 10.4523 ], [ 104.0027, 10.4498 ], [ 104.0265, 10.4163 ] ] ], [ [ [ 104.3318, 10.4506 ], [ 104.329, 10.4522 ], [ 104.3305, 10.4549 ], [ 104.3335, 10.4533 ], [ 104.3318, 10.4506 ] ] ], [ [ [ 104.6917, 10.5393 ], [ 104.7512, 10.5202 ], [ 104.7767, 10.5203 ], [ 104.7778, 10.5126 ], [ 104.7815, 10.5074 ], [ 104.7765, 10.4886 ], [ 104.7951, 10.4687 ], [ 104.8073, 10.4419 ], [ 104.8278, 10.4071 ], [ 104.8256, 10.4046 ], [ 104.8634, 10.3561 ], [ 104.8744, 10.3514 ], [ 105.0, 10.3236 ], [ 105.0159, 10.3182 ], [ 105.0151, 10.317 ], [ 105.1245, 10.2539 ], [ 105.2042, 10.1846 ], [ 105.2258, 10.2142 ], [ 105.2298, 10.2101 ], [ 105.224, 10.202 ], [ 105.2756, 10.1603 ], [ 105.2963, 10.1394 ], [ 105.3016, 10.1445 ], [ 105.3089, 10.1355 ], [ 105.3153, 10.1423 ], [ 105.3514, 10.1014 ], [ 105.355, 10.0834 ], [ 105.3626, 10.0744 ], [ 105.405, 10.0372 ], [ 105.5375, 9.9139 ], [ 105.5144, 9.8642 ], [ 105.5187, 9.86 ], [ 105.4752, 9.8329 ], [ 105.4671, 9.8319 ], [ 105.4527, 9.8229 ], [ 105.4289, 9.8172 ], [ 105.4324, 9.7922 ], [ 105.4238, 9.7879 ], [ 105.426, 9.7862 ], [ 105.4254, 9.7841 ], [ 105.4236, 9.7835 ], [ 105.4207, 9.7862 ], [ 105.4198, 9.7792 ], [ 105.4166, 9.7837 ], [ 105.4138, 9.7822 ], [ 105.4119, 9.7792 ], [ 105.415, 9.7765 ], [ 105.4148, 9.7743 ], [ 105.4131, 9.7743 ], [ 105.4093, 9.7783 ], [ 105.4073, 9.7734 ], [ 105.4031, 9.7703 ], [ 105.4052, 9.7661 ], [ 105.4053, 9.7606 ], [ 105.4117, 9.7619 ], [ 105.4136, 9.7559 ], [ 105.3916, 9.7453 ], [ 105.3908, 9.7391 ], [ 105.3884, 9.7362 ], [ 105.3712, 9.731 ], [ 105.3601, 9.7176 ], [ 105.3535, 9.7125 ], [ 105.3377, 9.7046 ], [ 105.3269, 9.7023 ], [ 105.327, 9.6991 ], [ 105.3355, 9.6893 ], [ 105.3375, 9.6771 ], [ 105.3566, 9.6693 ], [ 105.3708, 9.6737 ], [ 105.3721, 9.671 ], [ 105.3675, 9.6655 ], [ 105.3678, 9.6607 ], [ 105.3827, 9.6593 ], [ 105.392, 9.6613 ], [ 105.4048, 9.6532 ], [ 105.3992, 9.6474 ], [ 105.3996, 9.6458 ], [ 105.4051, 9.6448 ], [ 105.3974, 9.6317 ], [ 105.3975, 9.6231 ], [ 105.3889, 9.6267 ], [ 105.3862, 9.6229 ], [ 105.3793, 9.6203 ], [ 105.3735, 9.6114 ], [ 105.3723, 9.5969 ], [ 105.3707, 9.598 ], [ 105.36, 9.5937 ], [ 105.3443, 9.5936 ], [ 105.3427, 9.5954 ], [ 105.3403, 9.6138 ], [ 105.3377, 9.613 ], [ 105.3286, 9.6004 ], [ 105.3259, 9.6 ], [ 105.3161, 9.6061 ], [ 105.3055, 9.6097 ], [ 105.2998, 9.6244 ], [ 105.2941, 9.6335 ], [ 105.2934, 9.6388 ], [ 105.2911, 9.6384 ], [ 105.2868, 9.6317 ], [ 105.2844, 9.6251 ], [ 105.2873, 9.6156 ], [ 105.2846, 9.6009 ], [ 105.293, 9.586 ], [ 105.3112, 9.5728 ], [ 105.3062, 9.5636 ], [ 105.3064, 9.5569 ], [ 105.309, 9.5568 ], [ 105.3154, 9.5612 ], [ 105.3225, 9.5592 ], [ 105.3209, 9.5454 ], [ 105.3245, 9.5408 ], [ 105.3245, 9.5331 ], [ 105.3282, 9.5291 ], [ 105.3197, 9.5279 ], [ 105.3182, 9.5253 ], [ 105.3194, 9.5202 ], [ 105.3221, 9.5176 ], [ 105.3147, 9.5043 ], [ 105.3107, 9.5047 ], [ 105.3084, 9.5075 ], [ 105.3035, 9.5079 ], [ 105.3004, 9.5077 ], [ 105.2967, 9.5039 ], [ 105.2943, 9.4821 ], [ 105.2915, 9.4777 ], [ 105.29, 9.4651 ], [ 105.2899, 9.4521 ], [ 105.2938, 9.435 ], [ 105.286, 9.4361 ], [ 105.2765, 9.4341 ], [ 105.2603, 9.3999 ], [ 105.1787, 9.4518 ], [ 105.0011, 9.5595 ], [ 104.9976, 9.5472 ], [ 104.9927, 9.5397 ], [ 104.971, 9.5475 ], [ 104.9612, 9.5567 ], [ 104.9441, 9.534 ], [ 104.9171, 9.5606 ], [ 104.9154, 9.5641 ], [ 104.8797, 9.4952 ], [ 104.8551, 9.5165 ], [ 104.8437, 9.5304 ], [ 104.8329, 9.5319 ], [ 104.8374, 9.5792 ], [ 104.8561, 9.7207 ], [ 104.8611, 9.7394 ], [ 104.8711, 9.7674 ], [ 104.8852, 9.8276 ], [ 104.8943, 9.8474 ], [ 104.9002, 9.8522 ], [ 104.9057, 9.8528 ], [ 104.9116, 9.8512 ], [ 104.9141, 9.8486 ], [ 104.9322, 9.8479 ], [ 104.942, 9.8499 ], [ 104.9543, 9.8552 ], [ 104.9639, 9.8628 ], [ 105.0043, 9.9078 ], [ 105.03, 9.9311 ], [ 105.0418, 9.9396 ], [ 105.0579, 9.9481 ], [ 105.0735, 9.9505 ], [ 105.0792, 9.9472 ], [ 105.0862, 9.9287 ], [ 105.0962, 9.928 ], [ 105.1013, 9.9304 ], [ 105.1072, 9.9517 ], [ 105.1, 9.9555 ], [ 105.0723, 10.0138 ], [ 105.0078, 10.0808 ], [ 104.9949, 10.0915 ], [ 104.9823, 10.0996 ], [ 104.9715, 10.1008 ], [ 104.9528, 10.0987 ], [ 104.9035, 10.0869 ], [ 104.891, 10.087 ], [ 104.882, 10.0906 ], [ 104.8736, 10.0971 ], [ 104.8642, 10.1094 ], [ 104.8461, 10.1404 ], [ 104.8129, 10.1862 ], [ 104.7962, 10.202 ], [ 104.7682, 10.2198 ], [ 104.7467, 10.2264 ], [ 104.7312, 10.228 ], [ 104.719, 10.2241 ], [ 104.7025, 10.2144 ], [ 104.6898, 10.2044 ], [ 104.6709, 10.1842 ], [ 104.6468, 10.1505 ], [ 104.6471, 10.1419 ], [ 104.6422, 10.1373 ], [ 104.6378, 10.138 ], [ 104.6313, 10.1447 ], [ 104.6156, 10.1482 ], [ 104.6112, 10.1477 ], [ 104.6065, 10.1435 ], [ 104.5982, 10.1453 ], [ 104.5986, 10.1485 ], [ 104.608, 10.1602 ], [ 104.6081, 10.164 ], [ 104.5956, 10.1808 ], [ 104.5879, 10.1868 ], [ 104.5884, 10.189 ], [ 104.5936, 10.1899 ], [ 104.5948, 10.1938 ], [ 104.5933, 10.1996 ], [ 104.5894, 10.2046 ], [ 104.5834, 10.2085 ], [ 104.5903, 10.2163 ], [ 104.5845, 10.2409 ], [ 104.5857, 10.2477 ], [ 104.5658, 10.2776 ], [ 104.5515, 10.2897 ], [ 104.5431, 10.2926 ], [ 104.5361, 10.2863 ], [ 104.5331, 10.2783 ], [ 104.5291, 10.2781 ], [ 104.5288, 10.281 ], [ 104.5324, 10.2879 ], [ 104.5255, 10.3023 ], [ 104.5301, 10.3116 ], [ 104.5253, 10.3248 ], [ 104.5127, 10.3427 ], [ 104.485, 10.3718 ], [ 104.4851, 10.3776 ], [ 104.4822, 10.3803 ], [ 104.4804, 10.3796 ], [ 104.4759, 10.3837 ], [ 104.4714, 10.3834 ], [ 104.4438, 10.3652 ], [ 104.4405, 10.3667 ], [ 104.4407, 10.3701 ], [ 104.4442, 10.3759 ], [ 104.4414, 10.3862 ], [ 104.4441, 10.3908 ], [ 104.4494, 10.3949 ], [ 104.4508, 10.4007 ], [ 104.4461, 10.4137 ], [ 104.4369, 10.423 ], [ 104.459, 10.4292 ], [ 104.4777, 10.4285 ], [ 104.4851, 10.4235 ], [ 104.4935, 10.4121 ], [ 104.4967, 10.4166 ], [ 104.5096, 10.4215 ], [ 104.5138, 10.44 ], [ 104.5197, 10.4487 ], [ 104.5235, 10.4519 ], [ 104.5314, 10.4532 ], [ 104.5351, 10.4494 ], [ 104.5379, 10.4534 ], [ 104.5472, 10.4598 ], [ 104.548, 10.4704 ], [ 104.5532, 10.4833 ], [ 104.553, 10.4942 ], [ 104.5564, 10.4998 ], [ 104.5632, 10.5022 ], [ 104.5707, 10.499 ], [ 104.581, 10.5047 ], [ 104.5802, 10.5226 ], [ 104.5817, 10.5279 ], [ 104.5893, 10.5375 ], [ 104.5965, 10.5408 ], [ 104.6046, 10.5407 ], [ 104.627, 10.5311 ], [ 104.6394, 10.5323 ], [ 104.6476, 10.5407 ], [ 104.6917, 10.5393 ] ] ] ] } },
{ "type": "Feature", "properties": { "name": "Kon Tum", "epsg": 9216, "epsg_2025": 5898 }, "geometry": { "type": "Polygon", "coordinates": [ [ [ 108.2367, 15.0327 ], [ 108.2485, 15.0265 ], [ 108.2506, 15.0239 ], [ 108.2521, 15.0109 ], [ 108.2611, 15.0 ], [ 108.2636, 14.99 ], [ 108.2667, 14.9854 ], [ 108.2801, 14.9759 ], [ 108.2883, 14.9622 ], [ 108.2984, 14.9571 ], [ 108.3126, 14.9458 ], [ 108.3156, 14.9342 ], [ 108.3207, 14.9274 ], [ 108.3217, 14.9123 ], [ 108.3303, 14.9111 ], [ 108.3369, 14.9079 ], [ 108.3435, 14.9003 ], [ 108.349, 14.8972 ], [ 108.3494, 14.8813 ], [ 108.3533, 14.8798 ], [ 108.3601, 14.8832 ], [ 108.3644, 14.8804 ], [ 108.3759, 14.8472 ], [ 108.3954, 14.8261 ], [ 108.4085, 14.8189 ], [ 108.4227, 14.8188 ], [ 108.4291, 14.8173 ], [ 108.437, 14.8059 ], [ 108.4514, 14.8017 ], [ 108.4559, 14.7913 ], [ 108.4697, 14.794 ], [ 108.4919, 14.8014 ], [ 108.5023, 14.7796 ], [ 108.5134, 14.775 ], [ 108.5173, 14.7716 ], [ 108.5203, 14.7605 ], [ 108.5261, 14.7543 ], [ 108.5269, 14.7466 ], [ 108.522, 14.742 ], [ 108.51, 14.7138 ], [ 108.495, 14.7015 ], [ 108.495, 14.6995 ], [ 108.5025, 14.6918 ], [ 108.5094, 14.6904 ], [ 108.5111, 14.6859 ], [ 108.4974, 14.6608 ], [ 108.4833, 14.6446 ], [ 108.4789, 14.6321 ], [ 108.4802, 14.6269 ], [ 108.4875, 14.6228 ], [ 108.4953, 14.6224 ], [ 108.5022, 14.6241 ], [ 108.5081, 14.6229 ], [ 108.5208, 14.6252 ], [ 108.5261, 14.623 ], [ 108.5326, 14.6055 ], [ 108.5455, 14.5897 ], [ 108.5324, 14.5818 ], [ 108.5297, 14.5782 ], [ 108.5273, 14.5582 ], [ 108.5212, 14.5548 ], [ 108.5121, 14.5542 ], [ 108.5084, 14.5477 ], [ 108.4935, 14.5448 ], [ 108.4863, 14.5453 ], [ 108.4554, 14.554 ], [ 108.4405, 14.5561 ], [ 108.4143, 14.573 ], [ 108.4082, 14.5903 ], [ 108.3997, 14.5996 ], [ 108.3853, 14.6031 ], [ 108.3802, 14.5999 ], [ 108.3729, 14.6009 ], [ 108.3688, 14.5953 ], [ 108.3652, 14.5857 ], [ 108.3557, 14.5806 ], [ 108.3556, 14.573 ], [ 108.3568, 14.5661 ], [ 108.3643, 14.5608 ], [ 108.3719, 14.5497 ], [ 108.3721, 14.5456 ], [ 108.3694, 14.5389 ], [ 108.3702, 14.537 ], [ 108.3818, 14.5264 ], [ 108.38, 14.5132 ], [ 108.3656, 14.5028 ], [ 108.3439, 14.4776 ], [ 108.3233, 14.4569 ], [ 108.3214, 14.4449 ], [ 108.3177, 14.4386 ], [ 108.3119, 14.4341 ], [ 108.3048, 14.4235 ], [ 108.2962, 14.4201 ], [ 108.2901, 14.4088 ], [ 108.2947, 14.3975 ], [ 108.2944, 14.392 ], [ 108.2717, 14.3888 ], [ 108.2533, 14.392 ], [ 108.2432, 14.3975 ], [ 108.2338, 14.3917 ], [ 108.2279, 14.3932 ], [ 108.2199, 14.3921 ], [ 108.2078, 14.388 ], [ 108.2054, 14.3858 ], [ 108.2025, 14.3782 ], [ 108.1982, 14.3749 ], [ 108.1887, 14.371 ], [ 108.1684, 14.3684 ], [ 108.1634, 14.3665 ], [ 108.1587, 14.3629 ], [ 108.151, 14.3502 ], [ 108.1441, 14.3502 ], [ 108.1412, 14.3537 ], [ 108.1416, 14.3555 ], [ 108.1471, 14.3584 ], [ 108.1478, 14.3616 ], [ 108.1394, 14.361 ], [ 108.1373, 14.3579 ], [ 108.1326, 14.3562 ], [ 108.1258, 14.3571 ], [ 108.1133, 14.3642 ], [ 108.1061, 14.3543 ], [ 108.1102, 14.3465 ], [ 108.1055, 14.3402 ], [ 108.0949, 14.3353 ], [ 108.0763, 14.334 ], [ 108.0768, 14.3298 ], [ 108.0852, 14.3249 ], [ 108.0856, 14.3201 ], [ 108.0788, 14.3108 ], [ 108.0579, 14.2666 ], [ 108.0385, 14.2778 ], [ 108.0359, 14.2767 ], [ 108.0266, 14.265 ], [ 108.0116, 14.2416 ], [ 108.0083, 14.2409 ], [ 107.9982, 14.2455 ], [ 107.9912, 14.2457 ], [ 107.9626, 14.2302 ], [ 107.9586, 14.2297 ], [ 107.9106, 14.2659 ], [ 107.9005, 14.276 ], [ 107.8947, 14.2798 ], [ 107.8808, 14.283 ], [ 107.848, 14.2764 ], [ 107.8361, 14.2705 ], [ 107.8342, 14.2641 ], [ 107.8366, 14.2372 ], [ 107.8324, 14.2338 ], [ 107.8247, 14.2334 ], [ 107.8195, 14.2266 ], [ 107.8171, 14.2171 ], [ 107.8145, 14.2149 ], [ 107.8056, 14.2143 ], [ 107.7941, 14.2225 ], [ 107.7815, 14.2267 ], [ 107.7768, 14.218 ], [ 107.7696, 14.2196 ], [ 107.762, 14.2154 ], [ 107.7606, 14.2123 ], [ 107.7609, 14.2063 ], [ 107.7577, 14.2033 ], [ 107.7227, 14.2165 ], [ 107.7087, 14.2185 ], [ 107.6968, 14.217 ], [ 107.6885, 14.2223 ], [ 107.6863, 14.2222 ], [ 107.6776, 14.2069 ], [ 107.6759, 14.2008 ], [ 107.6764, 14.1922 ], [ 107.6727, 14.1834 ], [ 107.6566, 14.167 ], [ 107.6625, 14.1407 ], [ 107.655, 14.1042 ], [ 107.6489, 14.1026 ], [ 107.647, 14.0998 ], [ 107.6472, 14.0974 ], [ 107.6556, 14.0855 ], [ 107.6494, 14.0705 ], [ 107.6313, 14.0552 ], [ 107.6265, 14.0558 ], [ 107.6164, 14.0641 ], [ 107.6122, 14.0644 ], [ 107.6097, 14.0532 ], [ 107.6018, 14.0492 ], [ 107.5991, 14.0461 ], [ 107.5989, 14.0302 ], [ 107.5898, 14.0235 ], [ 107.5756, 14.0196 ], [ 107.5582, 14.0228 ], [ 107.5494, 14.0265 ], [ 107.5441, 14.0223 ], [ 107.5417, 14.0138 ], [ 107.5385, 14.0118 ], [ 107.5283, 14.0149 ], [ 107.5197, 14.0149 ], [ 107.519, 14.0111 ], [ 107.5247, 13.9855 ], [ 107.5233, 13.9838 ], [ 107.5104, 13.9822 ], [ 107.5025, 13.9735 ], [ 107.4714, 13.9586 ], [ 107.4675, 13.9535 ], [ 107.4675, 13.9369 ], [ 107.461, 13.9313 ], [ 107.4578, 13.9246 ], [ 107.4525, 13.9318 ], [ 107.4515, 13.9372 ], [ 107.4509, 13.947 ], [ 107.4526, 13.9591 ], [ 107.4507, 13.9818 ], [ 107.4452, 13.9977 ], [ 107.403, 13.9901 ], [ 107.3835, 13.9902 ], [ 107.3548, 14.0201 ], [ 107.3548, 14.0232 ], [ 107.3612, 14.0373 ], [ 107.3601, 14.0555 ], [ 107.3616, 14.0622 ], [ 107.3633, 14.0656 ], [ 107.3658, 14.0666 ], [ 107.3775, 14.0659 ], [ 107.379, 14.0671 ], [ 107.3804, 14.0792 ], [ 107.3772, 14.0833 ], [ 107.365, 14.0857 ], [ 107.3408, 14.097 ], [ 107.3344, 14.1011 ], [ 107.3308, 14.1089 ], [ 107.3333, 14.1178 ], [ 107.3471, 14.1464 ], [ 107.3599, 14.1627 ], [ 107.3573, 14.1719 ], [ 107.366, 14.1804 ], [ 107.3737, 14.1814 ], [ 107.3776, 14.1855 ], [ 107.3845, 14.2037 ], [ 107.4026, 14.2337 ], [ 107.404, 14.2574 ], [ 107.4075, 14.2667 ], [ 107.4072, 14.2761 ], [ 107.4042, 14.2931 ], [ 107.3907, 14.3155 ], [ 107.3892, 14.324 ], [ 107.3897, 14.3279 ], [ 107.407, 14.3499 ], [ 107.4078, 14.3633 ], [ 107.4158, 14.3661 ], [ 107.4197, 14.3732 ], [ 107.4183, 14.3886 ], [ 107.4195, 14.4004 ], [ 107.4173, 14.4078 ], [ 107.418, 14.4113 ], [ 107.4222, 14.4172 ], [ 107.434, 14.4175 ], [ 107.4412, 14.4252 ], [ 107.4458, 14.4271 ], [ 107.4546, 14.4199 ], [ 107.459, 14.4078 ], [ 107.4647, 14.4065 ], [ 107.4723, 14.4095 ], [ 107.4812, 14.4043 ], [ 107.4838, 14.4047 ], [ 107.4867, 14.4077 ], [ 107.4883, 14.4165 ], [ 107.4874, 14.4298 ], [ 107.4944, 14.4391 ], [ 107.4985, 14.4485 ], [ 107.4998, 14.453 ], [ 107.4983, 14.4657 ], [ 107.5013, 14.4751 ], [ 107.5019, 14.4836 ], [ 107.5102, 14.5007 ], [ 107.507, 14.5094 ], [ 107.5076, 14.511 ], [ 107.514, 14.514 ], [ 107.5191, 14.5209 ], [ 107.5204, 14.5311 ], [ 107.5243, 14.5366 ], [ 107.5254, 14.5464 ], [ 107.5299, 14.5543 ], [ 107.5287, 14.5587 ], [ 107.5219, 14.5655 ], [ 107.521, 14.578 ], [ 107.5162, 14.5842 ], [ 107.5158, 14.587 ], [ 107.5203, 14.5905 ], [ 107.523, 14.5982 ], [ 107.5349, 14.6028 ], [ 107.5406, 14.607 ], [ 107.5434, 14.6123 ], [ 107.5373, 14.6242 ], [ 107.5477, 14.6534 ], [ 107.5482, 14.6792 ], [ 107.5581, 14.69 ], [ 107.5552, 14.7061 ], [ 107.5552, 14.7202 ], [ 107.5539, 14.7221 ], [ 107.5484, 14.7235 ], [ 107.5201, 14.7268 ], [ 107.5197, 14.7292 ], [ 107.5229, 14.7336 ], [ 107.5357, 14.7428 ], [ 107.5386, 14.7467 ], [ 107.5391, 14.751 ], [ 107.5307, 14.7679 ], [ 107.5225, 14.7766 ], [ 107.507, 14.7855 ], [ 107.5054, 14.7907 ], [ 107.5073, 14.7954 ], [ 107.5121, 14.8006 ], [ 107.5207, 14.8059 ], [ 107.5225, 14.8139 ], [ 107.5378, 14.8221 ], [ 107.5425, 14.8298 ], [ 107.5563, 14.8389 ], [ 107.568, 14.8526 ], [ 107.5817, 14.8592 ], [ 107.5859, 14.8638 ], [ 107.5876, 14.8741 ], [ 107.5862, 14.8821 ], [ 107.5815, 14.894 ], [ 107.5706, 14.8946 ], [ 107.5594, 14.9031 ], [ 107.5479, 14.904 ], [ 107.5384, 14.9088 ], [ 107.5314, 14.9168 ], [ 107.5264, 14.9303 ], [ 107.5177, 14.9316 ], [ 107.5076, 14.9307 ], [ 107.5044, 14.932 ], [ 107.4966, 14.9426 ], [ 107.4889, 14.946 ], [ 107.4781, 14.9555 ], [ 107.4768, 14.962 ], [ 107.4788, 14.9692 ], [ 107.4782, 14.9722 ], [ 107.4645, 14.985 ], [ 107.4664, 14.9879 ], [ 107.4746, 14.9884 ], [ 107.476, 14.9903 ], [ 107.4674, 14.9999 ], [ 107.4654, 15.0095 ], [ 107.4727, 15.0222 ], [ 107.4848, 15.025 ], [ 107.502, 15.0259 ], [ 107.5093, 15.0293 ], [ 107.5391, 15.0506 ], [ 107.5474, 15.0486 ], [ 107.578, 15.0304 ], [ 107.5815, 15.03 ], [ 107.5864, 15.0313 ], [ 107.5875, 15.0423 ], [ 107.5939, 15.0499 ], [ 107.6142, 15.0479 ], [ 107.6194, 15.0522 ], [ 107.6175, 15.0601 ], [ 107.5982, 15.0866 ], [ 107.5978, 15.0901 ], [ 107.6052, 15.0974 ], [ 107.6138, 15.1038 ], [ 107.6194, 15.1055 ], [ 107.621, 15.1082 ], [ 107.6211, 15.111 ], [ 107.616, 15.1206 ], [ 107.6083, 15.1279 ], [ 107.6077, 15.1301 ], [ 107.6092, 15.132 ], [ 107.6195, 15.1358 ], [ 107.6225, 15.1391 ], [ 107.6234, 15.1417 ], [ 107.622, 15.1466 ], [ 107.6242, 15.1504 ], [ 107.6222, 15.1528 ], [ 107.6155, 15.1553 ], [ 107.6093, 15.1711 ], [ 107.6009, 15.1833 ], [ 107.5932, 15.1917 ], [ 107.582, 15.1992 ], [ 107.5817, 15.2018 ], [ 107.5919, 15.2058 ], [ 107.5909, 15.21 ], [ 107.5928, 15.212 ], [ 107.5957, 15.211 ], [ 107.6006, 15.2056 ], [ 107.6095, 15.2129 ], [ 107.6193, 15.2151 ], [ 107.6197, 15.2174 ], [ 107.6168, 15.2223 ], [ 107.6188, 15.2274 ], [ 107.6218, 15.2263 ], [ 107.6312, 15.231 ], [ 107.6307, 15.2323 ], [ 107.6246, 15.2316 ], [ 107.6217, 15.2367 ], [ 107.622, 15.2409 ], [ 107.6189, 15.2505 ], [ 107.6185, 15.2669 ], [ 107.6161, 15.2707 ], [ 107.6138, 15.2885 ], [ 107.6224, 15.3113 ], [ 107.6315, 15.3134 ], [ 107.6329, 15.3195 ], [ 107.6241, 15.3299 ], [ 107.6127, 15.3336 ], [ 107.6077, 15.3377 ], [ 107.6042, 15.3672 ], [ 107.5969, 15.3796 ], [ 107.5975, 15.3858 ], [ 107.6102, 15.3952 ], [ 107.6151, 15.4062 ], [ 107.6219, 15.4161 ], [ 107.6279, 15.4179 ], [ 107.6308, 15.4184 ], [ 107.6366, 15.4158 ], [ 107.643, 15.4053 ], [ 107.6518, 15.3989 ], [ 107.6595, 15.3871 ], [ 107.6583, 15.375 ], [ 107.6615, 15.3559 ], [ 107.6679, 15.3474 ], [ 107.6763, 15.342 ], [ 107.691, 15.3187 ], [ 107.7063, 15.3047 ], [ 107.7139, 15.3083 ], [ 107.727, 15.3091 ], [ 107.7246, 15.2925 ], [ 107.7257, 15.2678 ], [ 107.7318, 15.2517 ], [ 107.7353, 15.2358 ], [ 107.7351, 15.2303 ], [ 107.746, 15.2312 ], [ 107.7527, 15.237 ], [ 107.7552, 15.2371 ], [ 107.7665, 15.2322 ], [ 107.7694, 15.2238 ], [ 107.775, 15.2198 ], [ 107.7945, 15.2178 ], [ 107.8066, 15.2134 ], [ 107.8198, 15.216 ], [ 107.8297, 15.2092 ], [ 107.8346, 15.2081 ], [ 107.8558, 15.2112 ], [ 107.8687, 15.2109 ], [ 107.8822, 15.1973 ], [ 107.8896, 15.1943 ], [ 107.9, 15.2071 ], [ 107.9086, 15.2083 ], [ 107.914, 15.2119 ], [ 107.9265, 15.2103 ], [ 107.9317, 15.2018 ], [ 107.9328, 15.195 ], [ 107.9473, 15.1874 ], [ 107.9494, 15.1764 ], [ 107.9577, 15.1724 ], [ 107.9754, 15.1676 ], [ 107.9959, 15.1558 ], [ 108.0009, 15.1476 ], [ 108.0021, 15.1422 ], [ 107.9982, 15.1335 ], [ 107.9959, 15.1177 ], [ 107.9823, 15.0885 ], [ 107.9754, 15.0817 ], [ 107.9746, 15.0705 ], [ 107.9591, 15.0636 ], [ 107.9548, 15.0602 ], [ 107.9518, 15.0572 ], [ 107.9506, 15.0514 ], [ 107.9579, 15.0428 ], [ 107.9549, 15.0379 ], [ 107.9646, 15.0215 ], [ 107.9699, 15.0155 ], [ 107.9811, 15.0092 ], [ 107.9851, 15.0019 ], [ 107.9879, 15.0002 ], [ 107.9999, 15.0012 ], [ 108.0082, 14.999 ], [ 108.0154, 15.0021 ], [ 108.0189, 15.0018 ], [ 108.025, 14.9988 ], [ 108.0425, 14.9945 ], [ 108.0466, 14.9915 ], [ 108.0632, 14.9698 ], [ 108.074, 14.9695 ], [ 108.0838, 14.9653 ], [ 108.0854, 14.9626 ], [ 108.0855, 14.9539 ], [ 108.0878, 14.9516 ], [ 108.1035, 14.953 ], [ 108.1161, 14.9603 ], [ 108.1483, 14.9643 ], [ 108.1539, 14.9691 ], [ 108.1574, 14.9746 ], [ 108.1582, 14.9837 ], [ 108.1489, 15.0147 ], [ 108.1477, 15.0222 ], [ 108.1489, 15.0356 ], [ 108.1456, 15.0472 ], [ 108.1465, 15.0501 ], [ 108.1597, 15.0611 ], [ 108.1697, 15.063 ], [ 108.1741, 15.0617 ], [ 108.2021, 15.0414 ], [ 108.2104, 15.0331 ], [ 108.222, 15.0306 ], [ 108.2367, 15.0327 ] ] ] } },
{ "type": "Feature", "properties": { "name": "Lai Chau", "epsg": 9205, "epsg_2025": 9205 }, "geometry": { "type": "Polygon", "coordinates": [ [ [ 103.5253, 22.5968 ], [ 103.5307, 22.5848 ], [ 103.5465, 22.5895 ], [ 103.5547, 22.5864 ], [ 103.5631, 22.5804 ], [ 103.57, 22.5791 ], [ 103.5644, 22.5688 ], [ 103.5768, 22.55 ], [ 103.5815, 22.5329 ], [ 103.5908, 22.5297 ], [ 103.5937, 22.5271 ], [ 103.5832, 22.5114 ], [ 103.5857, 22.5068 ], [ 103.5819, 22.5002 ], [ 103.5747, 22.4913 ], [ 103.5638, 22.4848 ], [ 103.5533, 22.4712 ], [ 103.5561, 22.4658 ], [ 103.5642, 22.4589 ], [ 103.5693, 22.4508 ], [ 103.5752, 22.4476 ], [ 103.579, 22.44 ], [ 103.586, 22.4368 ], [ 103.5861, 22.43 ], [ 103.5954, 22.4289 ], [ 103.601, 22.4254 ], [ 103.601, 22.412 ], [ 103.6247, 22.397 ], [ 103.6454, 22.4038 ], [ 103.6605, 22.4041 ], [ 103.694, 22.4092 ], [ 103.7089, 22.4094 ], [ 103.7149, 22.4148 ], [ 103.7178, 22.4153 ], [ 103.7217, 22.4133 ], [ 103.7269, 22.4172 ], [ 103.7374, 22.4139 ], [ 103.7446, 22.4091 ], [ 103.763, 22.3912 ], [ 103.7662, 22.3797 ], [ 103.7634, 22.3739 ], [ 103.7649, 22.369 ], [ 103.7648, 22.3555 ], [ 103.7714, 22.3542 ], [ 103.7789, 22.3484 ], [ 103.7757, 22.3431 ], [ 103.78, 22.3386 ], [ 103.7723, 22.3363 ], [ 103.7684, 22.333 ], [ 103.771, 22.3273 ], [ 103.7642, 22.3166 ], [ 103.7654, 22.3126 ], [ 103.7717, 22.3086 ], [ 103.774, 22.3035 ], [ 103.7781, 22.3025 ], [ 103.7848, 22.3036 ], [ 103.7881, 22.3019 ], [ 103.8171, 22.2782 ], [ 103.8253, 22.2695 ], [ 103.8268, 22.2613 ], [ 103.8326, 22.2524 ], [ 103.8384, 22.2481 ], [ 103.8414, 22.2425 ], [ 103.8422, 22.2364 ], [ 103.8402, 22.2268 ], [ 103.8496, 22.2201 ], [ 103.8549, 22.2071 ], [ 103.8594, 22.2045 ], [ 103.8656, 22.2037 ], [ 103.871, 22.198 ], [ 103.8699, 22.1899 ], [ 103.8662, 22.1872 ], [ 103.8639, 22.1817 ], [ 103.8705, 22.1772 ], [ 103.8795, 22.1766 ], [ 103.8868, 22.1742 ], [ 103.8976, 22.1583 ], [ 103.9039, 22.1564 ], [ 103.9137, 22.1447 ], [ 103.9187, 22.1426 ], [ 103.9341, 22.1423 ], [ 103.9361, 22.1404 ], [ 103.9378, 22.128 ], [ 103.9366, 22.1206 ], [ 103.9424, 22.1071 ], [ 103.9422, 22.0996 ], [ 103.9377, 22.0905 ], [ 103.938, 22.0857 ], [ 103.9514, 22.0628 ], [ 103.9541, 22.0361 ], [ 103.9517, 22.0271 ], [ 103.9636, 22.0141 ], [ 103.9629, 22.0093 ], [ 103.9545, 21.9998 ], [ 103.9699, 21.9843 ], [ 103.9726, 21.9763 ], [ 103.9829, 21.9679 ], [ 103.9759, 21.9614 ], [ 103.9681, 21.9589 ], [ 103.9622, 21.9487 ], [ 103.9611, 21.9399 ], [ 103.9419, 21.9194 ], [ 103.9331, 21.9223 ], [ 103.9212, 21.9316 ], [ 103.917, 21.9327 ], [ 103.9082, 21.9243 ], [ 103.8965, 21.9215 ], [ 103.8904, 21.9217 ], [ 103.8847, 21.9069 ], [ 103.888, 21.8661 ], [ 103.9184, 21.8379 ], [ 103.9188, 21.8342 ], [ 103.9157, 21.832 ], [ 103.9163, 21.8301 ], [ 103.9337, 21.8201 ], [ 103.937, 21.8139 ], [ 103.9499, 21.8005 ], [ 103.9492, 21.7906 ], [ 103.9536, 21.7881 ], [ 103.9576, 21.7787 ], [ 103.965, 21.7707 ], [ 103.9617, 21.7578 ], [ 103.95, 21.7575 ], [ 103.9515, 21.7423 ], [ 103.9459, 21.7447 ], [ 103.9367, 21.7449 ], [ 103.9294, 21.7434 ], [ 103.9142, 21.736 ], [ 103.9176, 21.7281 ], [ 103.9107, 21.7169 ], [ 103.9197, 21.7088 ], [ 103.921, 21.7044 ], [ 103.9201, 21.7017 ], [ 103.9146, 21.6978 ], [ 103.9038, 21.6958 ], [ 103.8983, 21.6994 ], [ 103.8881, 21.7028 ], [ 103.8801, 21.7096 ], [ 103.8798, 21.6892 ], [ 103.8774, 21.6873 ], [ 103.8708, 21.687 ], [ 103.8589, 21.6942 ], [ 103.8514, 21.6925 ], [ 103.8467, 21.7023 ], [ 103.8407, 21.7023 ], [ 103.8367, 21.7081 ], [ 103.8312, 21.7305 ], [ 103.835, 21.7383 ], [ 103.8311, 21.7443 ], [ 103.8277, 21.7382 ], [ 103.8235, 21.7361 ], [ 103.8114, 21.7406 ], [ 103.8033, 21.7406 ], [ 103.7876, 21.7645 ], [ 103.7806, 21.7652 ], [ 103.7804, 21.7726 ], [ 103.7767, 21.7803 ], [ 103.7675, 21.7798 ], [ 103.7601, 21.7818 ], [ 103.7556, 21.7789 ], [ 103.7526, 21.7807 ], [ 103.7514, 21.7891 ], [ 103.7569, 21.8043 ], [ 103.7565, 21.8098 ], [ 103.7514, 21.8116 ], [ 103.744, 21.8098 ], [ 103.7333, 21.8106 ], [ 103.722, 21.8075 ], [ 103.7139, 21.8141 ], [ 103.7095, 21.8219 ], [ 103.6948, 21.8258 ], [ 103.6927, 21.8311 ], [ 103.6945, 21.8388 ], [ 103.7037, 21.8441 ], [ 103.7076, 21.8575 ], [ 103.7193, 21.8713 ], [ 103.7209, 21.8806 ], [ 103.7147, 21.8808 ], [ 103.7131, 21.8866 ], [ 103.7061, 21.8852 ], [ 103.7026, 21.8864 ], [ 103.7037, 21.9031 ], [ 103.696, 21.9128 ], [ 103.6884, 21.9148 ], [ 103.6862, 21.9203 ], [ 103.6813, 21.9219 ], [ 103.6876, 21.9328 ], [ 103.6864, 21.9433 ], [ 103.6698, 21.9477 ], [ 103.6642, 21.9517 ], [ 103.6583, 21.9648 ], [ 103.6594, 21.974 ], [ 103.6569, 21.981 ], [ 103.6502, 21.9858 ], [ 103.6502, 21.9931 ], [ 103.6483, 21.9949 ], [ 103.6416, 21.9951 ], [ 103.6324, 21.9903 ], [ 103.6149, 21.9998 ], [ 103.5996, 22.0134 ], [ 103.5698, 22.0196 ], [ 103.5587, 22.0242 ], [ 103.552, 22.0238 ], [ 103.5426, 22.0309 ], [ 103.5223, 22.0242 ], [ 103.5112, 22.0124 ], [ 103.5139, 22.0079 ], [ 103.5135, 22.0031 ], [ 103.5102, 21.9989 ], [ 103.5119, 21.9921 ], [ 103.5063, 21.9843 ], [ 103.4983, 21.9794 ], [ 103.495, 21.9711 ], [ 103.4881, 21.9764 ], [ 103.4745, 21.9798 ], [ 103.4663, 21.9894 ], [ 103.4641, 21.9967 ], [ 103.4575, 22.0021 ], [ 103.4514, 22.0125 ], [ 103.4546, 22.018 ], [ 103.466, 22.0263 ], [ 103.4668, 22.0313 ], [ 103.4529, 22.0536 ], [ 103.4467, 22.0576 ], [ 103.442, 22.058 ], [ 103.4342, 22.0557 ], [ 103.422, 22.0684 ], [ 103.4129, 22.0886 ], [ 103.402, 22.1299 ], [ 103.3893, 22.1448 ], [ 103.3896, 22.1539 ], [ 103.3867, 22.1573 ], [ 103.3509, 22.153 ], [ 103.3308, 22.1547 ], [ 103.318, 22.1441 ], [ 103.3052, 22.1153 ], [ 103.2887, 22.1125 ], [ 103.2862, 22.1107 ], [ 103.2828, 22.1069 ], [ 103.2712, 22.0763 ], [ 103.2723, 22.0698 ], [ 103.2748, 22.0662 ], [ 103.2888, 22.0513 ], [ 103.2894, 22.0459 ], [ 103.2879, 22.0434 ], [ 103.2851, 22.0407 ], [ 103.2812, 22.0396 ], [ 103.2411, 22.0502 ], [ 103.2138, 22.0692 ], [ 103.2083, 22.0708 ], [ 103.1996, 22.0691 ], [ 103.1886, 22.0711 ], [ 103.1801, 22.0746 ], [ 103.1696, 22.0815 ], [ 103.1681, 22.0814 ], [ 103.1627, 22.0752 ], [ 103.1532, 22.0764 ], [ 103.1462, 22.0683 ], [ 103.1401, 22.0694 ], [ 103.1307, 22.0753 ], [ 103.1187, 22.0954 ], [ 103.0996, 22.1032 ], [ 103.0931, 22.0782 ], [ 103.0872, 22.0704 ], [ 103.0938, 22.0663 ], [ 103.0917, 22.0587 ], [ 103.0754, 22.0587 ], [ 103.0608, 22.0633 ], [ 103.0573, 22.0615 ], [ 103.0537, 22.0544 ], [ 103.0404, 22.0488 ], [ 103.0331, 22.05 ], [ 103.0189, 22.0568 ], [ 103.0092, 22.0529 ], [ 102.9982, 22.0529 ], [ 102.9944, 22.046 ], [ 102.9922, 22.0364 ], [ 102.9848, 22.0278 ], [ 102.9765, 22.0313 ], [ 102.9678, 22.0312 ], [ 102.9617, 22.0372 ], [ 102.9619, 22.0439 ], [ 102.9466, 22.0595 ], [ 102.9417, 22.0672 ], [ 102.9306, 22.0685 ], [ 102.928, 22.0704 ], [ 102.9266, 22.0775 ], [ 102.9346, 22.087 ], [ 102.931, 22.1041 ], [ 102.924, 22.1079 ], [ 102.9245, 22.0939 ], [ 102.9232, 22.092 ], [ 102.9121, 22.0912 ], [ 102.9041, 22.0871 ], [ 102.8969, 22.0794 ], [ 102.8892, 22.0757 ], [ 102.877, 22.0811 ], [ 102.8643, 22.0793 ], [ 102.8615, 22.0764 ], [ 102.8597, 22.0699 ], [ 102.8544, 22.0647 ], [ 102.85, 22.0671 ], [ 102.8332, 22.0653 ], [ 102.8198, 22.0662 ], [ 102.8087, 22.0739 ], [ 102.7921, 22.0814 ], [ 102.7871, 22.0854 ], [ 102.7756, 22.0881 ], [ 102.7746, 22.0939 ], [ 102.7794, 22.1013 ], [ 102.7754, 22.1036 ], [ 102.7683, 22.1126 ], [ 102.758, 22.1188 ], [ 102.743, 22.1326 ], [ 102.7373, 22.1453 ], [ 102.7377, 22.1534 ], [ 102.735, 22.1653 ], [ 102.7357, 22.1711 ], [ 102.7456, 22.1783 ], [ 102.7473, 22.1971 ], [ 102.7514, 22.2087 ], [ 102.7482, 22.2111 ], [ 102.7487, 22.2151 ], [ 102.747, 22.218 ], [ 102.7385, 22.2244 ], [ 102.7364, 22.2313 ], [ 102.7278, 22.2387 ], [ 102.7196, 22.2387 ], [ 102.7137, 22.2421 ], [ 102.7088, 22.2392 ], [ 102.7008, 22.2456 ], [ 102.6913, 22.2468 ], [ 102.6755, 22.2635 ], [ 102.6605, 22.2556 ], [ 102.6604, 22.2537 ], [ 102.6767, 22.2461 ], [ 102.6845, 22.2389 ], [ 102.6861, 22.2301 ], [ 102.6925, 22.2199 ], [ 102.6957, 22.2101 ], [ 102.6937, 22.1995 ], [ 102.6872, 22.1932 ], [ 102.6846, 22.1833 ], [ 102.6769, 22.1716 ], [ 102.6717, 22.1687 ], [ 102.6563, 22.1762 ], [ 102.6395, 22.1779 ], [ 102.6342, 22.1882 ], [ 102.6274, 22.191 ], [ 102.6212, 22.1974 ], [ 102.6171, 22.1989 ], [ 102.6155, 22.2036 ], [ 102.6165, 22.2113 ], [ 102.6139, 22.2175 ], [ 102.6143, 22.2231 ], [ 102.6188, 22.2284 ], [ 102.6178, 22.2348 ], [ 102.6003, 22.243 ], [ 102.5805, 22.2576 ], [ 102.5719, 22.2613 ], [ 102.5626, 22.2612 ], [ 102.5529, 22.2454 ], [ 102.5442, 22.2433 ], [ 102.5302, 22.2486 ], [ 102.5181, 22.2572 ], [ 102.5117, 22.2648 ], [ 102.5084, 22.2759 ], [ 102.5052, 22.2813 ], [ 102.4982, 22.2907 ], [ 102.4884, 22.2976 ], [ 102.4891, 22.3034 ], [ 102.4743, 22.319 ], [ 102.4719, 22.3268 ], [ 102.4683, 22.3291 ], [ 102.4624, 22.3369 ], [ 102.4555, 22.3414 ], [ 102.4545, 22.3489 ], [ 102.4472, 22.3589 ], [ 102.4389, 22.3666 ], [ 102.4337, 22.3672 ], [ 102.4239, 22.3716 ], [ 102.4221, 22.3823 ], [ 102.4178, 22.3873 ], [ 102.4067, 22.3894 ], [ 102.3977, 22.4018 ], [ 102.3917, 22.4017 ], [ 102.3891, 22.4047 ], [ 102.3862, 22.4097 ], [ 102.3903, 22.4162 ], [ 102.3892, 22.4215 ], [ 102.3956, 22.4256 ], [ 102.3942, 22.4337 ], [ 102.3889, 22.441 ], [ 102.3898, 22.4608 ], [ 102.3832, 22.4698 ], [ 102.3607, 22.477 ], [ 102.3565, 22.4907 ], [ 102.347, 22.4923 ], [ 102.3423, 22.5103 ], [ 102.3359, 22.5224 ], [ 102.3378, 22.5277 ], [ 102.328, 22.5356 ], [ 102.3192, 22.551 ], [ 102.3199, 22.5583 ], [ 102.3358, 22.561 ], [ 102.3535, 22.5678 ], [ 102.3526, 22.5729 ], [ 102.3471, 22.5777 ], [ 102.3442, 22.5837 ], [ 102.3461, 22.5911 ], [ 102.3539, 22.5936 ], [ 102.3612, 22.5927 ], [ 102.37, 22.595 ], [ 102.3835, 22.6095 ], [ 102.3884, 22.6201 ], [ 102.4011, 22.6338 ], [ 102.4164, 22.6372 ], [ 102.4162, 22.6406 ], [ 102.4134, 22.6431 ], [ 102.4082, 22.6437 ], [ 102.4045, 22.6416 ], [ 102.4, 22.6439 ], [ 102.3953, 22.6575 ], [ 102.3858, 22.6676 ], [ 102.3808, 22.6813 ], [ 102.3821, 22.6848 ], [ 102.3917, 22.6905 ], [ 102.4049, 22.6855 ], [ 102.4089, 22.6857 ], [ 102.4113, 22.687 ], [ 102.413, 22.691 ], [ 102.4224, 22.6931 ], [ 102.4318, 22.7008 ], [ 102.4347, 22.7049 ], [ 102.4363, 22.7125 ], [ 102.4396, 22.7163 ], [ 102.4426, 22.7266 ], [ 102.4541, 22.7337 ], [ 102.4536, 22.7379 ], [ 102.4483, 22.7433 ], [ 102.4485, 22.749 ], [ 102.45, 22.7565 ], [ 102.4569, 22.766 ], [ 102.4623, 22.7698 ], [ 102.4775, 22.7721 ], [ 102.4796, 22.7797 ], [ 102.4968, 22.7807 ], [ 102.5017, 22.7783 ], [ 102.5075, 22.7785 ], [ 102.5167, 22.7681 ], [ 102.5223, 22.7643 ], [ 102.5268, 22.7634 ], [ 102.5407, 22.7493 ], [ 102.547, 22.7477 ], [ 102.5469, 22.7388 ], [ 102.5507, 22.733 ], [ 102.5566, 22.7315 ], [ 102.5617, 22.7252 ], [ 102.5634, 22.7165 ], [ 102.5667, 22.713 ], [ 102.5665, 22.7059 ], [ 102.5823, 22.708 ], [ 102.5862, 22.7249 ], [ 102.5936, 22.7296 ], [ 102.5972, 22.7338 ], [ 102.6041, 22.7346 ], [ 102.6114, 22.7295 ], [ 102.6253, 22.7145 ], [ 102.6361, 22.7071 ], [ 102.6407, 22.702 ], [ 102.6474, 22.7002 ], [ 102.6536, 22.6916 ], [ 102.668, 22.6985 ], [ 102.6808, 22.7007 ], [ 102.6847, 22.7051 ], [ 102.6865, 22.705 ], [ 102.6962, 22.6987 ], [ 102.7002, 22.699 ], [ 102.7048, 22.6961 ], [ 102.7069, 22.6922 ], [ 102.7077, 22.6827 ], [ 102.716, 22.6795 ], [ 102.7222, 22.6811 ], [ 102.725, 22.6736 ], [ 102.7315, 22.6682 ], [ 102.7472, 22.6697 ], [ 102.7495, 22.6688 ], [ 102.7526, 22.6636 ], [ 102.7515, 22.6595 ], [ 102.7616, 22.6487 ], [ 102.7715, 22.6488 ], [ 102.7849, 22.6451 ], [ 102.7854, 22.6439 ], [ 102.7803, 22.6366 ], [ 102.7854, 22.6274 ], [ 102.7914, 22.627 ], [ 102.7982, 22.624 ], [ 102.8068, 22.6258 ], [ 102.8145, 22.6228 ], [ 102.8185, 22.6269 ], [ 102.8227, 22.6269 ], [ 102.8398, 22.6199 ], [ 102.8399, 22.614 ], [ 102.8426, 22.6123 ], [ 102.8547, 22.6115 ], [ 102.86, 22.6092 ], [ 102.8605, 22.6042 ], [ 102.8723, 22.5964 ], [ 102.8761, 22.5896 ], [ 102.8752, 22.5862 ], [ 102.8701, 22.5809 ], [ 102.8707, 22.5758 ], [ 102.8785, 22.5686 ], [ 102.8757, 22.5594 ], [ 102.8944, 22.5457 ], [ 102.8876, 22.5397 ], [ 102.8872, 22.5375 ], [ 102.9052, 22.5228 ], [ 102.9072, 22.5186 ], [ 102.9076, 22.5119 ], [ 102.9201, 22.5062 ], [ 102.9211, 22.495 ], [ 102.9269, 22.4848 ], [ 102.9352, 22.4863 ], [ 102.9464, 22.4843 ], [ 102.953, 22.4866 ], [ 102.9627, 22.4801 ], [ 102.9834, 22.4817 ], [ 102.9911, 22.4731 ], [ 102.9886, 22.4657 ], [ 102.9894, 22.4642 ], [ 103.0074, 22.4606 ], [ 103.0121, 22.4535 ], [ 103.0279, 22.4444 ], [ 103.0338, 22.4467 ], [ 103.049, 22.4479 ], [ 103.0552, 22.4528 ], [ 103.0636, 22.4488 ], [ 103.0716, 22.4492 ], [ 103.0778, 22.4527 ], [ 103.0786, 22.4634 ], [ 103.0778, 22.47 ], [ 103.0699, 22.4765 ], [ 103.0691, 22.4802 ], [ 103.0781, 22.5089 ], [ 103.0808, 22.5119 ], [ 103.0907, 22.5128 ], [ 103.0973, 22.5174 ], [ 103.1087, 22.5162 ], [ 103.1173, 22.5199 ], [ 103.121, 22.5232 ], [ 103.1216, 22.5266 ], [ 103.1297, 22.5304 ], [ 103.1362, 22.5407 ], [ 103.1397, 22.5432 ], [ 103.1556, 22.5413 ], [ 103.1605, 22.5472 ], [ 103.1812, 22.5611 ], [ 103.1716, 22.5697 ], [ 103.1627, 22.5812 ], [ 103.1559, 22.5956 ], [ 103.1578, 22.6002 ], [ 103.164, 22.6074 ], [ 103.1647, 22.6155 ], [ 103.1688, 22.6219 ], [ 103.1724, 22.626 ], [ 103.1827, 22.6327 ], [ 103.1825, 22.6447 ], [ 103.1932, 22.6517 ], [ 103.2054, 22.6471 ], [ 103.2249, 22.6481 ], [ 103.2269, 22.6495 ], [ 103.2306, 22.6601 ], [ 103.2463, 22.6699 ], [ 103.2485, 22.674 ], [ 103.2611, 22.6724 ], [ 103.2715, 22.6775 ], [ 103.2817, 22.6865 ], [ 103.2801, 22.703 ], [ 103.2861, 22.7096 ], [ 103.2848, 22.7157 ], [ 103.2862, 22.7231 ], [ 103.2832, 22.7311 ], [ 103.2838, 22.7384 ], [ 103.2902, 22.7458 ], [ 103.2965, 22.7501 ], [ 103.299, 22.7567 ], [ 103.3076, 22.7635 ], [ 103.308, 22.7705 ], [ 103.3179, 22.7908 ], [ 103.3158, 22.8011 ], [ 103.3162, 22.8055 ], [ 103.3194, 22.81 ], [ 103.3166, 22.8136 ], [ 103.3178, 22.8174 ], [ 103.3249, 22.8153 ], [ 103.333, 22.8067 ], [ 103.3426, 22.8067 ], [ 103.3471, 22.8044 ], [ 103.3573, 22.8041 ], [ 103.3695, 22.8004 ], [ 103.3745, 22.7971 ], [ 103.3813, 22.788 ], [ 103.3885, 22.7834 ], [ 103.4128, 22.7798 ], [ 103.4151, 22.7753 ], [ 103.4148, 22.7665 ], [ 103.4175, 22.7628 ], [ 103.4244, 22.762 ], [ 103.4387, 22.7544 ], [ 103.4403, 22.7475 ], [ 103.4389, 22.7417 ], [ 103.4276, 22.7359 ], [ 103.4259, 22.7337 ], [ 103.4289, 22.7277 ], [ 103.4259, 22.7187 ], [ 103.4305, 22.7122 ], [ 103.4298, 22.704 ], [ 103.4314, 22.7015 ], [ 103.4526, 22.6879 ], [ 103.4572, 22.6831 ], [ 103.4586, 22.68 ], [ 103.4542, 22.662 ], [ 103.4631, 22.6548 ], [ 103.4627, 22.6485 ], [ 103.4738, 22.6418 ], [ 103.4762, 22.6323 ], [ 103.4819, 22.6239 ], [ 103.5037, 22.6143 ], [ 103.5049, 22.6065 ], [ 103.5091, 22.6017 ], [ 103.5253, 22.5968 ] ] ] } },
{ "type": "Feature", "properties": { "name": "Lam Dong", "epsg": 5899, "epsg_2025": 5899 }, "geometry": { "type": "Polygon", "coordinates": [ [ [ 108.7271, 12.1633 ], [ 108.7235, 12.158 ], [ 108.7055, 12.1559 ], [ 108.6924, 12.1476 ], [ 108.6917, 12.1463 ], [ 108.6945, 12.1403 ], [ 108.6907, 12.1301 ], [ 108.6717, 12.1229 ], [ 108.672, 12.1202 ], [ 108.6845, 12.1112 ], [ 108.6977, 12.096 ], [ 108.7092, 12.0655 ], [ 108.7096, 12.0564 ], [ 108.7031, 12.0442 ], [ 108.6952, 12.043 ], [ 108.6917, 12.0402 ], [ 108.6824, 12.0224 ], [ 108.679, 12.0122 ], [ 108.6824, 12.0008 ], [ 108.6805, 11.991 ], [ 108.676, 11.9826 ], [ 108.6636, 11.9685 ], [ 108.6596, 11.9611 ], [ 108.6587, 11.9524 ], [ 108.6629, 11.9453 ], [ 108.6615, 11.9132 ], [ 108.6532, 11.8978 ], [ 108.6489, 11.8727 ], [ 108.6524, 11.8491 ], [ 108.6482, 11.8421 ], [ 108.6187, 11.8104 ], [ 108.6172, 11.8071 ], [ 108.6212, 11.803 ], [ 108.6321, 11.7975 ], [ 108.6559, 11.7922 ], [ 108.6685, 11.787 ], [ 108.6714, 11.7832 ], [ 108.6707, 11.7788 ], [ 108.664, 11.7675 ], [ 108.6636, 11.7589 ], [ 108.6652, 11.7532 ], [ 108.6684, 11.748 ], [ 108.6852, 11.7384 ], [ 108.6887, 11.7349 ], [ 108.6996, 11.7023 ], [ 108.6812, 11.6753 ], [ 108.6755, 11.6689 ], [ 108.6698, 11.6661 ], [ 108.6585, 11.6694 ], [ 108.6222, 11.6519 ], [ 108.5612, 11.6432 ], [ 108.5513, 11.6317 ], [ 108.5507, 11.6024 ], [ 108.5629, 11.5852 ], [ 108.5735, 11.5736 ], [ 108.5823, 11.5568 ], [ 108.5775, 11.5554 ], [ 108.5699, 11.5486 ], [ 108.5571, 11.5209 ], [ 108.542, 11.5096 ], [ 108.5342, 11.5078 ], [ 108.5293, 11.5094 ], [ 108.5243, 11.5117 ], [ 108.5049, 11.5265 ], [ 108.4906, 11.5297 ], [ 108.4795, 11.5279 ], [ 108.4591, 11.5184 ], [ 108.4355, 11.5164 ], [ 108.429, 11.5162 ], [ 108.4247, 11.5185 ], [ 108.4184, 11.5269 ], [ 108.4138, 11.5289 ], [ 108.3801, 11.524 ], [ 108.3713, 11.5113 ], [ 108.3588, 11.5068 ], [ 108.3535, 11.5068 ], [ 108.3445, 11.5248 ], [ 108.3396, 11.5268 ], [ 108.3269, 11.5252 ], [ 108.3096, 11.528 ], [ 108.2832, 11.5169 ], [ 108.2649, 11.501 ], [ 108.257, 11.4785 ], [ 108.2575, 11.469 ], [ 108.2716, 11.4417 ], [ 108.2734, 11.4403 ], [ 108.2752, 11.4412 ], [ 108.2818, 11.448 ], [ 108.2873, 11.4461 ], [ 108.2924, 11.4406 ], [ 108.3062, 11.4163 ], [ 108.2666, 11.3782 ], [ 108.2541, 11.3639 ], [ 108.2486, 11.3592 ], [ 108.2262, 11.346 ], [ 108.192, 11.3176 ], [ 108.1848, 11.3088 ], [ 108.1799, 11.3056 ], [ 108.149, 11.3004 ], [ 108.1305, 11.2918 ], [ 108.1236, 11.2852 ], [ 108.1201, 11.2852 ], [ 108.1174, 11.2923 ], [ 108.1139, 11.2943 ], [ 108.1093, 11.287 ], [ 108.1051, 11.2714 ], [ 108.0749, 11.2578 ], [ 108.0587, 11.2453 ], [ 108.0548, 11.2369 ], [ 108.0552, 11.2205 ], [ 108.0522, 11.2187 ], [ 108.0444, 11.2168 ], [ 108.0472, 11.2373 ], [ 108.0512, 11.2467 ], [ 108.0405, 11.2607 ], [ 108.0396, 11.2655 ], [ 108.0423, 11.2753 ], [ 108.0289, 11.3005 ], [ 108.0294, 11.3082 ], [ 108.0259, 11.3277 ], [ 108.0001, 11.335 ], [ 107.9664, 11.3479 ], [ 107.9594, 11.3523 ], [ 107.9391, 11.3477 ], [ 107.9333, 11.3563 ], [ 107.9287, 11.3593 ], [ 107.9209, 11.3618 ], [ 107.8881, 11.3665 ], [ 107.8017, 11.3724 ], [ 107.764, 11.3703 ], [ 107.7528, 11.3689 ], [ 107.7504, 11.3668 ], [ 107.7392, 11.3672 ], [ 107.7338, 11.3609 ], [ 107.729, 11.3586 ], [ 107.7257, 11.3597 ], [ 107.7223, 11.3636 ], [ 107.719, 11.348 ], [ 107.7096, 11.3359 ], [ 107.6914, 11.327 ], [ 107.6722, 11.3272 ], [ 107.6653, 11.329 ], [ 107.6516, 11.3361 ], [ 107.6246, 11.339 ], [ 107.6054, 11.3473 ], [ 107.5816, 11.3725 ], [ 107.5737, 11.3832 ], [ 107.5682, 11.3841 ], [ 107.5492, 11.3761 ], [ 107.5444, 11.3715 ], [ 107.5384, 11.3604 ], [ 107.5336, 11.3561 ], [ 107.5183, 11.3694 ], [ 107.5118, 11.3819 ], [ 107.506, 11.3855 ], [ 107.5016, 11.3862 ], [ 107.4871, 11.3996 ], [ 107.485, 11.4037 ], [ 107.4845, 11.4141 ], [ 107.487, 11.4261 ], [ 107.4824, 11.4311 ], [ 107.473, 11.4371 ], [ 107.4553, 11.4317 ], [ 107.4535, 11.4293 ], [ 107.454, 11.4227 ], [ 107.4459, 11.4203 ], [ 107.4421, 11.4207 ], [ 107.444, 11.4301 ], [ 107.4398, 11.4325 ], [ 107.4376, 11.4325 ], [ 107.429, 11.4263 ], [ 107.4274, 11.4366 ], [ 107.4288, 11.4408 ], [ 107.4348, 11.4453 ], [ 107.4448, 11.4496 ], [ 107.45, 11.4623 ], [ 107.4608, 11.4745 ], [ 107.469, 11.4808 ], [ 107.4611, 11.4893 ], [ 107.4533, 11.4932 ], [ 107.4507, 11.5026 ], [ 107.4324, 11.5144 ], [ 107.4289, 11.52 ], [ 107.425, 11.5186 ], [ 107.4181, 11.5125 ], [ 107.4105, 11.5193 ], [ 107.4084, 11.5291 ], [ 107.4062, 11.53 ], [ 107.3858, 11.5274 ], [ 107.3717, 11.516 ], [ 107.3655, 11.5186 ], [ 107.3753, 11.5279 ], [ 107.3773, 11.5429 ], [ 107.3747, 11.5492 ], [ 107.3654, 11.5516 ], [ 107.3592, 11.5562 ], [ 107.3598, 11.5584 ], [ 107.3652, 11.5619 ], [ 107.3647, 11.5751 ], [ 107.3601, 11.5829 ], [ 107.3571, 11.5829 ], [ 107.3558, 11.5812 ], [ 107.3535, 11.5617 ], [ 107.3462, 11.5537 ], [ 107.3456, 11.5449 ], [ 107.3444, 11.5441 ], [ 107.3369, 11.5452 ], [ 107.3313, 11.5549 ], [ 107.3103, 11.5545 ], [ 107.3029, 11.5664 ], [ 107.2962, 11.5847 ], [ 107.2964, 11.5878 ], [ 107.3052, 11.601 ], [ 107.3026, 11.6181 ], [ 107.2848, 11.6329 ], [ 107.2713, 11.6368 ], [ 107.2675, 11.6407 ], [ 107.2671, 11.6448 ], [ 107.2712, 11.651 ], [ 107.2643, 11.6588 ], [ 107.264, 11.6613 ], [ 107.2768, 11.6814 ], [ 107.2837, 11.6888 ], [ 107.284, 11.6967 ], [ 107.2821, 11.7039 ], [ 107.2847, 11.727 ], [ 107.3002, 11.7406 ], [ 107.3117, 11.7415 ], [ 107.325, 11.7507 ], [ 107.3336, 11.7489 ], [ 107.3447, 11.7513 ], [ 107.3554, 11.7576 ], [ 107.3678, 11.7699 ], [ 107.3804, 11.7731 ], [ 107.3845, 11.772 ], [ 107.3889, 11.7678 ], [ 107.3953, 11.7666 ], [ 107.4019, 11.7568 ], [ 107.4143, 11.7502 ], [ 107.4172, 11.7514 ], [ 107.4311, 11.767 ], [ 107.4464, 11.7594 ], [ 107.4553, 11.7591 ], [ 107.4632, 11.7629 ], [ 107.4728, 11.7733 ], [ 107.4761, 11.7796 ], [ 107.4758, 11.7874 ], [ 107.4782, 11.7912 ], [ 107.4816, 11.7949 ], [ 107.4924, 11.7983 ], [ 107.5273, 11.8004 ], [ 107.5353, 11.7981 ], [ 107.5422, 11.7907 ], [ 107.5496, 11.792 ], [ 107.5614, 11.8081 ], [ 107.5747, 11.8207 ], [ 107.5898, 11.8271 ], [ 107.6049, 11.8403 ], [ 107.6091, 11.8406 ], [ 107.6119, 11.8389 ], [ 107.6166, 11.8398 ], [ 107.6246, 11.8566 ], [ 107.6242, 11.8614 ], [ 107.6273, 11.8662 ], [ 107.6549, 11.8786 ], [ 107.6603, 11.8874 ], [ 107.6693, 11.8865 ], [ 107.6738, 11.8877 ], [ 107.676, 11.8913 ], [ 107.6698, 11.8961 ], [ 107.6711, 11.9139 ], [ 107.6874, 11.9207 ], [ 107.6996, 11.917 ], [ 107.7043, 11.9225 ], [ 107.7087, 11.9232 ], [ 107.7253, 11.9169 ], [ 107.7301, 11.9105 ], [ 107.7319, 11.9036 ], [ 107.7291, 11.9007 ], [ 107.7221, 11.9015 ], [ 107.7209, 11.8997 ], [ 107.7246, 11.8904 ], [ 107.7305, 11.8816 ], [ 107.7236, 11.8765 ], [ 107.7246, 11.8712 ], [ 107.7283, 11.8708 ], [ 107.7319, 11.8743 ], [ 107.7356, 11.8739 ], [ 107.7639, 11.857 ], [ 107.7704, 11.85 ], [ 107.7887, 11.8613 ], [ 107.8035, 11.861 ], [ 107.8208, 11.8642 ], [ 107.8241, 11.8749 ], [ 107.8285, 11.878 ], [ 107.8353, 11.8776 ], [ 107.8384, 11.8706 ], [ 107.8407, 11.8699 ], [ 107.8602, 11.8739 ], [ 107.8818, 11.8748 ], [ 107.8926, 11.8714 ], [ 107.8958, 11.8683 ], [ 107.8991, 11.8502 ], [ 107.8888, 11.8449 ], [ 107.8871, 11.8222 ], [ 107.8974, 11.8089 ], [ 107.9051, 11.8037 ], [ 107.9191, 11.7979 ], [ 107.9232, 11.7989 ], [ 107.9261, 11.8077 ], [ 107.9368, 11.8124 ], [ 107.9378, 11.8191 ], [ 107.9399, 11.822 ], [ 107.9459, 11.8242 ], [ 107.956, 11.8191 ], [ 107.9566, 11.8116 ], [ 107.9716, 11.7969 ], [ 107.9721, 11.7913 ], [ 107.9757, 11.7913 ], [ 107.984, 11.8008 ], [ 108.0032, 11.8083 ], [ 108.0171, 11.8088 ], [ 108.0201, 11.811 ], [ 108.0233, 11.8194 ], [ 108.0555, 11.8392 ], [ 108.0588, 11.8392 ], [ 108.0648, 11.8351 ], [ 108.1042, 11.8906 ], [ 108.1083, 11.8976 ], [ 108.109, 11.9031 ], [ 108.1037, 11.9072 ], [ 108.0825, 11.9131 ], [ 108.0812, 11.9238 ], [ 108.0749, 11.9361 ], [ 108.0656, 11.9493 ], [ 108.0632, 11.9495 ], [ 108.0604, 11.9445 ], [ 108.0583, 11.944 ], [ 108.0455, 11.9515 ], [ 108.0465, 11.9608 ], [ 108.0423, 11.9781 ], [ 108.0374, 11.9849 ], [ 108.0294, 11.989 ], [ 108.0254, 11.9947 ], [ 108.0228, 12.0036 ], [ 108.0222, 12.0139 ], [ 108.0203, 12.0172 ], [ 108.0168, 12.0214 ], [ 108.0102, 12.0246 ], [ 108.0064, 12.0285 ], [ 108.0092, 12.0524 ], [ 108.0055, 12.0537 ], [ 107.9923, 12.0522 ], [ 107.9779, 12.0556 ], [ 107.9606, 12.0673 ], [ 107.9783, 12.0835 ], [ 107.9817, 12.1096 ], [ 107.9862, 12.1207 ], [ 107.9937, 12.1237 ], [ 108.0058, 12.1237 ], [ 108.0108, 12.1252 ], [ 108.0141, 12.1275 ], [ 108.0195, 12.138 ], [ 108.028, 12.1438 ], [ 108.0353, 12.1446 ], [ 108.0435, 12.1404 ], [ 108.0708, 12.1339 ], [ 108.0776, 12.136 ], [ 108.0801, 12.1389 ], [ 108.0856, 12.1364 ], [ 108.0902, 12.1364 ], [ 108.1039, 12.1459 ], [ 108.1105, 12.1469 ], [ 108.1109, 12.1682 ], [ 108.1086, 12.1796 ], [ 108.1114, 12.1853 ], [ 108.1169, 12.1782 ], [ 108.1214, 12.1766 ], [ 108.1473, 12.1888 ], [ 108.1603, 12.1975 ], [ 108.1642, 12.1978 ], [ 108.1711, 12.1866 ], [ 108.1828, 12.176 ], [ 108.1866, 12.1744 ], [ 108.2001, 12.1734 ], [ 108.212, 12.184 ], [ 108.217, 12.1852 ], [ 108.2245, 12.1843 ], [ 108.2306, 12.1788 ], [ 108.2368, 12.1641 ], [ 108.24, 12.1622 ], [ 108.246, 12.1696 ], [ 108.2482, 12.1828 ], [ 108.2553, 12.1981 ], [ 108.2652, 12.2076 ], [ 108.2771, 12.2142 ], [ 108.2922, 12.2093 ], [ 108.2991, 12.2094 ], [ 108.3247, 12.2283 ], [ 108.3277, 12.2296 ], [ 108.3383, 12.2292 ], [ 108.3391, 12.2324 ], [ 108.3324, 12.2409 ], [ 108.3334, 12.2485 ], [ 108.3566, 12.2559 ], [ 108.3728, 12.2504 ], [ 108.3849, 12.2434 ], [ 108.4015, 12.244 ], [ 108.4196, 12.251 ], [ 108.4265, 12.2601 ], [ 108.4307, 12.258 ], [ 108.4343, 12.2518 ], [ 108.4371, 12.2514 ], [ 108.4403, 12.2755 ], [ 108.4507, 12.2744 ], [ 108.4569, 12.2757 ], [ 108.4596, 12.2778 ], [ 108.4618, 12.2807 ], [ 108.4634, 12.2965 ], [ 108.4671, 12.2963 ], [ 108.469, 12.2897 ], [ 108.4703, 12.2892 ], [ 108.4782, 12.3078 ], [ 108.4802, 12.3096 ], [ 108.4853, 12.3093 ], [ 108.4904, 12.3061 ], [ 108.4979, 12.2936 ], [ 108.4999, 12.2839 ], [ 108.5066, 12.2792 ], [ 108.5117, 12.279 ], [ 108.52, 12.2815 ], [ 108.5282, 12.2806 ], [ 108.5356, 12.283 ], [ 108.5379, 12.2862 ], [ 108.5362, 12.2934 ], [ 108.541, 12.2985 ], [ 108.5775, 12.2878 ], [ 108.5878, 12.2892 ], [ 108.5888, 12.2875 ], [ 108.5875, 12.2841 ], [ 108.5891, 12.2813 ], [ 108.5954, 12.2787 ], [ 108.6072, 12.2834 ], [ 108.615, 12.2846 ], [ 108.6297, 12.2927 ], [ 108.6578, 12.2966 ], [ 108.67, 12.3053 ], [ 108.6784, 12.3179 ], [ 108.6972, 12.3111 ], [ 108.7022, 12.3057 ], [ 108.7005, 12.2815 ], [ 108.7024, 12.26 ], [ 108.6988, 12.241 ], [ 108.7007, 12.2372 ], [ 108.7136, 12.2277 ], [ 108.7176, 12.2223 ], [ 108.7171, 12.2154 ], [ 108.7089, 12.1938 ], [ 108.7156, 12.1845 ], [ 108.7216, 12.17 ], [ 108.7271, 12.1633 ] ] ] } },
{ "type": "Feature", "properties": { "name": "Lang Son", "epsg": 9215, "epsg_2025": 9215 }, "geometry": { "type": "Polygon", "coordinates": [ [ [ 106.5647, 22.4258 ], [ 106.5629, 22.4108 ], [ 106.5669, 22.4099 ], [ 106.5786, 22.3963 ], [ 106.5854, 22.3833 ], [ 106.5853, 22.3796 ], [ 106.5803, 22.374 ], [ 106.582, 22.3683 ], [ 106.5693, 22.3593 ], [ 106.5598, 22.3607 ], [ 106.558, 22.3495 ], [ 106.5679, 22.3438 ], [ 106.5707, 22.3469 ], [ 106.5747, 22.3481 ], [ 106.579, 22.3409 ], [ 106.583, 22.3413 ], [ 106.5872, 22.3449 ], [ 106.5994, 22.3385 ], [ 106.6122, 22.3411 ], [ 106.6179, 22.3339 ], [ 106.6343, 22.3411 ], [ 106.6472, 22.3407 ], [ 106.651, 22.339 ], [ 106.6579, 22.3349 ], [ 106.6561, 22.3255 ], [ 106.6664, 22.3119 ], [ 106.6669, 22.3085 ], [ 106.6644, 22.3022 ], [ 106.6687, 22.3009 ], [ 106.67, 22.2976 ], [ 106.6647, 22.2903 ], [ 106.6703, 22.2861 ], [ 106.6807, 22.2884 ], [ 106.6815, 22.2827 ], [ 106.6886, 22.2802 ], [ 106.6899, 22.2777 ], [ 106.6888, 22.2738 ], [ 106.6833, 22.2684 ], [ 106.6831, 22.2654 ], [ 106.688, 22.2596 ], [ 106.6921, 22.2424 ], [ 106.7002, 22.2271 ], [ 106.7002, 22.2207 ], [ 106.6969, 22.2196 ], [ 106.6964, 22.2105 ], [ 106.6921, 22.2061 ], [ 106.6854, 22.204 ], [ 106.6791, 22.2056 ], [ 106.6773, 22.1962 ], [ 106.6688, 22.1855 ], [ 106.6842, 22.1663 ], [ 106.6885, 22.1642 ], [ 106.7015, 22.1645 ], [ 106.7043, 22.1602 ], [ 106.7025, 22.1562 ], [ 106.6978, 22.1563 ], [ 106.6954, 22.1544 ], [ 106.6929, 22.1441 ], [ 106.6882, 22.1399 ], [ 106.6919, 22.1327 ], [ 106.6913, 22.1204 ], [ 106.6942, 22.1109 ], [ 106.6975, 22.1077 ], [ 106.7083, 22.1021 ], [ 106.7102, 22.0978 ], [ 106.71, 22.0919 ], [ 106.7067, 22.0848 ], [ 106.7093, 22.0662 ], [ 106.7058, 22.0654 ], [ 106.7024, 22.0568 ], [ 106.6965, 22.053 ], [ 106.6953, 22.0469 ], [ 106.6965, 22.0433 ], [ 106.7038, 22.0397 ], [ 106.7064, 22.0262 ], [ 106.6849, 22.0071 ], [ 106.6815, 21.998 ], [ 106.6834, 21.9852 ], [ 106.6946, 21.9795 ], [ 106.6968, 21.9612 ], [ 106.6989, 21.9612 ], [ 106.7053, 21.9773 ], [ 106.7126, 21.9751 ], [ 106.7185, 21.9765 ], [ 106.7257, 21.9877 ], [ 106.7273, 21.9951 ], [ 106.735, 22.0032 ], [ 106.7358, 22.0093 ], [ 106.7398, 22.0106 ], [ 106.7479, 22.01 ], [ 106.7552, 22.0131 ], [ 106.7636, 22.0134 ], [ 106.7819, 22.0058 ], [ 106.7873, 21.9938 ], [ 106.7933, 21.9938 ], [ 106.8016, 21.9893 ], [ 106.8051, 21.9833 ], [ 106.8028, 21.9786 ], [ 106.8086, 21.9752 ], [ 106.8308, 21.9763 ], [ 106.8317, 21.9778 ], [ 106.8296, 21.9834 ], [ 106.8335, 21.9849 ], [ 106.8378, 21.9851 ], [ 106.8452, 21.9806 ], [ 106.8501, 21.9841 ], [ 106.8557, 21.9823 ], [ 106.8593, 21.986 ], [ 106.8695, 21.9815 ], [ 106.879, 21.9826 ], [ 106.895, 21.9773 ], [ 106.9015, 21.9729 ], [ 106.9048, 21.9729 ], [ 106.9102, 21.9766 ], [ 106.9153, 21.9767 ], [ 106.918, 21.975 ], [ 106.9187, 21.97 ], [ 106.9217, 21.9659 ], [ 106.9223, 21.9597 ], [ 106.9199, 21.9552 ], [ 106.9277, 21.9426 ], [ 106.9284, 21.9325 ], [ 106.936, 21.9314 ], [ 106.9502, 21.935 ], [ 106.9521, 21.9334 ], [ 106.9526, 21.9244 ], [ 106.9587, 21.9208 ], [ 106.9613, 21.9206 ], [ 106.9645, 21.9244 ], [ 106.9697, 21.9244 ], [ 106.9768, 21.928 ], [ 106.9857, 21.9422 ], [ 106.9865, 21.9494 ], [ 106.992, 21.9545 ], [ 106.9954, 21.9519 ], [ 106.9988, 21.9452 ], [ 107.005, 21.9474 ], [ 107.0168, 21.947 ], [ 107.0251, 21.9385 ], [ 107.0329, 21.9377 ], [ 107.0381, 21.9316 ], [ 107.0445, 21.9304 ], [ 107.0592, 21.9321 ], [ 107.0608, 21.9187 ], [ 107.0642, 21.9108 ], [ 107.0583, 21.9044 ], [ 107.063, 21.8951 ], [ 107.0578, 21.8931 ], [ 107.0525, 21.8847 ], [ 107.0372, 21.8788 ], [ 107.028, 21.8679 ], [ 107.0165, 21.8644 ], [ 107.0019, 21.8461 ], [ 107.0039, 21.8332 ], [ 107.0122, 21.8319 ], [ 107.0226, 21.823 ], [ 107.0317, 21.8181 ], [ 107.0418, 21.8171 ], [ 107.0567, 21.8115 ], [ 107.07, 21.81 ], [ 107.077, 21.8114 ], [ 107.0847, 21.8097 ], [ 107.0869, 21.8037 ], [ 107.0989, 21.7957 ], [ 107.1116, 21.7941 ], [ 107.1126, 21.7902 ], [ 107.1203, 21.7807 ], [ 107.1321, 21.7761 ], [ 107.1342, 21.7686 ], [ 107.1382, 21.7642 ], [ 107.1435, 21.7642 ], [ 107.1581, 21.758 ], [ 107.1603, 21.7534 ], [ 107.1632, 21.7517 ], [ 107.1691, 21.7536 ], [ 107.1743, 21.7495 ], [ 107.1824, 21.7485 ], [ 107.1878, 21.7437 ], [ 107.192, 21.7358 ], [ 107.2002, 21.7323 ], [ 107.2065, 21.7238 ], [ 107.2282, 21.7141 ], [ 107.2316, 21.7082 ], [ 107.2381, 21.7063 ], [ 107.2464, 21.7066 ], [ 107.2492, 21.7186 ], [ 107.257, 21.7273 ], [ 107.2645, 21.7318 ], [ 107.2757, 21.735 ], [ 107.2855, 21.734 ], [ 107.2858, 21.738 ], [ 107.2954, 21.7437 ], [ 107.2997, 21.7434 ], [ 107.3057, 21.7325 ], [ 107.3117, 21.7277 ], [ 107.3203, 21.7266 ], [ 107.3179, 21.7155 ], [ 107.3224, 21.7071 ], [ 107.3323, 21.7005 ], [ 107.336, 21.6901 ], [ 107.3415, 21.6894 ], [ 107.3442, 21.6873 ], [ 107.3467, 21.6823 ], [ 107.343, 21.6787 ], [ 107.3583, 21.6649 ], [ 107.3574, 21.6562 ], [ 107.3618, 21.6396 ], [ 107.3606, 21.6365 ], [ 107.3524, 21.6309 ], [ 107.3537, 21.6242 ], [ 107.3574, 21.6214 ], [ 107.359, 21.6131 ], [ 107.3548, 21.6077 ], [ 107.3605, 21.6007 ], [ 107.3471, 21.5969 ], [ 107.336, 21.5896 ], [ 107.3207, 21.595 ], [ 107.3118, 21.5925 ], [ 107.3068, 21.5979 ], [ 107.2948, 21.5951 ], [ 107.2915, 21.5929 ], [ 107.2875, 21.5831 ], [ 107.2823, 21.5778 ], [ 107.2819, 21.5723 ], [ 107.2792, 21.567 ], [ 107.2739, 21.565 ], [ 107.2626, 21.5653 ], [ 107.2539, 21.5631 ], [ 107.2468, 21.5591 ], [ 107.2447, 21.5503 ], [ 107.2434, 21.5498 ], [ 107.2309, 21.5549 ], [ 107.2187, 21.5546 ], [ 107.2117, 21.5511 ], [ 107.2025, 21.5428 ], [ 107.2065, 21.537 ], [ 107.2172, 21.5297 ], [ 107.2217, 21.5232 ], [ 107.2295, 21.5224 ], [ 107.2322, 21.5194 ], [ 107.236, 21.5079 ], [ 107.2352, 21.4954 ], [ 107.2443, 21.484 ], [ 107.2432, 21.4789 ], [ 107.2379, 21.4739 ], [ 107.2402, 21.4683 ], [ 107.2365, 21.4607 ], [ 107.2427, 21.4436 ], [ 107.2449, 21.427 ], [ 107.2477, 21.4237 ], [ 107.2517, 21.4239 ], [ 107.2547, 21.4199 ], [ 107.2563, 21.4051 ], [ 107.2629, 21.4003 ], [ 107.2592, 21.3943 ], [ 107.2572, 21.3802 ], [ 107.2512, 21.3679 ], [ 107.239, 21.3652 ], [ 107.2178, 21.3868 ], [ 107.2123, 21.3888 ], [ 107.2081, 21.3876 ], [ 107.2004, 21.3796 ], [ 107.1873, 21.3777 ], [ 107.1674, 21.3643 ], [ 107.1566, 21.3686 ], [ 107.1446, 21.3662 ], [ 107.1103, 21.3758 ], [ 107.0984, 21.3762 ], [ 107.0953, 21.3743 ], [ 107.0917, 21.3592 ], [ 107.0825, 21.3556 ], [ 107.0759, 21.3472 ], [ 107.0601, 21.3483 ], [ 107.0474, 21.3297 ], [ 107.0296, 21.3253 ], [ 107.0215, 21.3317 ], [ 107.0148, 21.3447 ], [ 106.9996, 21.3552 ], [ 106.9876, 21.3593 ], [ 106.9855, 21.3613 ], [ 106.9858, 21.3638 ], [ 106.9893, 21.3676 ], [ 106.9913, 21.381 ], [ 106.985, 21.3912 ], [ 106.9843, 21.4031 ], [ 106.99, 21.4092 ], [ 106.9892, 21.4155 ], [ 107.002, 21.4218 ], [ 107.0007, 21.425 ], [ 106.9904, 21.4317 ], [ 106.9886, 21.4375 ], [ 106.9853, 21.4398 ], [ 106.9814, 21.44 ], [ 106.9668, 21.4368 ], [ 106.9591, 21.4272 ], [ 106.9532, 21.4245 ], [ 106.9491, 21.4257 ], [ 106.945, 21.4351 ], [ 106.9415, 21.436 ], [ 106.9383, 21.4355 ], [ 106.928, 21.4272 ], [ 106.9268, 21.4288 ], [ 106.9291, 21.4369 ], [ 106.9283, 21.4397 ], [ 106.925, 21.442 ], [ 106.9153, 21.4317 ], [ 106.9097, 21.4314 ], [ 106.9027, 21.4398 ], [ 106.8944, 21.4458 ], [ 106.8895, 21.453 ], [ 106.8909, 21.4604 ], [ 106.8967, 21.4637 ], [ 106.9005, 21.4723 ], [ 106.8898, 21.4793 ], [ 106.8868, 21.4851 ], [ 106.8881, 21.4912 ], [ 106.8765, 21.4967 ], [ 106.8696, 21.4979 ], [ 106.8431, 21.4946 ], [ 106.8407, 21.4959 ], [ 106.8421, 21.5015 ], [ 106.8407, 21.5055 ], [ 106.8368, 21.5089 ], [ 106.8379, 21.5136 ], [ 106.8449, 21.5152 ], [ 106.8482, 21.518 ], [ 106.85, 21.5263 ], [ 106.8522, 21.5267 ], [ 106.8559, 21.5234 ], [ 106.8579, 21.5241 ], [ 106.864, 21.5349 ], [ 106.8587, 21.5391 ], [ 106.8491, 21.5425 ], [ 106.8482, 21.5495 ], [ 106.8422, 21.5605 ], [ 106.8201, 21.5637 ], [ 106.8045, 21.5603 ], [ 106.7983, 21.5625 ], [ 106.7955, 21.5662 ], [ 106.7861, 21.5724 ], [ 106.7843, 21.5778 ], [ 106.7712, 21.5731 ], [ 106.7639, 21.5741 ], [ 106.7594, 21.5725 ], [ 106.7549, 21.5684 ], [ 106.7538, 21.565 ], [ 106.7558, 21.5579 ], [ 106.7598, 21.5555 ], [ 106.7555, 21.5442 ], [ 106.7506, 21.5416 ], [ 106.7408, 21.5429 ], [ 106.732, 21.5462 ], [ 106.7242, 21.5567 ], [ 106.708, 21.5623 ], [ 106.7021, 21.5701 ], [ 106.6978, 21.5729 ], [ 106.6991, 21.5879 ], [ 106.7009, 21.5929 ], [ 106.7, 21.5946 ], [ 106.688, 21.601 ], [ 106.6761, 21.6037 ], [ 106.6675, 21.6101 ], [ 106.6595, 21.6083 ], [ 106.6539, 21.6045 ], [ 106.6433, 21.6074 ], [ 106.6336, 21.6021 ], [ 106.6241, 21.6035 ], [ 106.6226, 21.6067 ], [ 106.6166, 21.6087 ], [ 106.591, 21.6 ], [ 106.5848, 21.5999 ], [ 106.5714, 21.6032 ], [ 106.5536, 21.5937 ], [ 106.5505, 21.5905 ], [ 106.5508, 21.5847 ], [ 106.5379, 21.5682 ], [ 106.534, 21.5647 ], [ 106.5292, 21.5647 ], [ 106.5268, 21.5617 ], [ 106.5246, 21.5557 ], [ 106.5255, 21.5502 ], [ 106.5196, 21.5361 ], [ 106.5105, 21.5305 ], [ 106.5057, 21.525 ], [ 106.5066, 21.5206 ], [ 106.5189, 21.4993 ], [ 106.5078, 21.4881 ], [ 106.4926, 21.4832 ], [ 106.4861, 21.4682 ], [ 106.4807, 21.4493 ], [ 106.4632, 21.4379 ], [ 106.4513, 21.44 ], [ 106.4473, 21.4366 ], [ 106.4423, 21.4372 ], [ 106.437, 21.4442 ], [ 106.4161, 21.4378 ], [ 106.4033, 21.4279 ], [ 106.4063, 21.4224 ], [ 106.4139, 21.4167 ], [ 106.4144, 21.4118 ], [ 106.413, 21.4085 ], [ 106.4078, 21.4057 ], [ 106.3936, 21.4064 ], [ 106.3868, 21.3993 ], [ 106.3772, 21.3947 ], [ 106.3689, 21.3962 ], [ 106.3655, 21.4007 ], [ 106.3608, 21.3977 ], [ 106.3533, 21.3966 ], [ 106.34, 21.3992 ], [ 106.3251, 21.4084 ], [ 106.3226, 21.4111 ], [ 106.3221, 21.4146 ], [ 106.3245, 21.4183 ], [ 106.3268, 21.4334 ], [ 106.3299, 21.4347 ], [ 106.3304, 21.4367 ], [ 106.3275, 21.4396 ], [ 106.3264, 21.4484 ], [ 106.3235, 21.4494 ], [ 106.3179, 21.4483 ], [ 106.3141, 21.4455 ], [ 106.311, 21.4513 ], [ 106.3081, 21.4529 ], [ 106.3024, 21.4497 ], [ 106.3037, 21.4442 ], [ 106.2999, 21.4437 ], [ 106.2937, 21.4451 ], [ 106.2873, 21.4499 ], [ 106.2868, 21.4516 ], [ 106.2889, 21.4549 ], [ 106.288, 21.457 ], [ 106.2809, 21.454 ], [ 106.2846, 21.4695 ], [ 106.2832, 21.473 ], [ 106.2802, 21.4745 ], [ 106.2859, 21.4924 ], [ 106.279, 21.4918 ], [ 106.272, 21.4949 ], [ 106.2604, 21.4927 ], [ 106.257, 21.4888 ], [ 106.242, 21.4836 ], [ 106.235, 21.4961 ], [ 106.2051, 21.4986 ], [ 106.196, 21.5017 ], [ 106.1856, 21.5082 ], [ 106.1742, 21.5096 ], [ 106.1671, 21.5131 ], [ 106.1658, 21.5173 ], [ 106.1679, 21.5348 ], [ 106.1652, 21.5432 ], [ 106.1678, 21.5706 ], [ 106.1654, 21.5793 ], [ 106.1691, 21.5901 ], [ 106.1671, 21.5963 ], [ 106.183, 21.6053 ], [ 106.1955, 21.6202 ], [ 106.1928, 21.626 ], [ 106.1899, 21.6479 ], [ 106.2037, 21.658 ], [ 106.2042, 21.6642 ], [ 106.2061, 21.6669 ], [ 106.2238, 21.6803 ], [ 106.2247, 21.6835 ], [ 106.2224, 21.6923 ], [ 106.2306, 21.6999 ], [ 106.236, 21.7212 ], [ 106.2337, 21.7275 ], [ 106.2245, 21.7338 ], [ 106.2216, 21.7336 ], [ 106.2175, 21.7285 ], [ 106.2111, 21.7286 ], [ 106.1954, 21.7358 ], [ 106.1924, 21.7426 ], [ 106.1827, 21.7419 ], [ 106.166, 21.7549 ], [ 106.15, 21.7602 ], [ 106.1466, 21.7633 ], [ 106.1465, 21.7678 ], [ 106.138, 21.7789 ], [ 106.1347, 21.7863 ], [ 106.1111, 21.7825 ], [ 106.1047, 21.7899 ], [ 106.1048, 21.8044 ], [ 106.093, 21.8206 ], [ 106.093, 21.8231 ], [ 106.0987, 21.8313 ], [ 106.1053, 21.8325 ], [ 106.1158, 21.8439 ], [ 106.1077, 21.8597 ], [ 106.1086, 21.8656 ], [ 106.1145, 21.8763 ], [ 106.1119, 21.8912 ], [ 106.1138, 21.896 ], [ 106.1271, 21.9011 ], [ 106.128, 21.9052 ], [ 106.1255, 21.9126 ], [ 106.1296, 21.9163 ], [ 106.1303, 21.9195 ], [ 106.1298, 21.9224 ], [ 106.1264, 21.9258 ], [ 106.1099, 21.9311 ], [ 106.0968, 21.9392 ], [ 106.1096, 21.9495 ], [ 106.1085, 21.9526 ], [ 106.1018, 21.9538 ], [ 106.0967, 21.9525 ], [ 106.0962, 21.9588 ], [ 106.0992, 21.9621 ], [ 106.1112, 21.9641 ], [ 106.1125, 21.9941 ], [ 106.1102, 21.997 ], [ 106.1058, 21.9985 ], [ 106.1086, 22.0035 ], [ 106.1079, 22.0189 ], [ 106.103, 22.0259 ], [ 106.0951, 22.0315 ], [ 106.0941, 22.0368 ], [ 106.1005, 22.0436 ], [ 106.0978, 22.0562 ], [ 106.0976, 22.0699 ], [ 106.0991, 22.0729 ], [ 106.1067, 22.076 ], [ 106.1127, 22.0743 ], [ 106.1172, 22.0837 ], [ 106.1198, 22.0857 ], [ 106.1278, 22.0866 ], [ 106.1439, 22.0825 ], [ 106.1551, 22.0829 ], [ 106.1609, 22.1033 ], [ 106.167, 22.1121 ], [ 106.1707, 22.1136 ], [ 106.1742, 22.1114 ], [ 106.1836, 22.1191 ], [ 106.1834, 22.1249 ], [ 106.1791, 22.1305 ], [ 106.1893, 22.1444 ], [ 106.1945, 22.1439 ], [ 106.1968, 22.1457 ], [ 106.2066, 22.1561 ], [ 106.2283, 22.1741 ], [ 106.2325, 22.1816 ], [ 106.2245, 22.1893 ], [ 106.2197, 22.1976 ], [ 106.2199, 22.2093 ], [ 106.2247, 22.2155 ], [ 106.2356, 22.2237 ], [ 106.2395, 22.237 ], [ 106.2436, 22.2684 ], [ 106.2363, 22.2772 ], [ 106.219, 22.2919 ], [ 106.2114, 22.2901 ], [ 106.1984, 22.3124 ], [ 106.1997, 22.3232 ], [ 106.2045, 22.334 ], [ 106.2095, 22.3417 ], [ 106.2182, 22.3494 ], [ 106.2184, 22.3514 ], [ 106.2156, 22.3584 ], [ 106.2056, 22.3707 ], [ 106.1876, 22.3792 ], [ 106.183, 22.3883 ], [ 106.1911, 22.406 ], [ 106.1916, 22.417 ], [ 106.1991, 22.4326 ], [ 106.2091, 22.4429 ], [ 106.2142, 22.4526 ], [ 106.2179, 22.4549 ], [ 106.24, 22.4609 ], [ 106.2722, 22.4496 ], [ 106.2809, 22.4408 ], [ 106.2853, 22.4285 ], [ 106.309, 22.412 ], [ 106.3187, 22.4087 ], [ 106.3274, 22.4138 ], [ 106.3311, 22.4119 ], [ 106.3325, 22.4097 ], [ 106.3313, 22.4033 ], [ 106.3428, 22.3916 ], [ 106.343, 22.3812 ], [ 106.3394, 22.376 ], [ 106.3517, 22.3635 ], [ 106.36, 22.358 ], [ 106.3747, 22.3599 ], [ 106.3948, 22.3746 ], [ 106.4123, 22.371 ], [ 106.4234, 22.3602 ], [ 106.4269, 22.3602 ], [ 106.4341, 22.3648 ], [ 106.438, 22.3642 ], [ 106.4448, 22.3598 ], [ 106.4519, 22.3583 ], [ 106.463, 22.3608 ], [ 106.4857, 22.3701 ], [ 106.4878, 22.3764 ], [ 106.4803, 22.378 ], [ 106.4779, 22.3802 ], [ 106.4867, 22.3837 ], [ 106.489, 22.3868 ], [ 106.4884, 22.3887 ], [ 106.4821, 22.3918 ], [ 106.4838, 22.3937 ], [ 106.4926, 22.3967 ], [ 106.4921, 22.3988 ], [ 106.4885, 22.4006 ], [ 106.4893, 22.403 ], [ 106.5032, 22.4053 ], [ 106.5174, 22.3993 ], [ 106.531, 22.4091 ], [ 106.5273, 22.4142 ], [ 106.5336, 22.4198 ], [ 106.5533, 22.4209 ], [ 106.5647, 22.4258 ] ] ] } },
{ "type": "Feature", "properties": { "name": "Lao Cai", "epsg": 9208, "epsg_2025": 9208 }, "geometry": { "type": "Polygon", "coordinates": [ [ [ 104.3395, 22.7158 ], [ 104.3385, 22.7044 ], [ 104.3323, 22.6925 ], [ 104.3337, 22.6895 ], [ 104.3475, 22.6795 ], [ 104.3603, 22.674 ], [ 104.3966, 22.6814 ], [ 104.4088, 22.6592 ], [ 104.4044, 22.6552 ], [ 104.4106, 22.6386 ], [ 104.4309, 22.6224 ], [ 104.4566, 22.6148 ], [ 104.458, 22.6131 ], [ 104.4621, 22.5988 ], [ 104.4609, 22.5932 ], [ 104.4643, 22.5756 ], [ 104.4582, 22.5737 ], [ 104.4411, 22.5777 ], [ 104.4229, 22.5744 ], [ 104.4224, 22.5659 ], [ 104.4191, 22.5599 ], [ 104.4216, 22.5507 ], [ 104.4135, 22.537 ], [ 104.4126, 22.529 ], [ 104.4157, 22.5265 ], [ 104.4313, 22.5228 ], [ 104.4381, 22.5088 ], [ 104.4517, 22.4969 ], [ 104.4688, 22.4899 ], [ 104.4724, 22.4847 ], [ 104.4635, 22.4788 ], [ 104.4469, 22.4607 ], [ 104.4502, 22.4464 ], [ 104.4651, 22.4256 ], [ 104.4754, 22.4219 ], [ 104.4881, 22.421 ], [ 104.4891, 22.4184 ], [ 104.4881, 22.4139 ], [ 104.4944, 22.4065 ], [ 104.5072, 22.4044 ], [ 104.5105, 22.4006 ], [ 104.5284, 22.3889 ], [ 104.5461, 22.3811 ], [ 104.5517, 22.3733 ], [ 104.5449, 22.3622 ], [ 104.5524, 22.3552 ], [ 104.5548, 22.3541 ], [ 104.5693, 22.3555 ], [ 104.5738, 22.3542 ], [ 104.5789, 22.3491 ], [ 104.5788, 22.346 ], [ 104.5667, 22.3371 ], [ 104.5637, 22.3327 ], [ 104.5705, 22.3261 ], [ 104.5771, 22.3166 ], [ 104.5782, 22.3112 ], [ 104.5763, 22.3026 ], [ 104.5623, 22.2892 ], [ 104.5559, 22.2849 ], [ 104.5507, 22.2854 ], [ 104.5414, 22.2782 ], [ 104.5465, 22.252 ], [ 104.5497, 22.2439 ], [ 104.5521, 22.2427 ], [ 104.5721, 22.246 ], [ 104.5768, 22.2527 ], [ 104.585, 22.2518 ], [ 104.5826, 22.2328 ], [ 104.5849, 22.225 ], [ 104.5896, 22.2212 ], [ 104.5962, 22.2196 ], [ 104.6124, 22.2263 ], [ 104.6185, 22.225 ], [ 104.6268, 22.2202 ], [ 104.6135, 22.2074 ], [ 104.6173, 22.1891 ], [ 104.6228, 22.1798 ], [ 104.6241, 22.1732 ], [ 104.6173, 22.1792 ], [ 104.6135, 22.1764 ], [ 104.6015, 22.1764 ], [ 104.598, 22.1839 ], [ 104.5916, 22.1816 ], [ 104.5886, 22.1826 ], [ 104.5816, 22.1781 ], [ 104.5828, 22.1682 ], [ 104.587, 22.1609 ], [ 104.5796, 22.1566 ], [ 104.5835, 22.1449 ], [ 104.579, 22.1395 ], [ 104.577, 22.1213 ], [ 104.5787, 22.1169 ], [ 104.5824, 22.1133 ], [ 104.5739, 22.111 ], [ 104.5694, 22.1039 ], [ 104.5697, 22.099 ], [ 104.5629, 22.0892 ], [ 104.5604, 22.0881 ], [ 104.5476, 22.0942 ], [ 104.5435, 22.1009 ], [ 104.5179, 22.1249 ], [ 104.4839, 22.1454 ], [ 104.4669, 22.1655 ], [ 104.4565, 22.1696 ], [ 104.4545, 22.1824 ], [ 104.4514, 22.1865 ], [ 104.4397, 22.1859 ], [ 104.4336, 22.1939 ], [ 104.4265, 22.1989 ], [ 104.4153, 22.2014 ], [ 104.4028, 22.1919 ], [ 104.3948, 22.1786 ], [ 104.3827, 22.1774 ], [ 104.3823, 22.1757 ], [ 104.3881, 22.1668 ], [ 104.3896, 22.1613 ], [ 104.3943, 22.1605 ], [ 104.3976, 22.1581 ], [ 104.4004, 22.1501 ], [ 104.3999, 22.146 ], [ 104.3979, 22.1408 ], [ 104.3943, 22.1393 ], [ 104.4016, 22.1289 ], [ 104.4047, 22.1182 ], [ 104.3945, 22.1148 ], [ 104.3885, 22.1043 ], [ 104.3875, 22.0961 ], [ 104.3777, 22.0921 ], [ 104.378, 22.0692 ], [ 104.3855, 22.0634 ], [ 104.4139, 22.0263 ], [ 104.4156, 22.0105 ], [ 104.4188, 22.0052 ], [ 104.4195, 21.998 ], [ 104.4278, 21.9761 ], [ 104.4254, 21.9572 ], [ 104.4306, 21.9482 ], [ 104.425, 21.9363 ], [ 104.4011, 21.9208 ], [ 104.3939, 21.9205 ], [ 104.3854, 21.9123 ], [ 104.3842, 21.9008 ], [ 104.3746, 21.8921 ], [ 104.3539, 21.8775 ], [ 104.3511, 21.8774 ], [ 104.3379, 21.8865 ], [ 104.324, 21.9134 ], [ 104.323, 21.9192 ], [ 104.291, 21.9292 ], [ 104.2819, 21.9412 ], [ 104.2644, 21.9337 ], [ 104.2554, 21.9327 ], [ 104.251, 21.9339 ], [ 104.2401, 21.9412 ], [ 104.2152, 21.9499 ], [ 104.2115, 21.9501 ], [ 104.2079, 21.9478 ], [ 104.2066, 21.9442 ], [ 104.2092, 21.9404 ], [ 104.2169, 21.9361 ], [ 104.2259, 21.9271 ], [ 104.2295, 21.9211 ], [ 104.2282, 21.9025 ], [ 104.2117, 21.894 ], [ 104.1963, 21.8898 ], [ 104.1838, 21.8902 ], [ 104.1409, 21.8967 ], [ 104.1212, 21.9088 ], [ 104.1079, 21.9112 ], [ 104.0922, 21.9169 ], [ 104.0876, 21.9162 ], [ 104.08, 21.9057 ], [ 104.0781, 21.9051 ], [ 104.0713, 21.9059 ], [ 104.0425, 21.9164 ], [ 104.0092, 21.9198 ], [ 103.9978, 21.9261 ], [ 103.9905, 21.9365 ], [ 103.9897, 21.9411 ], [ 103.9952, 21.9501 ], [ 103.993, 21.9592 ], [ 103.9871, 21.9661 ], [ 103.9726, 21.9763 ], [ 103.9699, 21.9843 ], [ 103.9545, 21.9998 ], [ 103.9629, 22.0093 ], [ 103.9636, 22.0141 ], [ 103.9517, 22.0271 ], [ 103.9541, 22.0361 ], [ 103.9514, 22.0628 ], [ 103.938, 22.0857 ], [ 103.9377, 22.0905 ], [ 103.9422, 22.0996 ], [ 103.9424, 22.1071 ], [ 103.9366, 22.1206 ], [ 103.9378, 22.128 ], [ 103.9361, 22.1404 ], [ 103.9341, 22.1423 ], [ 103.9187, 22.1426 ], [ 103.9137, 22.1447 ], [ 103.9039, 22.1564 ], [ 103.8976, 22.1583 ], [ 103.8868, 22.1742 ], [ 103.8795, 22.1766 ], [ 103.8705, 22.1772 ], [ 103.8639, 22.1817 ], [ 103.8662, 22.1872 ], [ 103.8699, 22.1899 ], [ 103.871, 22.198 ], [ 103.8656, 22.2037 ], [ 103.8594, 22.2045 ], [ 103.8549, 22.2071 ], [ 103.8496, 22.2201 ], [ 103.8402, 22.2268 ], [ 103.8422, 22.2364 ], [ 103.8414, 22.2425 ], [ 103.8384, 22.2481 ], [ 103.8326, 22.2524 ], [ 103.8268, 22.2613 ], [ 103.8253, 22.2695 ], [ 103.8171, 22.2782 ], [ 103.7881, 22.3019 ], [ 103.7848, 22.3036 ], [ 103.7781, 22.3025 ], [ 103.774, 22.3035 ], [ 103.7717, 22.3086 ], [ 103.7654, 22.3126 ], [ 103.7642, 22.3166 ], [ 103.771, 22.3273 ], [ 103.7684, 22.333 ], [ 103.7723, 22.3363 ], [ 103.78, 22.339 ], [ 103.7757, 22.3431 ], [ 103.7785, 22.3491 ], [ 103.7714, 22.3542 ], [ 103.7648, 22.3555 ], [ 103.7649, 22.369 ], [ 103.7634, 22.3739 ], [ 103.7662, 22.3797 ], [ 103.7619, 22.3929 ], [ 103.7415, 22.4115 ], [ 103.7279, 22.4172 ], [ 103.7217, 22.4133 ], [ 103.7178, 22.4153 ], [ 103.7149, 22.4148 ], [ 103.7089, 22.4094 ], [ 103.694, 22.4092 ], [ 103.6605, 22.4041 ], [ 103.6454, 22.4038 ], [ 103.6247, 22.397 ], [ 103.6034, 22.4095 ], [ 103.601, 22.412 ], [ 103.601, 22.4254 ], [ 103.5954, 22.4289 ], [ 103.5861, 22.43 ], [ 103.586, 22.4368 ], [ 103.579, 22.44 ], [ 103.5752, 22.4476 ], [ 103.5693, 22.4508 ], [ 103.5642, 22.4589 ], [ 103.5554, 22.4669 ], [ 103.5533, 22.4712 ], [ 103.554, 22.4733 ], [ 103.5638, 22.4848 ], [ 103.5747, 22.4913 ], [ 103.5819, 22.5002 ], [ 103.5857, 22.5068 ], [ 103.5832, 22.5114 ], [ 103.5937, 22.5271 ], [ 103.5908, 22.5297 ], [ 103.5815, 22.5329 ], [ 103.5768, 22.55 ], [ 103.5644, 22.5688 ], [ 103.57, 22.5791 ], [ 103.5631, 22.5804 ], [ 103.5547, 22.5864 ], [ 103.5465, 22.5895 ], [ 103.5307, 22.5848 ], [ 103.5253, 22.5968 ], [ 103.5297, 22.5975 ], [ 103.5486, 22.6274 ], [ 103.5503, 22.6372 ], [ 103.5569, 22.6404 ], [ 103.5701, 22.6427 ], [ 103.5738, 22.6592 ], [ 103.5784, 22.6652 ], [ 103.5774, 22.6708 ], [ 103.5664, 22.6803 ], [ 103.5607, 22.7041 ], [ 103.5788, 22.7311 ], [ 103.5901, 22.7363 ], [ 103.6028, 22.7595 ], [ 103.6168, 22.7736 ], [ 103.6179, 22.7781 ], [ 103.6157, 22.7837 ], [ 103.6175, 22.7863 ], [ 103.6372, 22.7975 ], [ 103.6563, 22.7913 ], [ 103.661, 22.7875 ], [ 103.663, 22.7834 ], [ 103.6641, 22.7721 ], [ 103.6838, 22.7608 ], [ 103.7369, 22.713 ], [ 103.7496, 22.6888 ], [ 103.7629, 22.6916 ], [ 103.767, 22.6901 ], [ 103.8116, 22.6395 ], [ 103.8186, 22.6242 ], [ 103.824, 22.6164 ], [ 103.8343, 22.6102 ], [ 103.8471, 22.5944 ], [ 103.8607, 22.5858 ], [ 103.8725, 22.5679 ], [ 103.8802, 22.5644 ], [ 103.8819, 22.5652 ], [ 103.8839, 22.5709 ], [ 103.888, 22.5707 ], [ 103.9109, 22.5481 ], [ 103.9258, 22.5395 ], [ 103.9292, 22.5307 ], [ 103.9315, 22.5285 ], [ 103.9436, 22.5267 ], [ 103.9627, 22.5078 ], [ 103.9644, 22.5107 ], [ 103.9679, 22.5124 ], [ 103.9699, 22.5085 ], [ 103.9728, 22.5076 ], [ 103.9781, 22.5095 ], [ 103.9881, 22.5204 ], [ 103.9919, 22.521 ], [ 104.0034, 22.5182 ], [ 104.0103, 22.5244 ], [ 104.0079, 22.5338 ], [ 104.0034, 22.5392 ], [ 104.0126, 22.5522 ], [ 104.0119, 22.5547 ], [ 104.0081, 22.5581 ], [ 104.008, 22.5635 ], [ 104.0134, 22.5647 ], [ 104.0142, 22.5663 ], [ 104.0034, 22.577 ], [ 104.0121, 22.5801 ], [ 104.012, 22.5943 ], [ 104.0212, 22.6099 ], [ 104.0243, 22.6187 ], [ 104.0229, 22.6271 ], [ 104.0357, 22.675 ], [ 104.0275, 22.6877 ], [ 104.0333, 22.7037 ], [ 104.0333, 22.708 ], [ 104.0437, 22.7325 ], [ 104.0661, 22.7573 ], [ 104.0865, 22.7716 ], [ 104.1017, 22.7993 ], [ 104.1193, 22.8137 ], [ 104.1257, 22.8141 ], [ 104.1333, 22.8093 ], [ 104.1393, 22.8096 ], [ 104.1534, 22.8159 ], [ 104.1628, 22.8234 ], [ 104.1749, 22.8216 ], [ 104.1844, 22.8274 ], [ 104.2096, 22.8356 ], [ 104.2138, 22.836 ], [ 104.2174, 22.833 ], [ 104.2239, 22.8339 ], [ 104.2333, 22.8397 ], [ 104.241, 22.8416 ], [ 104.2489, 22.8407 ], [ 104.2536, 22.8455 ], [ 104.2571, 22.8457 ], [ 104.2617, 22.8434 ], [ 104.2712, 22.8345 ], [ 104.255, 22.7797 ], [ 104.2565, 22.7669 ], [ 104.2683, 22.7517 ], [ 104.2673, 22.7423 ], [ 104.2778, 22.7427 ], [ 104.2997, 22.7314 ], [ 104.3198, 22.7322 ], [ 104.3371, 22.7218 ], [ 104.3395, 22.7158 ] ] ] } },
{ "type": "Feature", "properties": { "name": "Long An", "epsg": 9210, "epsg_2025": 9210 }, "geometry": { "type": "Polygon", "coordinates": [ [ [ 106.159, 10.9828 ], [ 106.1615, 10.9804 ], [ 106.1618, 10.9715 ], [ 106.1661, 10.9642 ], [ 106.1769, 10.9638 ], [ 106.1995, 10.9698 ], [ 106.2066, 10.9756 ], [ 106.2211, 10.9794 ], [ 106.2373, 10.987 ], [ 106.2504, 10.9876 ], [ 106.2716, 10.9821 ], [ 106.2748, 10.9847 ], [ 106.2801, 10.986 ], [ 106.2849, 10.9928 ], [ 106.2804, 11.006 ], [ 106.2695, 11.0144 ], [ 106.2717, 11.0244 ], [ 106.2777, 11.0186 ], [ 106.2843, 11.0234 ], [ 106.2949, 11.0251 ], [ 106.3078, 11.0216 ], [ 106.3361, 11.0061 ], [ 106.3398, 11.0028 ], [ 106.3433, 10.9958 ], [ 106.3495, 10.9996 ], [ 106.3713, 10.9704 ], [ 106.4093, 10.9752 ], [ 106.4514, 10.9428 ], [ 106.5341, 10.9029 ], [ 106.525, 10.8742 ], [ 106.508, 10.807 ], [ 106.499, 10.7865 ], [ 106.4637, 10.7589 ], [ 106.4874, 10.729 ], [ 106.5076, 10.7187 ], [ 106.5182, 10.7246 ], [ 106.5338, 10.6869 ], [ 106.5474, 10.6885 ], [ 106.5519, 10.6722 ], [ 106.5511, 10.6665 ], [ 106.547, 10.6595 ], [ 106.5555, 10.6507 ], [ 106.5585, 10.65 ], [ 106.5829, 10.6559 ], [ 106.5942, 10.6541 ], [ 106.6, 10.6517 ], [ 106.604, 10.6603 ], [ 106.6161, 10.6545 ], [ 106.6276, 10.6428 ], [ 106.6277, 10.6278 ], [ 106.6388, 10.626 ], [ 106.6438, 10.6329 ], [ 106.6516, 10.6398 ], [ 106.6592, 10.6421 ], [ 106.6665, 10.6407 ], [ 106.6811, 10.6501 ], [ 106.6834, 10.6569 ], [ 106.7108, 10.6511 ], [ 106.7215, 10.6436 ], [ 106.7278, 10.6359 ], [ 106.729, 10.6321 ], [ 106.727, 10.6187 ], [ 106.7201, 10.6089 ], [ 106.7186, 10.5991 ], [ 106.7214, 10.59 ], [ 106.7268, 10.5814 ], [ 106.7313, 10.5819 ], [ 106.735, 10.5869 ], [ 106.744, 10.5772 ], [ 106.7411, 10.5672 ], [ 106.7469, 10.5269 ], [ 106.7459, 10.5209 ], [ 106.7347, 10.4984 ], [ 106.7179, 10.4862 ], [ 106.7015, 10.471 ], [ 106.685, 10.4443 ], [ 106.6806, 10.441 ], [ 106.6741, 10.4396 ], [ 106.6672, 10.4399 ], [ 106.662, 10.4428 ], [ 106.658, 10.45 ], [ 106.6575, 10.4754 ], [ 106.6522, 10.4828 ], [ 106.6456, 10.4848 ], [ 106.6393, 10.4823 ], [ 106.636, 10.4786 ], [ 106.6311, 10.4595 ], [ 106.6256, 10.4529 ], [ 106.6099, 10.4462 ], [ 106.5956, 10.4373 ], [ 106.5873, 10.438 ], [ 106.583, 10.4368 ], [ 106.5825, 10.4315 ], [ 106.5853, 10.4273 ], [ 106.586, 10.4219 ], [ 106.5825, 10.4176 ], [ 106.5574, 10.4134 ], [ 106.5561, 10.4145 ], [ 106.5567, 10.4245 ], [ 106.5556, 10.426 ], [ 106.5468, 10.4301 ], [ 106.5428, 10.4303 ], [ 106.5355, 10.4221 ], [ 106.5278, 10.4345 ], [ 106.5191, 10.4278 ], [ 106.5086, 10.4258 ], [ 106.4948, 10.4162 ], [ 106.4783, 10.3978 ], [ 106.4635, 10.4028 ], [ 106.4564, 10.3963 ], [ 106.4502, 10.3974 ], [ 106.4467, 10.3994 ], [ 106.4453, 10.4042 ], [ 106.4525, 10.4035 ], [ 106.4582, 10.4061 ], [ 106.454, 10.411 ], [ 106.4501, 10.4142 ], [ 106.4429, 10.4157 ], [ 106.4253, 10.4126 ], [ 106.423, 10.4144 ], [ 106.4122, 10.4334 ], [ 106.4129, 10.4359 ], [ 106.4265, 10.4376 ], [ 106.4345, 10.4417 ], [ 106.4431, 10.4498 ], [ 106.4522, 10.452 ], [ 106.4415, 10.4585 ], [ 106.4362, 10.4683 ], [ 106.43, 10.4739 ], [ 106.4156, 10.4834 ], [ 106.4152, 10.4892 ], [ 106.4014, 10.4948 ], [ 106.398, 10.4859 ], [ 106.3894, 10.4761 ], [ 106.3679, 10.49 ], [ 106.3679, 10.5186 ], [ 106.3591, 10.5251 ], [ 106.3559, 10.5233 ], [ 106.3462, 10.5291 ], [ 106.3466, 10.5454 ], [ 106.3338, 10.5515 ], [ 106.318, 10.5711 ], [ 106.3088, 10.5664 ], [ 106.2944, 10.578 ], [ 106.285, 10.5881 ], [ 106.2033, 10.5802 ], [ 106.1981, 10.5812 ], [ 106.0997, 10.5766 ], [ 106.1005, 10.5237 ], [ 105.9986, 10.5334 ], [ 105.9083, 10.5395 ], [ 105.8326, 10.6394 ], [ 105.8046, 10.6551 ], [ 105.7772, 10.6612 ], [ 105.5939, 10.8317 ], [ 105.6107, 10.8331 ], [ 105.5814, 10.8931 ], [ 105.531, 10.9183 ], [ 105.5141, 10.9237 ], [ 105.5139, 10.9278 ], [ 105.4976, 10.9539 ], [ 105.5034, 10.9502 ], [ 105.5371, 10.9538 ], [ 105.5504, 10.9606 ], [ 105.5755, 10.9648 ], [ 105.638, 10.9826 ], [ 105.6669, 10.9889 ], [ 105.691, 11.0011 ], [ 105.7064, 11.0163 ], [ 105.7244, 11.0259 ], [ 105.7754, 11.0333 ], [ 105.7829, 11.0304 ], [ 105.8097, 10.9734 ], [ 105.8173, 10.9603 ], [ 105.8624, 10.9024 ], [ 105.8628, 10.8988 ], [ 105.8486, 10.8708 ], [ 105.8483, 10.8656 ], [ 105.8513, 10.8627 ], [ 105.8818, 10.8502 ], [ 105.9068, 10.8438 ], [ 105.9298, 10.8408 ], [ 105.932, 10.8434 ], [ 105.9316, 10.8452 ], [ 105.9252, 10.8532 ], [ 105.9251, 10.8624 ], [ 105.9284, 10.869 ], [ 105.9472, 10.8813 ], [ 105.9482, 10.8842 ], [ 105.944, 10.9003 ], [ 105.9383, 10.9124 ], [ 105.9383, 10.9175 ], [ 105.9416, 10.9175 ], [ 106.0074, 10.8595 ], [ 106.0604, 10.8211 ], [ 106.0731, 10.8143 ], [ 106.0894, 10.8118 ], [ 106.1598, 10.8156 ], [ 106.1888, 10.791 ], [ 106.1878, 10.8285 ], [ 106.1853, 10.842 ], [ 106.1606, 10.879 ], [ 106.1601, 10.8869 ], [ 106.134, 10.9158 ], [ 106.1372, 10.9259 ], [ 106.1478, 10.9419 ], [ 106.1441, 10.9527 ], [ 106.1413, 10.9778 ], [ 106.1535, 10.9842 ], [ 106.159, 10.9828 ] ] ] } },
{ "type": "Feature", "properties": { "name": "Nam Dinh", "epsg": 9209, "epsg_2025": 5897 }, "geometry": { "type": "MultiPolygon", "coordinates": [ [ [ [ 106.1047, 19.8911 ], [ 106.1027, 19.8918 ], [ 106.1069, 19.8955 ], [ 106.126, 19.9069 ], [ 106.1128, 19.8956 ], [ 106.1047, 19.8911 ] ] ], [ [ [ 106.1291, 19.9109 ], [ 106.1284, 19.9124 ], [ 106.1353, 19.9184 ], [ 106.1351, 19.9208 ], [ 106.1368, 19.9211 ], [ 106.1374, 19.9183 ], [ 106.1291, 19.9109 ] ] ], [ [ [ 106.1418, 19.9235 ], [ 106.1406, 19.9251 ], [ 106.1457, 19.9324 ], [ 106.1468, 19.9388 ], [ 106.1491, 19.9392 ], [ 106.1495, 19.9355 ], [ 106.1418, 19.9235 ] ] ], [ [ [ 106.5632, 20.2076 ], [ 106.5638, 20.212 ], [ 106.5732, 20.2161 ], [ 106.5733, 20.2148 ], [ 106.5632, 20.2076 ] ] ], [ [ [ 106.5967, 20.2185 ], [ 106.5954, 20.2199 ], [ 106.5963, 20.2235 ], [ 106.5977, 20.2206 ], [ 106.5967, 20.2185 ] ] ], [ [ [ 106.5757, 20.2142 ], [ 106.5749, 20.2193 ], [ 106.5827, 20.2293 ], [ 106.585, 20.2389 ], [ 106.5861, 20.2358 ], [ 106.585, 20.2292 ], [ 106.5757, 20.2142 ] ] ], [ [ [ 106.1452, 20.4697 ], [ 106.1697, 20.474 ], [ 106.1782, 20.482 ], [ 106.1836, 20.4837 ], [ 106.1897, 20.4808 ], [ 106.2111, 20.4788 ], [ 106.2215, 20.4715 ], [ 106.224, 20.4634 ], [ 106.2221, 20.4558 ], [ 106.2177, 20.4453 ], [ 106.2081, 20.4294 ], [ 106.2093, 20.4238 ], [ 106.2146, 20.4159 ], [ 106.219, 20.4114 ], [ 106.2288, 20.4081 ], [ 106.2584, 20.4068 ], [ 106.2722, 20.4039 ], [ 106.2782, 20.401 ], [ 106.2836, 20.3938 ], [ 106.2826, 20.3838 ], [ 106.2599, 20.3641 ], [ 106.2508, 20.3501 ], [ 106.2502, 20.3455 ], [ 106.2529, 20.3362 ], [ 106.261, 20.328 ], [ 106.2721, 20.329 ], [ 106.2856, 20.3363 ], [ 106.3167, 20.3607 ], [ 106.3329, 20.3765 ], [ 106.338, 20.3782 ], [ 106.3552, 20.3541 ], [ 106.3687, 20.3466 ], [ 106.3882, 20.3441 ], [ 106.3988, 20.3373 ], [ 106.4067, 20.3302 ], [ 106.425, 20.3062 ], [ 106.4305, 20.301 ], [ 106.4402, 20.2952 ], [ 106.4575, 20.2909 ], [ 106.4741, 20.2923 ], [ 106.4839, 20.2978 ], [ 106.496, 20.3092 ], [ 106.5098, 20.3098 ], [ 106.5213, 20.3168 ], [ 106.5249, 20.3174 ], [ 106.5289, 20.3151 ], [ 106.5359, 20.3061 ], [ 106.5633, 20.28 ], [ 106.5613, 20.2767 ], [ 106.5754, 20.2641 ], [ 106.5762, 20.2615 ], [ 106.5695, 20.2585 ], [ 106.5704, 20.2432 ], [ 106.5643, 20.2317 ], [ 106.551, 20.225 ], [ 106.5479, 20.2252 ], [ 106.5422, 20.2302 ], [ 106.5454, 20.2386 ], [ 106.5446, 20.2399 ], [ 106.5274, 20.2351 ], [ 106.5172, 20.24 ], [ 106.514, 20.2379 ], [ 106.5131, 20.235 ], [ 106.4921, 20.2261 ], [ 106.4913, 20.2209 ], [ 106.4799, 20.218 ], [ 106.4364, 20.2137 ], [ 106.4244, 20.2078 ], [ 106.4032, 20.2072 ], [ 106.4024, 20.2036 ], [ 106.3951, 20.1993 ], [ 106.3532, 20.1789 ], [ 106.3528, 20.1768 ], [ 106.3553, 20.1749 ], [ 106.3392, 20.1557 ], [ 106.3232, 20.1406 ], [ 106.2938, 20.1077 ], [ 106.2857, 20.1017 ], [ 106.2677, 20.0798 ], [ 106.2316, 20.0417 ], [ 106.1958, 20.0 ], [ 106.1931, 19.9987 ], [ 106.1931, 20.0005 ], [ 106.1867, 20.0003 ], [ 106.1809, 19.9886 ], [ 106.1812, 19.9786 ], [ 106.1781, 19.9717 ], [ 106.1743, 19.9699 ], [ 106.1561, 19.9531 ], [ 106.1529, 19.9534 ], [ 106.1492, 19.9568 ], [ 106.1598, 19.9597 ], [ 106.1608, 19.9619 ], [ 106.1463, 19.9598 ], [ 106.1433, 19.9639 ], [ 106.1445, 19.9673 ], [ 106.1366, 19.9685 ], [ 106.1046, 19.958 ], [ 106.1054, 19.954 ], [ 106.1072, 19.9536 ], [ 106.114, 19.9561 ], [ 106.1133, 19.9473 ], [ 106.1123, 19.9457 ], [ 106.1047, 19.9472 ], [ 106.0981, 19.9451 ], [ 106.0936, 19.9623 ], [ 106.095, 19.9783 ], [ 106.1097, 20.0218 ], [ 106.1124, 20.0468 ], [ 106.118, 20.0545 ], [ 106.1324, 20.0599 ], [ 106.139, 20.066 ], [ 106.1422, 20.075 ], [ 106.1432, 20.0909 ], [ 106.1469, 20.1029 ], [ 106.1555, 20.12 ], [ 106.166, 20.1314 ], [ 106.1661, 20.1391 ], [ 106.1607, 20.1665 ], [ 106.16, 20.1864 ], [ 106.1502, 20.2246 ], [ 106.1478, 20.2281 ], [ 106.1424, 20.2286 ], [ 106.1242, 20.2218 ], [ 106.1055, 20.2181 ], [ 106.1003, 20.2275 ], [ 106.0952, 20.2479 ], [ 106.0955, 20.2517 ], [ 106.0934, 20.2554 ], [ 106.09, 20.2565 ], [ 106.0834, 20.253 ], [ 106.0788, 20.2382 ], [ 106.0705, 20.2281 ], [ 106.0561, 20.219 ], [ 106.0481, 20.2184 ], [ 106.0421, 20.2206 ], [ 106.0347, 20.2265 ], [ 106.0294, 20.2321 ], [ 106.0278, 20.2374 ], [ 106.0284, 20.2401 ], [ 106.0308, 20.2419 ], [ 106.0432, 20.242 ], [ 106.0469, 20.2434 ], [ 106.0468, 20.2512 ], [ 106.0429, 20.2557 ], [ 106.0376, 20.2562 ], [ 106.0245, 20.2513 ], [ 106.0086, 20.2516 ], [ 105.9954, 20.2548 ], [ 105.9842, 20.2615 ], [ 105.9794, 20.2657 ], [ 105.9845, 20.2857 ], [ 105.9831, 20.2927 ], [ 105.9798, 20.2979 ], [ 105.9614, 20.3158 ], [ 105.9356, 20.3277 ], [ 105.9364, 20.3321 ], [ 105.9481, 20.3422 ], [ 105.9517, 20.3533 ], [ 105.9499, 20.3562 ], [ 105.9358, 20.3579 ], [ 105.9323, 20.3738 ], [ 105.9251, 20.3812 ], [ 105.9238, 20.3849 ], [ 105.9228, 20.3945 ], [ 105.9248, 20.3991 ], [ 105.9354, 20.3989 ], [ 105.9474, 20.4053 ], [ 105.9476, 20.4129 ], [ 105.9541, 20.4164 ], [ 105.9623, 20.4261 ], [ 105.9671, 20.4264 ], [ 105.9674, 20.4242 ], [ 105.9722, 20.4243 ], [ 105.9762, 20.4422 ], [ 105.9795, 20.4413 ], [ 105.9801, 20.435 ], [ 105.9829, 20.4313 ], [ 105.9925, 20.4295 ], [ 105.9878, 20.4082 ], [ 105.9889, 20.4037 ], [ 105.995, 20.3972 ], [ 106.0045, 20.4024 ], [ 106.0267, 20.4031 ], [ 106.0183, 20.4126 ], [ 106.0185, 20.419 ], [ 106.0233, 20.4339 ], [ 106.0277, 20.4393 ], [ 106.0278, 20.4458 ], [ 106.0357, 20.4474 ], [ 106.0403, 20.451 ], [ 106.0405, 20.4635 ], [ 106.0431, 20.4713 ], [ 106.0522, 20.4742 ], [ 106.0573, 20.4726 ], [ 106.0625, 20.4665 ], [ 106.0722, 20.4693 ], [ 106.0768, 20.4626 ], [ 106.0972, 20.4562 ], [ 106.0995, 20.4578 ], [ 106.1033, 20.4693 ], [ 106.0965, 20.4796 ], [ 106.0966, 20.4839 ], [ 106.1, 20.49 ], [ 106.1125, 20.4967 ], [ 106.1241, 20.498 ], [ 106.1276, 20.5005 ], [ 106.1324, 20.4964 ], [ 106.1386, 20.4947 ], [ 106.1373, 20.4853 ], [ 106.1381, 20.4765 ], [ 106.1452, 20.4697 ] ] ] ] } },
{ "type": "Feature", "properties": { "name": "Nghe An", "epsg": 9208, "epsg_2025": 9208 }, "geometry": { "type": "MultiPolygon", "coordinates": [ [ [ [ 105.9879, 18.7964 ], [ 105.9858, 18.7974 ], [ 105.9861, 18.7989 ], [ 105.9882, 18.7985 ], [ 105.9879, 18.7964 ] ] ], [ [ [ 105.7719, 18.7973 ], [ 105.7689, 18.7983 ], [ 105.7676, 18.8019 ], [ 105.7764, 18.8082 ], [ 105.7802, 18.8044 ], [ 105.7799, 18.8021 ], [ 105.7741, 18.8001 ], [ 105.7719, 18.7973 ] ] ], [ [ [ 105.9652, 18.7974 ], [ 105.962, 18.7974 ], [ 105.958, 18.8004 ], [ 105.9519, 18.8116 ], [ 105.9545, 18.8115 ], [ 105.9648, 18.8035 ], [ 105.9652, 18.7974 ] ] ], [ [ [ 104.923, 19.9914 ], [ 104.9446, 19.9897 ], [ 104.9576, 19.9938 ], [ 104.9621, 19.9889 ], [ 104.9639, 19.9766 ], [ 104.9678, 19.9756 ], [ 104.9761, 19.9773 ], [ 104.9979, 19.9623 ], [ 105.0, 19.9554 ], [ 105.0022, 19.9533 ], [ 105.0144, 19.9543 ], [ 105.0246, 19.9473 ], [ 105.0324, 19.9455 ], [ 105.0346, 19.9405 ], [ 105.0397, 19.9431 ], [ 105.043, 19.9388 ], [ 105.0446, 19.9326 ], [ 105.0605, 19.9336 ], [ 105.0918, 19.9403 ], [ 105.0988, 19.9375 ], [ 105.1052, 19.9379 ], [ 105.1141, 19.9345 ], [ 105.1228, 19.927 ], [ 105.1331, 19.9224 ], [ 105.1352, 19.9246 ], [ 105.1444, 19.9216 ], [ 105.1477, 19.9236 ], [ 105.1514, 19.9222 ], [ 105.1552, 19.9237 ], [ 105.1664, 19.9196 ], [ 105.1709, 19.9151 ], [ 105.1759, 19.8836 ], [ 105.1816, 19.8792 ], [ 105.181, 19.8753 ], [ 105.1855, 19.8692 ], [ 105.1858, 19.8632 ], [ 105.1837, 19.8597 ], [ 105.1751, 19.857 ], [ 105.1587, 19.8556 ], [ 105.1478, 19.8564 ], [ 105.1456, 19.8527 ], [ 105.1432, 19.8363 ], [ 105.139, 19.8323 ], [ 105.1303, 19.8279 ], [ 105.1287, 19.8253 ], [ 105.1281, 19.8181 ], [ 105.1296, 19.8107 ], [ 105.1258, 19.8042 ], [ 105.1299, 19.7874 ], [ 105.1291, 19.779 ], [ 105.1352, 19.7675 ], [ 105.1307, 19.7616 ], [ 105.1343, 19.7503 ], [ 105.132, 19.7442 ], [ 105.1359, 19.7398 ], [ 105.1463, 19.7327 ], [ 105.1532, 19.7249 ], [ 105.1603, 19.7234 ], [ 105.1588, 19.7175 ], [ 105.1517, 19.7095 ], [ 105.1628, 19.6998 ], [ 105.1629, 19.6861 ], [ 105.1705, 19.6814 ], [ 105.1801, 19.6818 ], [ 105.2088, 19.6635 ], [ 105.2137, 19.6565 ], [ 105.2209, 19.6509 ], [ 105.2278, 19.6494 ], [ 105.2328, 19.6464 ], [ 105.2353, 19.6467 ], [ 105.2377, 19.6497 ], [ 105.2396, 19.657 ], [ 105.2443, 19.6578 ], [ 105.2589, 19.6398 ], [ 105.2603, 19.6301 ], [ 105.2663, 19.6218 ], [ 105.27, 19.6083 ], [ 105.2782, 19.6059 ], [ 105.2817, 19.6031 ], [ 105.2795, 19.5937 ], [ 105.2716, 19.5901 ], [ 105.2789, 19.5762 ], [ 105.2793, 19.5669 ], [ 105.2779, 19.5638 ], [ 105.272, 19.5611 ], [ 105.2699, 19.5572 ], [ 105.2718, 19.5472 ], [ 105.2663, 19.53 ], [ 105.2737, 19.5173 ], [ 105.2772, 19.5069 ], [ 105.2751, 19.4937 ], [ 105.2819, 19.4937 ], [ 105.2868, 19.4912 ], [ 105.2914, 19.476 ], [ 105.2953, 19.4798 ], [ 105.2965, 19.4848 ], [ 105.309, 19.5016 ], [ 105.3142, 19.5064 ], [ 105.322, 19.5099 ], [ 105.3255, 19.5207 ], [ 105.3331, 19.5348 ], [ 105.3398, 19.5396 ], [ 105.3491, 19.5398 ], [ 105.3522, 19.5385 ], [ 105.3602, 19.5262 ], [ 105.3607, 19.5154 ], [ 105.3564, 19.5082 ], [ 105.3724, 19.4925 ], [ 105.3888, 19.4691 ], [ 105.3903, 19.4654 ], [ 105.3874, 19.4593 ], [ 105.3933, 19.4514 ], [ 105.4011, 19.4509 ], [ 105.4079, 19.4581 ], [ 105.4229, 19.4575 ], [ 105.429, 19.4563 ], [ 105.444, 19.4437 ], [ 105.4563, 19.4479 ], [ 105.4633, 19.4561 ], [ 105.4736, 19.4477 ], [ 105.4782, 19.4462 ], [ 105.4987, 19.4633 ], [ 105.5219, 19.465 ], [ 105.533, 19.4564 ], [ 105.5411, 19.437 ], [ 105.567, 19.4026 ], [ 105.58, 19.3916 ], [ 105.5811, 19.3804 ], [ 105.5883, 19.3716 ], [ 105.5989, 19.372 ], [ 105.608, 19.3699 ], [ 105.6102, 19.3718 ], [ 105.6107, 19.376 ], [ 105.6158, 19.3807 ], [ 105.6197, 19.3829 ], [ 105.6249, 19.3822 ], [ 105.6278, 19.3795 ], [ 105.6273, 19.3712 ], [ 105.6296, 19.3656 ], [ 105.637, 19.3675 ], [ 105.6413, 19.3549 ], [ 105.6497, 19.3524 ], [ 105.6548, 19.3432 ], [ 105.6613, 19.3433 ], [ 105.6659, 19.3408 ], [ 105.6627, 19.3264 ], [ 105.6627, 19.3159 ], [ 105.6728, 19.3227 ], [ 105.6755, 19.3226 ], [ 105.6765, 19.3162 ], [ 105.685, 19.3023 ], [ 105.6891, 19.3021 ], [ 105.6948, 19.3055 ], [ 105.7127, 19.3041 ], [ 105.7223, 19.3111 ], [ 105.7207, 19.3194 ], [ 105.7308, 19.3188 ], [ 105.7402, 19.3242 ], [ 105.7415, 19.3135 ], [ 105.7457, 19.303 ], [ 105.7486, 19.3025 ], [ 105.7506, 19.3063 ], [ 105.7539, 19.3074 ], [ 105.7597, 19.3023 ], [ 105.7637, 19.2939 ], [ 105.7662, 19.2929 ], [ 105.771, 19.2932 ], [ 105.7798, 19.2987 ], [ 105.7876, 19.2987 ], [ 105.7973, 19.3031 ], [ 105.7996, 19.3018 ], [ 105.8022, 19.2925 ], [ 105.7987, 19.2792 ], [ 105.793, 19.2734 ], [ 105.7902, 19.2734 ], [ 105.788, 19.2778 ], [ 105.7821, 19.2765 ], [ 105.7785, 19.2727 ], [ 105.7725, 19.2597 ], [ 105.7678, 19.2368 ], [ 105.7655, 19.2329 ], [ 105.7559, 19.2267 ], [ 105.7558, 19.2366 ], [ 105.749, 19.2422 ], [ 105.7448, 19.2367 ], [ 105.7459, 19.2347 ], [ 105.7449, 19.2301 ], [ 105.7346, 19.218 ], [ 105.7277, 19.1786 ], [ 105.727, 19.1361 ], [ 105.7283, 19.1191 ], [ 105.7358, 19.1054 ], [ 105.7239, 19.1043 ], [ 105.7163, 19.0995 ], [ 105.7146, 19.1023 ], [ 105.7149, 19.1074 ], [ 105.7096, 19.1057 ], [ 105.7084, 19.0984 ], [ 105.7005, 19.0917 ], [ 105.6905, 19.0861 ], [ 105.6886, 19.0861 ], [ 105.6787, 19.0971 ], [ 105.6728, 19.0981 ], [ 105.6685, 19.0976 ], [ 105.6616, 19.0939 ], [ 105.6518, 19.0854 ], [ 105.6409, 19.0722 ], [ 105.6222, 19.0339 ], [ 105.6179, 19.0148 ], [ 105.6166, 18.9907 ], [ 105.6124, 18.9872 ], [ 105.6112, 18.9833 ], [ 105.6162, 18.9792 ], [ 105.6185, 18.9565 ], [ 105.6258, 18.921 ], [ 105.6279, 18.9189 ], [ 105.6339, 18.899 ], [ 105.6373, 18.8963 ], [ 105.6468, 18.8933 ], [ 105.6484, 18.8878 ], [ 105.6557, 18.8856 ], [ 105.6593, 18.8908 ], [ 105.6648, 18.8817 ], [ 105.6718, 18.8824 ], [ 105.6743, 18.878 ], [ 105.6784, 18.8752 ], [ 105.6826, 18.8782 ], [ 105.6877, 18.876 ], [ 105.6929, 18.8651 ], [ 105.7034, 18.8525 ], [ 105.7099, 18.8493 ], [ 105.7149, 18.8512 ], [ 105.7181, 18.8494 ], [ 105.7137, 18.8445 ], [ 105.7135, 18.8418 ], [ 105.7183, 18.8355 ], [ 105.7138, 18.8348 ], [ 105.7149, 18.8226 ], [ 105.7264, 18.8022 ], [ 105.7572, 18.7682 ], [ 105.7572, 18.7657 ], [ 105.7538, 18.7631 ], [ 105.7568, 18.7603 ], [ 105.7489, 18.7555 ], [ 105.7415, 18.7473 ], [ 105.7404, 18.7439 ], [ 105.7649, 18.6889 ], [ 105.7669, 18.6822 ], [ 105.7659, 18.6756 ], [ 105.7582, 18.6704 ], [ 105.7494, 18.6689 ], [ 105.7443, 18.6686 ], [ 105.726, 18.6735 ], [ 105.7185, 18.6707 ], [ 105.7127, 18.6665 ], [ 105.7048, 18.6403 ], [ 105.7003, 18.6338 ], [ 105.6912, 18.6312 ], [ 105.6894, 18.6293 ], [ 105.6878, 18.6252 ], [ 105.6881, 18.6024 ], [ 105.6864, 18.5917 ], [ 105.6801, 18.5832 ], [ 105.6749, 18.5793 ], [ 105.6695, 18.5788 ], [ 105.6668, 18.5843 ], [ 105.6611, 18.5855 ], [ 105.6476, 18.5792 ], [ 105.6377, 18.5686 ], [ 105.6318, 18.5674 ], [ 105.6233, 18.5679 ], [ 105.6188, 18.57 ], [ 105.6145, 18.5784 ], [ 105.5997, 18.5775 ], [ 105.5917, 18.5738 ], [ 105.5872, 18.5733 ], [ 105.5818, 18.5599 ], [ 105.5651, 18.5617 ], [ 105.5534, 18.5596 ], [ 105.5471, 18.5543 ], [ 105.5432, 18.5541 ], [ 105.5283, 18.5638 ], [ 105.5247, 18.576 ], [ 105.5192, 18.5811 ], [ 105.5152, 18.5877 ], [ 105.5134, 18.5995 ], [ 105.5023, 18.6112 ], [ 105.4888, 18.6119 ], [ 105.4765, 18.6157 ], [ 105.4749, 18.6151 ], [ 105.4734, 18.6088 ], [ 105.4637, 18.6062 ], [ 105.4577, 18.6025 ], [ 105.4483, 18.603 ], [ 105.4391, 18.5994 ], [ 105.433, 18.5887 ], [ 105.4245, 18.5888 ], [ 105.4167, 18.592 ], [ 105.3929, 18.5825 ], [ 105.3773, 18.58 ], [ 105.3699, 18.5819 ], [ 105.3621, 18.5815 ], [ 105.3492, 18.5893 ], [ 105.3376, 18.5915 ], [ 105.3266, 18.6036 ], [ 105.3157, 18.6048 ], [ 105.3024, 18.609 ], [ 105.2931, 18.6231 ], [ 105.2867, 18.6206 ], [ 105.2781, 18.6254 ], [ 105.2718, 18.6239 ], [ 105.2681, 18.6193 ], [ 105.2601, 18.6185 ], [ 105.2552, 18.6162 ], [ 105.242, 18.6074 ], [ 105.2382, 18.6043 ], [ 105.2289, 18.5897 ], [ 105.224, 18.5901 ], [ 105.2166, 18.598 ], [ 105.2105, 18.6 ], [ 105.1978, 18.5995 ], [ 105.1887, 18.6011 ], [ 105.1867, 18.6036 ], [ 105.1901, 18.6059 ], [ 105.1897, 18.6152 ], [ 105.1915, 18.6195 ], [ 105.1893, 18.6287 ], [ 105.1916, 18.6359 ], [ 105.1962, 18.6381 ], [ 105.1969, 18.64 ], [ 105.1948, 18.6468 ], [ 105.1921, 18.6486 ], [ 105.1867, 18.6481 ], [ 105.1804, 18.659 ], [ 105.1757, 18.6597 ], [ 105.1673, 18.6577 ], [ 105.1507, 18.6788 ], [ 105.1437, 18.6783 ], [ 105.1372, 18.6818 ], [ 105.1323, 18.6897 ], [ 105.1367, 18.6981 ], [ 105.1429, 18.7027 ], [ 105.1357, 18.7074 ], [ 105.1318, 18.7159 ], [ 105.1137, 18.7147 ], [ 105.1014, 18.7043 ], [ 105.0786, 18.71 ], [ 105.0502, 18.707 ], [ 105.048, 18.7091 ], [ 105.0488, 18.713 ], [ 105.0569, 18.7238 ], [ 105.0564, 18.7251 ], [ 105.0495, 18.7296 ], [ 105.038, 18.7226 ], [ 105.0287, 18.7288 ], [ 105.0203, 18.7305 ], [ 105.016, 18.7361 ], [ 105.0196, 18.7456 ], [ 105.0193, 18.7495 ], [ 104.9985, 18.7374 ], [ 104.9947, 18.7382 ], [ 104.9908, 18.7446 ], [ 104.9889, 18.7453 ], [ 104.9849, 18.7442 ], [ 104.9809, 18.7398 ], [ 104.966, 18.7436 ], [ 104.9571, 18.7407 ], [ 104.9408, 18.7396 ], [ 104.9373, 18.7543 ], [ 104.9337, 18.7587 ], [ 104.9367, 18.7737 ], [ 104.9174, 18.7852 ], [ 104.9152, 18.789 ], [ 104.9113, 18.7916 ], [ 104.9093, 18.7912 ], [ 104.9071, 18.7876 ], [ 104.8947, 18.7881 ], [ 104.8894, 18.7849 ], [ 104.8712, 18.7875 ], [ 104.8551, 18.7747 ], [ 104.8494, 18.7781 ], [ 104.8454, 18.7836 ], [ 104.8397, 18.7864 ], [ 104.8285, 18.7865 ], [ 104.8134, 18.7832 ], [ 104.7953, 18.7841 ], [ 104.7865, 18.7922 ], [ 104.7822, 18.8034 ], [ 104.7748, 18.8028 ], [ 104.7568, 18.7961 ], [ 104.7469, 18.8014 ], [ 104.7368, 18.8019 ], [ 104.7345, 18.8091 ], [ 104.7345, 18.8164 ], [ 104.72, 18.818 ], [ 104.7169, 18.8201 ], [ 104.7114, 18.8288 ], [ 104.7102, 18.8343 ], [ 104.7115, 18.8416 ], [ 104.6974, 18.8411 ], [ 104.6863, 18.8362 ], [ 104.6752, 18.8386 ], [ 104.667, 18.8539 ], [ 104.6577, 18.8596 ], [ 104.6545, 18.8653 ], [ 104.6452, 18.8691 ], [ 104.6352, 18.8703 ], [ 104.6256, 18.8802 ], [ 104.6274, 18.8871 ], [ 104.6265, 18.8888 ], [ 104.6184, 18.893 ], [ 104.5955, 18.899 ], [ 104.587, 18.9048 ], [ 104.5774, 18.9028 ], [ 104.5764, 18.9118 ], [ 104.5637, 18.9293 ], [ 104.563, 18.935 ], [ 104.5596, 18.9411 ], [ 104.5437, 18.9561 ], [ 104.5417, 18.9747 ], [ 104.5282, 18.9864 ], [ 104.5183, 18.9815 ], [ 104.5106, 18.9829 ], [ 104.5022, 18.9982 ], [ 104.4961, 19.0041 ], [ 104.4871, 19.0066 ], [ 104.4811, 19.0061 ], [ 104.4709, 18.9898 ], [ 104.4606, 18.9921 ], [ 104.451, 18.9871 ], [ 104.4463, 18.9875 ], [ 104.4384, 18.9967 ], [ 104.4337, 18.9994 ], [ 104.43, 19.0055 ], [ 104.4241, 19.0053 ], [ 104.4196, 19.0078 ], [ 104.4211, 19.0189 ], [ 104.4133, 19.0287 ], [ 104.4045, 19.0361 ], [ 104.4022, 19.0411 ], [ 104.4057, 19.0478 ], [ 104.3981, 19.0585 ], [ 104.3823, 19.0617 ], [ 104.3659, 19.0748 ], [ 104.3498, 19.072 ], [ 104.337, 19.0769 ], [ 104.3196, 19.0862 ], [ 104.3098, 19.0891 ], [ 104.3038, 19.0962 ], [ 104.3023, 19.1064 ], [ 104.2992, 19.1132 ], [ 104.2807, 19.1202 ], [ 104.2703, 19.1205 ], [ 104.2539, 19.1156 ], [ 104.2432, 19.1163 ], [ 104.2313, 19.1127 ], [ 104.2141, 19.1198 ], [ 104.2095, 19.1275 ], [ 104.218, 19.1432 ], [ 104.2252, 19.1501 ], [ 104.2243, 19.1547 ], [ 104.2205, 19.1586 ], [ 104.1987, 19.1636 ], [ 104.1933, 19.1808 ], [ 104.1849, 19.1936 ], [ 104.1796, 19.1987 ], [ 104.1543, 19.1995 ], [ 104.129, 19.2041 ], [ 104.1166, 19.2203 ], [ 104.1116, 19.2234 ], [ 104.1077, 19.2212 ], [ 104.1054, 19.2149 ], [ 104.1015, 19.214 ], [ 104.0915, 19.2306 ], [ 104.0762, 19.239 ], [ 104.0696, 19.2477 ], [ 104.06, 19.2438 ], [ 104.0537, 19.2454 ], [ 104.0097, 19.2353 ], [ 104.0016, 19.2311 ], [ 103.9977, 19.2315 ], [ 103.9927, 19.2388 ], [ 103.9791, 19.2449 ], [ 103.973, 19.2454 ], [ 103.9602, 19.2522 ], [ 103.945, 19.2681 ], [ 103.923, 19.286 ], [ 103.9165, 19.2952 ], [ 103.9162, 19.3016 ], [ 103.9145, 19.3034 ], [ 103.8984, 19.3096 ], [ 103.8924, 19.3081 ], [ 103.8884, 19.3021 ], [ 103.8849, 19.301 ], [ 103.882, 19.3022 ], [ 103.8805, 19.3056 ], [ 103.8729, 19.308 ], [ 103.8732, 19.319 ], [ 103.8823, 19.3269 ], [ 103.8905, 19.3321 ], [ 103.9053, 19.3311 ], [ 103.9101, 19.3332 ], [ 103.9132, 19.3351 ], [ 103.9172, 19.3428 ], [ 103.9315, 19.347 ], [ 103.9448, 19.3568 ], [ 103.9502, 19.359 ], [ 103.9592, 19.3769 ], [ 103.9549, 19.3845 ], [ 103.964, 19.3919 ], [ 103.9698, 19.3927 ], [ 103.9732, 19.3997 ], [ 103.9859, 19.4009 ], [ 103.9922, 19.4062 ], [ 103.9989, 19.4058 ], [ 104.006, 19.4029 ], [ 104.0116, 19.4032 ], [ 104.0193, 19.4102 ], [ 104.0212, 19.4169 ], [ 104.0296, 19.4172 ], [ 104.0483, 19.4269 ], [ 104.0501, 19.426 ], [ 104.0521, 19.4193 ], [ 104.0675, 19.4173 ], [ 104.0703, 19.4224 ], [ 104.0709, 19.436 ], [ 104.0743, 19.4493 ], [ 104.0731, 19.4511 ], [ 104.0648, 19.4521 ], [ 104.0636, 19.4543 ], [ 104.0695, 19.4568 ], [ 104.0795, 19.4666 ], [ 104.0845, 19.4684 ], [ 104.0833, 19.4729 ], [ 104.0843, 19.48 ], [ 104.0913, 19.49 ], [ 104.1009, 19.4924 ], [ 104.111, 19.4906 ], [ 104.1156, 19.4964 ], [ 104.1214, 19.499 ], [ 104.121, 19.5051 ], [ 104.1139, 19.5103 ], [ 104.1018, 19.5247 ], [ 104.1052, 19.5267 ], [ 104.1077, 19.5323 ], [ 104.1084, 19.5421 ], [ 104.1033, 19.5503 ], [ 104.1036, 19.5628 ], [ 104.1064, 19.5694 ], [ 104.097, 19.5773 ], [ 104.0847, 19.5825 ], [ 104.0713, 19.6007 ], [ 104.0686, 19.6075 ], [ 104.0617, 19.6117 ], [ 104.06, 19.615 ], [ 104.0593, 19.6187 ], [ 104.0614, 19.6268 ], [ 104.0667, 19.6355 ], [ 104.067, 19.6398 ], [ 104.058, 19.6501 ], [ 104.0582, 19.6529 ], [ 104.069, 19.6688 ], [ 104.0694, 19.6836 ], [ 104.0762, 19.6801 ], [ 104.0909, 19.6665 ], [ 104.1052, 19.6617 ], [ 104.1354, 19.6627 ], [ 104.1493, 19.6667 ], [ 104.1544, 19.6704 ], [ 104.1565, 19.6741 ], [ 104.1554, 19.6854 ], [ 104.1566, 19.692 ], [ 104.1597, 19.6967 ], [ 104.1633, 19.697 ], [ 104.1749, 19.6891 ], [ 104.1796, 19.6944 ], [ 104.1915, 19.6957 ], [ 104.1983, 19.6934 ], [ 104.2099, 19.704 ], [ 104.2348, 19.7085 ], [ 104.2391, 19.7061 ], [ 104.2552, 19.7038 ], [ 104.261, 19.7047 ], [ 104.2657, 19.6989 ], [ 104.2689, 19.6973 ], [ 104.2854, 19.6949 ], [ 104.2983, 19.6984 ], [ 104.3036, 19.6978 ], [ 104.3199, 19.6864 ], [ 104.3209, 19.6831 ], [ 104.3169, 19.6726 ], [ 104.3182, 19.6681 ], [ 104.3365, 19.6777 ], [ 104.3398, 19.6819 ], [ 104.3413, 19.6882 ], [ 104.3503, 19.6933 ], [ 104.3604, 19.6925 ], [ 104.3667, 19.6971 ], [ 104.3813, 19.6968 ], [ 104.389, 19.7003 ], [ 104.3972, 19.6977 ], [ 104.4012, 19.7002 ], [ 104.4006, 19.7031 ], [ 104.402, 19.7048 ], [ 104.4145, 19.7075 ], [ 104.4214, 19.7006 ], [ 104.4186, 19.6939 ], [ 104.4216, 19.6881 ], [ 104.4187, 19.6818 ], [ 104.4242, 19.6736 ], [ 104.4292, 19.6722 ], [ 104.4439, 19.6733 ], [ 104.4469, 19.6701 ], [ 104.4429, 19.6603 ], [ 104.4438, 19.6581 ], [ 104.4509, 19.6535 ], [ 104.4622, 19.6499 ], [ 104.4682, 19.6508 ], [ 104.4757, 19.6562 ], [ 104.4898, 19.654 ], [ 104.4928, 19.6514 ], [ 104.4969, 19.6377 ], [ 104.5045, 19.6306 ], [ 104.5055, 19.6227 ], [ 104.5132, 19.6219 ], [ 104.5258, 19.6142 ], [ 104.537, 19.6131 ], [ 104.5445, 19.6199 ], [ 104.5543, 19.6148 ], [ 104.568, 19.6143 ], [ 104.5722, 19.6227 ], [ 104.5772, 19.6267 ], [ 104.5886, 19.6315 ], [ 104.6094, 19.6348 ], [ 104.6173, 19.6293 ], [ 104.6294, 19.6278 ], [ 104.6333, 19.6232 ], [ 104.6405, 19.6236 ], [ 104.6454, 19.626 ], [ 104.6505, 19.6395 ], [ 104.6497, 19.6448 ], [ 104.6448, 19.6531 ], [ 104.6447, 19.6561 ], [ 104.6477, 19.6591 ], [ 104.6583, 19.6621 ], [ 104.6591, 19.6736 ], [ 104.6654, 19.6794 ], [ 104.6689, 19.6853 ], [ 104.6615, 19.7026 ], [ 104.6682, 19.7054 ], [ 104.6777, 19.7133 ], [ 104.6836, 19.7225 ], [ 104.694, 19.7265 ], [ 104.6995, 19.7378 ], [ 104.7129, 19.7471 ], [ 104.7218, 19.7556 ], [ 104.7253, 19.7567 ], [ 104.73, 19.7562 ], [ 104.7381, 19.7497 ], [ 104.7446, 19.7517 ], [ 104.7548, 19.7509 ], [ 104.7563, 19.7575 ], [ 104.7661, 19.7658 ], [ 104.7614, 19.7747 ], [ 104.7619, 19.7762 ], [ 104.7749, 19.7773 ], [ 104.7821, 19.7848 ], [ 104.7957, 19.7905 ], [ 104.7982, 19.7912 ], [ 104.8038, 19.7876 ], [ 104.8121, 19.7877 ], [ 104.8166, 19.7852 ], [ 104.8249, 19.788 ], [ 104.8311, 19.7927 ], [ 104.8369, 19.8062 ], [ 104.8339, 19.8157 ], [ 104.8356, 19.8263 ], [ 104.8388, 19.8333 ], [ 104.8445, 19.837 ], [ 104.8476, 19.8436 ], [ 104.8455, 19.8464 ], [ 104.8342, 19.8533 ], [ 104.8365, 19.8599 ], [ 104.8445, 19.8648 ], [ 104.8485, 19.8719 ], [ 104.8398, 19.8881 ], [ 104.8455, 19.9103 ], [ 104.8478, 19.9126 ], [ 104.8413, 19.9174 ], [ 104.8426, 19.9265 ], [ 104.8631, 19.9461 ], [ 104.8859, 19.9539 ], [ 104.8967, 19.9614 ], [ 104.9087, 19.9781 ], [ 104.9092, 19.9889 ], [ 104.915, 19.994 ], [ 104.9145, 19.9969 ], [ 104.919, 19.9987 ], [ 104.923, 19.9914 ] ] ] ] } },
{ "type": "Feature", "properties": { "name": "Ninh Binh", "epsg": 5897, "epsg_2025": 5897 }, "geometry": { "type": "Polygon", "coordinates": [ [ [ 105.8596, 20.4225 ], [ 105.8667, 20.4115 ], [ 105.8739, 20.4069 ], [ 105.8862, 20.3903 ], [ 105.8926, 20.3867 ], [ 105.895, 20.3802 ], [ 105.8984, 20.3763 ], [ 105.907, 20.3735 ], [ 105.9123, 20.3777 ], [ 105.92, 20.3643 ], [ 105.9324, 20.3691 ], [ 105.9346, 20.3673 ], [ 105.9358, 20.3579 ], [ 105.9512, 20.3551 ], [ 105.9509, 20.3488 ], [ 105.9481, 20.3422 ], [ 105.9364, 20.3321 ], [ 105.9356, 20.3277 ], [ 105.9614, 20.3158 ], [ 105.9798, 20.2979 ], [ 105.9831, 20.2927 ], [ 105.9845, 20.2857 ], [ 105.9794, 20.2674 ], [ 105.9806, 20.2643 ], [ 105.9904, 20.2574 ], [ 106.0015, 20.2528 ], [ 106.0245, 20.2513 ], [ 106.0394, 20.2564 ], [ 106.0454, 20.2534 ], [ 106.0475, 20.2489 ], [ 106.0469, 20.2434 ], [ 106.0432, 20.242 ], [ 106.0323, 20.2423 ], [ 106.0279, 20.239 ], [ 106.0294, 20.2321 ], [ 106.0396, 20.2222 ], [ 106.0452, 20.2192 ], [ 106.0532, 20.2182 ], [ 106.0679, 20.2261 ], [ 106.0777, 20.2362 ], [ 106.0834, 20.253 ], [ 106.09, 20.2565 ], [ 106.0934, 20.2554 ], [ 106.0955, 20.2517 ], [ 106.0952, 20.2479 ], [ 106.1003, 20.2275 ], [ 106.1055, 20.2181 ], [ 106.1242, 20.2218 ], [ 106.1424, 20.2286 ], [ 106.1478, 20.2281 ], [ 106.1502, 20.2246 ], [ 106.16, 20.1864 ], [ 106.1607, 20.1665 ], [ 106.1661, 20.1391 ], [ 106.166, 20.1314 ], [ 106.1555, 20.12 ], [ 106.1469, 20.1029 ], [ 106.1432, 20.0909 ], [ 106.1422, 20.075 ], [ 106.139, 20.066 ], [ 106.1324, 20.0599 ], [ 106.118, 20.0545 ], [ 106.1136, 20.0498 ], [ 106.1097, 20.0218 ], [ 106.095, 19.9783 ], [ 106.0936, 19.9623 ], [ 106.0981, 19.9451 ], [ 106.0911, 19.9429 ], [ 106.0829, 19.9257 ], [ 106.08, 19.9224 ], [ 106.0636, 19.9183 ], [ 106.0633, 19.9213 ], [ 106.0543, 19.9271 ], [ 106.0546, 19.9307 ], [ 106.0494, 19.9443 ], [ 106.0514, 19.947 ], [ 106.0373, 19.9597 ], [ 106.0301, 19.9617 ], [ 106.0232, 19.9709 ], [ 106.023, 19.9857 ], [ 106.0254, 19.9935 ], [ 106.0317, 20.0006 ], [ 106.0369, 20.0025 ], [ 106.0439, 20.0025 ], [ 106.0502, 20.0051 ], [ 106.0593, 20.0199 ], [ 106.0639, 20.0371 ], [ 106.0724, 20.0562 ], [ 106.0733, 20.0634 ], [ 106.0715, 20.0661 ], [ 106.068, 20.0675 ], [ 106.0275, 20.0608 ], [ 106.0165, 20.0615 ], [ 106.0091, 20.0668 ], [ 105.9873, 20.07 ], [ 105.9647, 20.0668 ], [ 105.959, 20.0673 ], [ 105.9291, 20.0913 ], [ 105.9199, 20.105 ], [ 105.9056, 20.1082 ], [ 105.892, 20.119 ], [ 105.8685, 20.1258 ], [ 105.8471, 20.1406 ], [ 105.8332, 20.1451 ], [ 105.8275, 20.152 ], [ 105.813, 20.1577 ], [ 105.792, 20.1704 ], [ 105.7803, 20.172 ], [ 105.7706, 20.1774 ], [ 105.7401, 20.1856 ], [ 105.7382, 20.1926 ], [ 105.7355, 20.1949 ], [ 105.6916, 20.2231 ], [ 105.6922, 20.2305 ], [ 105.6801, 20.2384 ], [ 105.6768, 20.2474 ], [ 105.6685, 20.2494 ], [ 105.6641, 20.2593 ], [ 105.6487, 20.2739 ], [ 105.6426, 20.2771 ], [ 105.6209, 20.2823 ], [ 105.6152, 20.2858 ], [ 105.6103, 20.2914 ], [ 105.6066, 20.3015 ], [ 105.5961, 20.314 ], [ 105.592, 20.3148 ], [ 105.5791, 20.3125 ], [ 105.5694, 20.3184 ], [ 105.5624, 20.3172 ], [ 105.5617, 20.3264 ], [ 105.5485, 20.3344 ], [ 105.5479, 20.347 ], [ 105.5426, 20.3544 ], [ 105.5411, 20.3635 ], [ 105.5578, 20.3598 ], [ 105.5641, 20.36 ], [ 105.57, 20.3619 ], [ 105.5797, 20.37 ], [ 105.5973, 20.3647 ], [ 105.6181, 20.3498 ], [ 105.6262, 20.3487 ], [ 105.6307, 20.3459 ], [ 105.6684, 20.311 ], [ 105.6773, 20.3069 ], [ 105.685, 20.3067 ], [ 105.7012, 20.3233 ], [ 105.7226, 20.3313 ], [ 105.727, 20.34 ], [ 105.7158, 20.3522 ], [ 105.7032, 20.3748 ], [ 105.7029, 20.3781 ], [ 105.6918, 20.3901 ], [ 105.6945, 20.3992 ], [ 105.6836, 20.4104 ], [ 105.6843, 20.4113 ], [ 105.6944, 20.4128 ], [ 105.7049, 20.4123 ], [ 105.7098, 20.4095 ], [ 105.7163, 20.4089 ], [ 105.7294, 20.4001 ], [ 105.7284, 20.3866 ], [ 105.7435, 20.3823 ], [ 105.7431, 20.3713 ], [ 105.7445, 20.3673 ], [ 105.7547, 20.3682 ], [ 105.7575, 20.3786 ], [ 105.7541, 20.3996 ], [ 105.7502, 20.4079 ], [ 105.7513, 20.4139 ], [ 105.7576, 20.4166 ], [ 105.7546, 20.4208 ], [ 105.7502, 20.4407 ], [ 105.7562, 20.4425 ], [ 105.7607, 20.4411 ], [ 105.7705, 20.4433 ], [ 105.7762, 20.4374 ], [ 105.7802, 20.4379 ], [ 105.7861, 20.4488 ], [ 105.7863, 20.4546 ], [ 105.7899, 20.4555 ], [ 105.7922, 20.4477 ], [ 105.8013, 20.4358 ], [ 105.8224, 20.4187 ], [ 105.8321, 20.4173 ], [ 105.8419, 20.4213 ], [ 105.8542, 20.4211 ], [ 105.8596, 20.4225 ] ] ] } },
{ "type": "Feature", "properties": { "name": "Ninh Thuan", "epsg": 9217, "epsg_2025": 9217 }, "geometry": { "type": "MultiPolygon", "coordinates": [ [ [ [ 109.1464, 11.5796 ], [ 109.1437, 11.5799 ], [ 109.1409, 11.5848 ], [ 109.145, 11.5845 ], [ 109.1464, 11.5796 ] ] ], [ [ [ 109.1776, 11.6514 ], [ 109.1731, 11.6486 ], [ 109.1736, 11.6518 ], [ 109.1779, 11.6539 ], [ 109.1776, 11.6514 ] ] ], [ [ [ 108.7879, 12.1554 ], [ 108.7815, 12.1248 ], [ 108.7904, 12.1113 ], [ 108.7928, 12.0914 ], [ 108.7982, 12.0831 ], [ 108.8017, 12.0693 ], [ 108.8071, 12.061 ], [ 108.7973, 12.0459 ], [ 108.8086, 12.0441 ], [ 108.8182, 12.0405 ], [ 108.8202, 12.0317 ], [ 108.8343, 12.0231 ], [ 108.8447, 12.0211 ], [ 108.8525, 12.0155 ], [ 108.8551, 12.01 ], [ 108.8559, 12.0007 ], [ 108.8524, 11.9915 ], [ 108.8453, 11.9841 ], [ 108.8461, 11.9702 ], [ 108.8483, 11.9661 ], [ 108.85, 11.9649 ], [ 108.861, 11.9695 ], [ 108.8893, 11.9489 ], [ 108.9142, 11.953 ], [ 108.9183, 11.9505 ], [ 108.9191, 11.9462 ], [ 108.9228, 11.9418 ], [ 108.9324, 11.9383 ], [ 108.9463, 11.9383 ], [ 108.9571, 11.926 ], [ 108.9728, 11.9181 ], [ 108.9847, 11.9168 ], [ 109.0027, 11.9241 ], [ 109.0227, 11.9121 ], [ 109.0373, 11.9086 ], [ 109.0451, 11.899 ], [ 109.054, 11.8697 ], [ 109.0641, 11.8492 ], [ 109.091, 11.8165 ], [ 109.0979, 11.811 ], [ 109.1078, 11.8078 ], [ 109.1351, 11.8056 ], [ 109.1745, 11.8131 ], [ 109.1868, 11.8139 ], [ 109.1932, 11.8127 ], [ 109.1928, 11.8112 ], [ 109.186, 11.8114 ], [ 109.1838, 11.8081 ], [ 109.185, 11.794 ], [ 109.1901, 11.7876 ], [ 109.2095, 11.7736 ], [ 109.2129, 11.7654 ], [ 109.2097, 11.7605 ], [ 109.2192, 11.7553 ], [ 109.2231, 11.7578 ], [ 109.2254, 11.7573 ], [ 109.2259, 11.754 ], [ 109.2197, 11.7507 ], [ 109.2199, 11.7486 ], [ 109.2231, 11.747 ], [ 109.2271, 11.7495 ], [ 109.2291, 11.7484 ], [ 109.2311, 11.7297 ], [ 109.228, 11.7235 ], [ 109.2116, 11.7203 ], [ 109.2083, 11.7171 ], [ 109.2037, 11.716 ], [ 109.2026, 11.7204 ], [ 109.1973, 11.728 ], [ 109.1933, 11.7243 ], [ 109.202, 11.7084 ], [ 109.1861, 11.6917 ], [ 109.1883, 11.6851 ], [ 109.1812, 11.6792 ], [ 109.1756, 11.6786 ], [ 109.1722, 11.6655 ], [ 109.1655, 11.6232 ], [ 109.1601, 11.6254 ], [ 109.1562, 11.6252 ], [ 109.1527, 11.6234 ], [ 109.1489, 11.6182 ], [ 109.1385, 11.5908 ], [ 109.1274, 11.5787 ], [ 109.1293, 11.5678 ], [ 109.1272, 11.5643 ], [ 109.1207, 11.5737 ], [ 109.1043, 11.5805 ], [ 109.0906, 11.5887 ], [ 109.0774, 11.588 ], [ 109.0675, 11.5825 ], [ 109.0549, 11.5854 ], [ 109.0415, 11.6041 ], [ 109.0352, 11.6098 ], [ 109.0361, 11.6136 ], [ 109.0426, 11.6204 ], [ 109.0432, 11.6242 ], [ 109.0387, 11.6297 ], [ 109.0365, 11.6387 ], [ 109.0336, 11.6407 ], [ 109.0311, 11.6418 ], [ 109.0231, 11.6405 ], [ 109.021, 11.6335 ], [ 109.012, 11.6333 ], [ 109.0093, 11.6313 ], [ 109.0149, 11.6176 ], [ 109.0356, 11.6026 ], [ 109.042, 11.5922 ], [ 109.0416, 11.5905 ], [ 109.034, 11.5889 ], [ 109.0301, 11.5864 ], [ 109.0235, 11.5746 ], [ 109.0241, 11.5612 ], [ 109.0323, 11.549 ], [ 109.0304, 11.5402 ], [ 109.0283, 11.5386 ], [ 109.0269, 11.5401 ], [ 109.0275, 11.5508 ], [ 109.0105, 11.5468 ], [ 109.0034, 11.5431 ], [ 109.0172, 11.5412 ], [ 109.024, 11.5374 ], [ 109.0148, 11.5293 ], [ 109.0104, 11.5143 ], [ 109.0096, 11.5028 ], [ 109.0126, 11.4728 ], [ 109.0093, 11.4451 ], [ 109.0117, 11.4229 ], [ 109.0095, 11.4172 ], [ 109.0062, 11.4142 ], [ 109.0053, 11.41 ], [ 109.0052, 11.3916 ], [ 109.0073, 11.383 ], [ 109.0124, 11.3746 ], [ 109.0185, 11.3707 ], [ 109.0192, 11.3639 ], [ 109.0167, 11.3602 ], [ 109.0089, 11.3547 ], [ 108.9998, 11.3502 ], [ 108.9932, 11.3508 ], [ 108.986, 11.3362 ], [ 108.9728, 11.3281 ], [ 108.9599, 11.3168 ], [ 108.9475, 11.3149 ], [ 108.9312, 11.3081 ], [ 108.9163, 11.3091 ], [ 108.9144, 11.3167 ], [ 108.8924, 11.3343 ], [ 108.8845, 11.3382 ], [ 108.8779, 11.3388 ], [ 108.8726, 11.334 ], [ 108.8645, 11.3336 ], [ 108.8656, 11.3372 ], [ 108.872, 11.3388 ], [ 108.8744, 11.3499 ], [ 108.8703, 11.3549 ], [ 108.8571, 11.3559 ], [ 108.8458, 11.3666 ], [ 108.8424, 11.3779 ], [ 108.8103, 11.3824 ], [ 108.7942, 11.3877 ], [ 108.7555, 11.4126 ], [ 108.7587, 11.4716 ], [ 108.7469, 11.4737 ], [ 108.7351, 11.4735 ], [ 108.7152, 11.4666 ], [ 108.703, 11.4648 ], [ 108.6847, 11.4703 ], [ 108.6755, 11.4778 ], [ 108.6594, 11.5042 ], [ 108.6423, 11.5513 ], [ 108.624, 11.5514 ], [ 108.6087, 11.5544 ], [ 108.5823, 11.5568 ], [ 108.5735, 11.5736 ], [ 108.5629, 11.5852 ], [ 108.5507, 11.6024 ], [ 108.5513, 11.6317 ], [ 108.5612, 11.6432 ], [ 108.6222, 11.6519 ], [ 108.6585, 11.6694 ], [ 108.6668, 11.6662 ], [ 108.673, 11.6673 ], [ 108.6812, 11.6753 ], [ 108.6992, 11.7012 ], [ 108.6988, 11.7067 ], [ 108.6953, 11.7128 ], [ 108.6887, 11.7349 ], [ 108.6852, 11.7384 ], [ 108.6684, 11.748 ], [ 108.6652, 11.7532 ], [ 108.6636, 11.765 ], [ 108.6707, 11.7788 ], [ 108.6704, 11.7852 ], [ 108.6559, 11.7922 ], [ 108.6321, 11.7975 ], [ 108.6212, 11.803 ], [ 108.6172, 11.8071 ], [ 108.6187, 11.8104 ], [ 108.6482, 11.8421 ], [ 108.6524, 11.8491 ], [ 108.6489, 11.8727 ], [ 108.6532, 11.8978 ], [ 108.6615, 11.9132 ], [ 108.6629, 11.9453 ], [ 108.6587, 11.9524 ], [ 108.6596, 11.9611 ], [ 108.6636, 11.9685 ], [ 108.676, 11.9826 ], [ 108.6805, 11.991 ], [ 108.6824, 12.0008 ], [ 108.679, 12.0122 ], [ 108.6824, 12.0224 ], [ 108.6917, 12.0402 ], [ 108.6952, 12.043 ], [ 108.7031, 12.0442 ], [ 108.7096, 12.0564 ], [ 108.7092, 12.0655 ], [ 108.6977, 12.096 ], [ 108.6845, 12.1112 ], [ 108.672, 12.1202 ], [ 108.6717, 12.1229 ], [ 108.6907, 12.1301 ], [ 108.6945, 12.1403 ], [ 108.6917, 12.1463 ], [ 108.6924, 12.1476 ], [ 108.7055, 12.1559 ], [ 108.7235, 12.158 ], [ 108.7271, 12.1633 ], [ 108.7356, 12.1578 ], [ 108.7642, 12.155 ], [ 108.7673, 12.1557 ], [ 108.7723, 12.1654 ], [ 108.7784, 12.1681 ], [ 108.7812, 12.1677 ], [ 108.7863, 12.162 ], [ 108.7879, 12.1554 ] ] ] ] } },
{ "type": "Feature", "properties": { "name": "Phu Tho", "epsg": 9208, "epsg_2025": 9208 }, "geometry": { "type": "Polygon", "coordinates": [ [ [ 105.3229, 21.5077 ], [ 105.3208, 21.5004 ], [ 105.3213, 21.4967 ], [ 105.3308, 21.4842 ], [ 105.3415, 21.4451 ], [ 105.3395, 21.4289 ], [ 105.3413, 21.4223 ], [ 105.3445, 21.4195 ], [ 105.3497, 21.4191 ], [ 105.3629, 21.4318 ], [ 105.3722, 21.4353 ], [ 105.3824, 21.4325 ], [ 105.387, 21.429 ], [ 105.3966, 21.4133 ], [ 105.3899, 21.386 ], [ 105.3903, 21.3683 ], [ 105.3934, 21.3605 ], [ 105.4025, 21.3499 ], [ 105.4357, 21.3322 ], [ 105.4406, 21.3283 ], [ 105.4512, 21.3169 ], [ 105.4548, 21.31 ], [ 105.4538, 21.3042 ], [ 105.4475, 21.2979 ], [ 105.4511, 21.2941 ], [ 105.4471, 21.2658 ], [ 105.4388, 21.2658 ], [ 105.4302, 21.2837 ], [ 105.4232, 21.2899 ], [ 105.402, 21.2976 ], [ 105.3832, 21.2966 ], [ 105.3608, 21.2924 ], [ 105.3523, 21.2773 ], [ 105.3502, 21.2436 ], [ 105.3397, 21.2098 ], [ 105.3197, 21.2023 ], [ 105.302, 21.1921 ], [ 105.2976, 21.1879 ], [ 105.285, 21.168 ], [ 105.2858, 21.161 ], [ 105.3079, 21.1314 ], [ 105.3183, 21.1122 ], [ 105.3168, 21.0998 ], [ 105.3128, 21.0911 ], [ 105.3022, 21.0764 ], [ 105.293, 21.0569 ], [ 105.2921, 21.0495 ], [ 105.2964, 21.035 ], [ 105.3005, 21.0271 ], [ 105.3136, 21.0145 ], [ 105.3267, 20.9949 ], [ 105.3379, 20.9649 ], [ 105.3428, 20.9426 ], [ 105.3283, 20.9401 ], [ 105.3232, 20.9363 ], [ 105.3153, 20.9358 ], [ 105.3133, 20.928 ], [ 105.3104, 20.9251 ], [ 105.2919, 20.9258 ], [ 105.2846, 20.9315 ], [ 105.2823, 20.931 ], [ 105.2784, 20.9255 ], [ 105.2732, 20.9269 ], [ 105.2698, 20.9359 ], [ 105.2693, 20.9418 ], [ 105.2663, 20.9422 ], [ 105.2632, 20.9383 ], [ 105.2585, 20.9368 ], [ 105.2483, 20.9464 ], [ 105.241, 20.946 ], [ 105.2391, 20.9428 ], [ 105.2216, 20.9373 ], [ 105.2179, 20.9345 ], [ 105.2179, 20.9318 ], [ 105.2228, 20.9281 ], [ 105.2217, 20.9268 ], [ 105.2105, 20.9245 ], [ 105.2072, 20.919 ], [ 105.2011, 20.9185 ], [ 105.1976, 20.921 ], [ 105.1924, 20.9312 ], [ 105.1954, 20.9376 ], [ 105.2019, 20.9437 ], [ 105.2054, 20.9522 ], [ 105.1975, 20.9572 ], [ 105.1905, 20.959 ], [ 105.1876, 20.9531 ], [ 105.1767, 20.9469 ], [ 105.1603, 20.9445 ], [ 105.1585, 20.9399 ], [ 105.1463, 20.942 ], [ 105.1302, 20.9393 ], [ 105.1204, 20.9428 ], [ 105.1081, 20.9561 ], [ 105.0992, 20.9577 ], [ 105.0886, 20.9631 ], [ 105.0877, 20.9705 ], [ 105.0702, 20.9937 ], [ 105.0678, 21.0004 ], [ 105.0647, 21.0028 ], [ 105.0611, 21.003 ], [ 105.053, 21.0112 ], [ 105.047, 21.0094 ], [ 105.0371, 21.0129 ], [ 105.0331, 21.0195 ], [ 105.0288, 21.0227 ], [ 105.0262, 21.0225 ], [ 105.0166, 21.0161 ], [ 105.0189, 21.0233 ], [ 105.0178, 21.0277 ], [ 105.0077, 21.0387 ], [ 105.0, 21.041 ], [ 104.9831, 21.0516 ], [ 104.9692, 21.0534 ], [ 104.962, 21.0608 ], [ 104.9385, 21.0549 ], [ 104.9277, 21.065 ], [ 104.9211, 21.0676 ], [ 104.9102, 21.0669 ], [ 104.9088, 21.0694 ], [ 104.9101, 21.0724 ], [ 104.9151, 21.0753 ], [ 104.9203, 21.0757 ], [ 104.9208, 21.0818 ], [ 104.9239, 21.086 ], [ 104.9164, 21.0943 ], [ 104.9113, 21.103 ], [ 104.9115, 21.1147 ], [ 104.9095, 21.1188 ], [ 104.8951, 21.1265 ], [ 104.8949, 21.1303 ], [ 104.878, 21.1358 ], [ 104.8679, 21.145 ], [ 104.8516, 21.1515 ], [ 104.8514, 21.159 ], [ 104.8573, 21.1743 ], [ 104.8562, 21.1774 ], [ 104.8496, 21.1815 ], [ 104.8561, 21.1877 ], [ 104.8623, 21.2084 ], [ 104.8571, 21.2185 ], [ 104.8427, 21.227 ], [ 104.8467, 21.2314 ], [ 104.8532, 21.2344 ], [ 104.8485, 21.2494 ], [ 104.8488, 21.2571 ], [ 104.8391, 21.2645 ], [ 104.8414, 21.2732 ], [ 104.8393, 21.2827 ], [ 104.8417, 21.3104 ], [ 104.8401, 21.3129 ], [ 104.8283, 21.3154 ], [ 104.8153, 21.3247 ], [ 104.8117, 21.3344 ], [ 104.8192, 21.3392 ], [ 104.8407, 21.3378 ], [ 104.8478, 21.3399 ], [ 104.8431, 21.3517 ], [ 104.8444, 21.3532 ], [ 104.8525, 21.3531 ], [ 104.8527, 21.3654 ], [ 104.8613, 21.3661 ], [ 104.8717, 21.349 ], [ 104.8817, 21.3431 ], [ 104.8946, 21.3451 ], [ 104.8986, 21.3512 ], [ 104.8981, 21.3553 ], [ 104.8924, 21.365 ], [ 104.882, 21.3742 ], [ 104.8831, 21.3803 ], [ 104.8801, 21.3841 ], [ 104.8804, 21.3891 ], [ 104.8816, 21.3918 ], [ 104.8858, 21.3944 ], [ 104.8931, 21.394 ], [ 104.8998, 21.4092 ], [ 104.9059, 21.4144 ], [ 104.9065, 21.419 ], [ 104.9043, 21.4295 ], [ 104.9099, 21.4334 ], [ 104.9107, 21.441 ], [ 104.9093, 21.4494 ], [ 104.896, 21.469 ], [ 104.8921, 21.4786 ], [ 104.8918, 21.4854 ], [ 104.885, 21.4959 ], [ 104.8805, 21.5095 ], [ 104.8827, 21.5238 ], [ 104.8774, 21.5347 ], [ 104.8674, 21.5421 ], [ 104.8663, 21.5498 ], [ 104.8716, 21.5571 ], [ 104.8889, 21.5602 ], [ 104.8959, 21.5653 ], [ 104.8961, 21.5777 ], [ 104.8915, 21.5947 ], [ 104.8911, 21.6038 ], [ 104.8867, 21.6113 ], [ 104.8922, 21.6099 ], [ 104.9039, 21.61 ], [ 104.9018, 21.6271 ], [ 104.9065, 21.633 ], [ 104.9192, 21.6411 ], [ 104.9317, 21.6434 ], [ 104.9357, 21.6482 ], [ 104.9361, 21.6525 ], [ 104.9407, 21.6539 ], [ 104.952, 21.6619 ], [ 104.9553, 21.6611 ], [ 104.9604, 21.6546 ], [ 104.9632, 21.6534 ], [ 104.9767, 21.6608 ], [ 104.9838, 21.6619 ], [ 104.9839, 21.6691 ], [ 104.9785, 21.6741 ], [ 104.9944, 21.6802 ], [ 104.9981, 21.6804 ], [ 104.9995, 21.6843 ], [ 104.9973, 21.6866 ], [ 104.9976, 21.6886 ], [ 105.017, 21.6893 ], [ 105.0186, 21.6962 ], [ 105.0242, 21.6966 ], [ 105.03, 21.7018 ], [ 105.0445, 21.6905 ], [ 105.0528, 21.6871 ], [ 105.0565, 21.6872 ], [ 105.0593, 21.691 ], [ 105.066, 21.6859 ], [ 105.0766, 21.6833 ], [ 105.0964, 21.6832 ], [ 105.0973, 21.6885 ], [ 105.0941, 21.6997 ], [ 105.0846, 21.7042 ], [ 105.0888, 21.7119 ], [ 105.0851, 21.7195 ], [ 105.0904, 21.7206 ], [ 105.0998, 21.7173 ], [ 105.1025, 21.7094 ], [ 105.1123, 21.7062 ], [ 105.1223, 21.7053 ], [ 105.1312, 21.6978 ], [ 105.1429, 21.7013 ], [ 105.1481, 21.6997 ], [ 105.1492, 21.6934 ], [ 105.1541, 21.6884 ], [ 105.1555, 21.6829 ], [ 105.1639, 21.6893 ], [ 105.1759, 21.6881 ], [ 105.1797, 21.6797 ], [ 105.1896, 21.6782 ], [ 105.192, 21.6702 ], [ 105.2021, 21.6642 ], [ 105.2075, 21.6623 ], [ 105.2324, 21.6598 ], [ 105.2355, 21.6458 ], [ 105.2234, 21.6305 ], [ 105.231, 21.6193 ], [ 105.244, 21.6172 ], [ 105.2472, 21.6125 ], [ 105.2488, 21.6046 ], [ 105.2457, 21.6037 ], [ 105.2421, 21.5994 ], [ 105.2452, 21.5956 ], [ 105.2473, 21.5841 ], [ 105.2551, 21.5748 ], [ 105.2696, 21.5645 ], [ 105.2728, 21.5603 ], [ 105.2722, 21.5575 ], [ 105.2647, 21.5497 ], [ 105.265, 21.5471 ], [ 105.2677, 21.5445 ], [ 105.2802, 21.543 ], [ 105.2917, 21.5381 ], [ 105.2947, 21.5324 ], [ 105.2931, 21.5242 ], [ 105.2941, 21.5163 ], [ 105.2995, 21.5102 ], [ 105.3031, 21.5096 ], [ 105.3127, 21.5139 ], [ 105.3175, 21.5142 ], [ 105.3214, 21.5119 ], [ 105.3229, 21.5077 ] ] ] } },
{ "type": "Feature", "properties": { "name": "Phu Yen", "epsg": 9218, "epsg_2025": 9218 }, "geometry": { "type": "MultiPolygon", "coordinates": [ [ [ [ 109.3907, 12.827 ], [ 109.3895, 12.8311 ], [ 109.3904, 12.834 ], [ 109.3917, 12.8352 ], [ 109.395, 12.8342 ], [ 109.3953, 12.8325 ], [ 109.3907, 12.827 ] ] ], [ [ [ 109.3198, 13.1662 ], [ 109.3173, 13.1683 ], [ 109.3193, 13.1707 ], [ 109.3218, 13.1689 ], [ 109.3198, 13.1662 ] ] ], [ [ [ 109.3114, 13.1744 ], [ 109.3082, 13.177 ], [ 109.3091, 13.181 ], [ 109.312, 13.1808 ], [ 109.3114, 13.1744 ] ] ], [ [ [ 109.3354, 13.2763 ], [ 109.3302, 13.2762 ], [ 109.3275, 13.2791 ], [ 109.326, 13.2876 ], [ 109.3284, 13.2897 ], [ 109.3401, 13.2839 ], [ 109.3394, 13.2784 ], [ 109.3354, 13.2763 ] ] ], [ [ [ 109.2299, 13.6552 ], [ 109.2237, 13.6426 ], [ 109.2367, 13.6161 ], [ 109.2462, 13.6019 ], [ 109.2572, 13.5892 ], [ 109.2687, 13.5792 ], [ 109.2782, 13.5737 ], [ 109.2894, 13.5744 ], [ 109.2929, 13.5736 ], [ 109.2957, 13.5705 ], [ 109.2955, 13.5677 ], [ 109.289, 13.57 ], [ 109.2877, 13.5691 ], [ 109.2862, 13.5607 ], [ 109.2834, 13.5583 ], [ 109.2784, 13.5576 ], [ 109.2763, 13.5547 ], [ 109.2747, 13.5465 ], [ 109.276, 13.5365 ], [ 109.2835, 13.5319 ], [ 109.2805, 13.5279 ], [ 109.2774, 13.5276 ], [ 109.2696, 13.5336 ], [ 109.2726, 13.5403 ], [ 109.271, 13.5537 ], [ 109.268, 13.5601 ], [ 109.2662, 13.5616 ], [ 109.2607, 13.5608 ], [ 109.2545, 13.5704 ], [ 109.2467, 13.5728 ], [ 109.2394, 13.592 ], [ 109.2301, 13.6009 ], [ 109.2236, 13.619 ], [ 109.2204, 13.6386 ], [ 109.2179, 13.6387 ], [ 109.2119, 13.6331 ], [ 109.2096, 13.6328 ], [ 109.2112, 13.6435 ], [ 109.2087, 13.6499 ], [ 109.2056, 13.6521 ], [ 109.2023, 13.6494 ], [ 109.2008, 13.6314 ], [ 109.1952, 13.6271 ], [ 109.1923, 13.6167 ], [ 109.2059, 13.6221 ], [ 109.2119, 13.618 ], [ 109.2215, 13.6071 ], [ 109.2371, 13.5869 ], [ 109.238, 13.5749 ], [ 109.2444, 13.5693 ], [ 109.2425, 13.559 ], [ 109.2442, 13.5556 ], [ 109.2645, 13.5567 ], [ 109.2676, 13.5552 ], [ 109.2673, 13.5533 ], [ 109.2583, 13.5525 ], [ 109.2523, 13.5483 ], [ 109.2454, 13.5283 ], [ 109.2457, 13.525 ], [ 109.2651, 13.5189 ], [ 109.2814, 13.5104 ], [ 109.2881, 13.5122 ], [ 109.2924, 13.5161 ], [ 109.2921, 13.5204 ], [ 109.2879, 13.5263 ], [ 109.2904, 13.5287 ], [ 109.2929, 13.5275 ], [ 109.298, 13.5217 ], [ 109.3003, 13.5078 ], [ 109.2981, 13.507 ], [ 109.2957, 13.5124 ], [ 109.2926, 13.5119 ], [ 109.2871, 13.5059 ], [ 109.2861, 13.4985 ], [ 109.2945, 13.4781 ], [ 109.304, 13.467 ], [ 109.311, 13.4649 ], [ 109.3165, 13.4671 ], [ 109.3208, 13.4766 ], [ 109.3252, 13.4727 ], [ 109.3286, 13.4648 ], [ 109.3261, 13.4631 ], [ 109.3231, 13.4656 ], [ 109.3189, 13.4652 ], [ 109.3145, 13.4583 ], [ 109.3146, 13.4519 ], [ 109.3183, 13.4448 ], [ 109.3113, 13.4426 ], [ 109.3088, 13.4397 ], [ 109.3095, 13.4157 ], [ 109.3018, 13.4164 ], [ 109.2994, 13.4151 ], [ 109.2962, 13.4062 ], [ 109.2914, 13.4091 ], [ 109.2921, 13.415 ], [ 109.2884, 13.4184 ], [ 109.2658, 13.4136 ], [ 109.2569, 13.4263 ], [ 109.257, 13.4304 ], [ 109.2624, 13.4354 ], [ 109.2713, 13.4344 ], [ 109.2747, 13.436 ], [ 109.2772, 13.4412 ], [ 109.2889, 13.4485 ], [ 109.2909, 13.4522 ], [ 109.2902, 13.4572 ], [ 109.284, 13.4639 ], [ 109.2756, 13.4655 ], [ 109.2649, 13.4799 ], [ 109.252, 13.4836 ], [ 109.2438, 13.4931 ], [ 109.239, 13.4935 ], [ 109.2353, 13.4882 ], [ 109.2257, 13.4862 ], [ 109.2263, 13.4814 ], [ 109.2307, 13.4767 ], [ 109.2316, 13.4722 ], [ 109.2255, 13.4645 ], [ 109.218, 13.4485 ], [ 109.2253, 13.4332 ], [ 109.2283, 13.4312 ], [ 109.2345, 13.4324 ], [ 109.237, 13.4297 ], [ 109.2314, 13.4249 ], [ 109.226, 13.4265 ], [ 109.2181, 13.4181 ], [ 109.2188, 13.416 ], [ 109.2268, 13.415 ], [ 109.2293, 13.412 ], [ 109.2254, 13.3979 ], [ 109.2196, 13.3985 ], [ 109.2134, 13.406 ], [ 109.2115, 13.4053 ], [ 109.2127, 13.3959 ], [ 109.2202, 13.3904 ], [ 109.2333, 13.3936 ], [ 109.2421, 13.3897 ], [ 109.2435, 13.3782 ], [ 109.2464, 13.3704 ], [ 109.261, 13.3584 ], [ 109.2597, 13.3569 ], [ 109.2546, 13.3578 ], [ 109.2465, 13.3645 ], [ 109.2384, 13.3659 ], [ 109.2354, 13.3636 ], [ 109.23, 13.3522 ], [ 109.2348, 13.3529 ], [ 109.2399, 13.3591 ], [ 109.2433, 13.3602 ], [ 109.2533, 13.3525 ], [ 109.2611, 13.351 ], [ 109.2688, 13.3655 ], [ 109.2738, 13.3663 ], [ 109.2799, 13.3644 ], [ 109.2902, 13.3663 ], [ 109.2933, 13.3639 ], [ 109.2938, 13.3568 ], [ 109.29, 13.3551 ], [ 109.2893, 13.3508 ], [ 109.2916, 13.3454 ], [ 109.2963, 13.3425 ], [ 109.2975, 13.3356 ], [ 109.2931, 13.3349 ], [ 109.2873, 13.338 ], [ 109.2817, 13.3383 ], [ 109.2784, 13.3348 ], [ 109.2771, 13.329 ], [ 109.2774, 13.3192 ], [ 109.2888, 13.2869 ], [ 109.2863, 13.2861 ], [ 109.2843, 13.2876 ], [ 109.2754, 13.3052 ], [ 109.2667, 13.3168 ], [ 109.2645, 13.3176 ], [ 109.26, 13.3153 ], [ 109.2569, 13.3104 ], [ 109.2643, 13.2994 ], [ 109.2638, 13.2942 ], [ 109.2585, 13.2908 ], [ 109.2461, 13.2905 ], [ 109.2521, 13.2874 ], [ 109.2597, 13.2861 ], [ 109.2604, 13.2829 ], [ 109.2547, 13.2789 ], [ 109.2545, 13.2759 ], [ 109.2559, 13.2706 ], [ 109.2612, 13.2712 ], [ 109.2626, 13.2698 ], [ 109.263, 13.2671 ], [ 109.2596, 13.2609 ], [ 109.2604, 13.2541 ], [ 109.2806, 13.2321 ], [ 109.282, 13.2326 ], [ 109.2846, 13.2507 ], [ 109.2832, 13.2571 ], [ 109.2754, 13.2737 ], [ 109.276, 13.2838 ], [ 109.2832, 13.2812 ], [ 109.2895, 13.2839 ], [ 109.2925, 13.2878 ], [ 109.2919, 13.293 ], [ 109.2935, 13.2932 ], [ 109.3065, 13.2765 ], [ 109.3145, 13.2582 ], [ 109.3121, 13.2544 ], [ 109.301, 13.2507 ], [ 109.3017, 13.2357 ], [ 109.3063, 13.2308 ], [ 109.2969, 13.2256 ], [ 109.2916, 13.2176 ], [ 109.2966, 13.199 ], [ 109.3045, 13.1882 ], [ 109.299, 13.1857 ], [ 109.2961, 13.1809 ], [ 109.2912, 13.1649 ], [ 109.2909, 13.155 ], [ 109.2943, 13.1406 ], [ 109.3006, 13.1267 ], [ 109.3275, 13.0905 ], [ 109.3219, 13.0903 ], [ 109.3137, 13.0861 ], [ 109.3096, 13.0822 ], [ 109.3078, 13.0738 ], [ 109.3006, 13.0687 ], [ 109.3111, 13.0696 ], [ 109.3171, 13.0763 ], [ 109.3278, 13.0796 ], [ 109.3294, 13.0764 ], [ 109.323, 13.0732 ], [ 109.3334, 13.0708 ], [ 109.3333, 13.0756 ], [ 109.3277, 13.0875 ], [ 109.3331, 13.0835 ], [ 109.3428, 13.0617 ], [ 109.365, 13.0223 ], [ 109.3876, 12.9924 ], [ 109.3904, 12.9841 ], [ 109.418, 12.9525 ], [ 109.4167, 12.951 ], [ 109.4127, 12.9533 ], [ 109.4092, 12.9532 ], [ 109.4063, 12.9503 ], [ 109.4103, 12.9507 ], [ 109.4119, 12.9477 ], [ 109.419, 12.9454 ], [ 109.4259, 12.9462 ], [ 109.4, 12.9759 ], [ 109.3912, 12.9871 ], [ 109.3912, 12.9895 ], [ 109.3937, 12.9884 ], [ 109.4091, 12.9692 ], [ 109.4298, 12.9479 ], [ 109.4303, 12.9449 ], [ 109.427, 12.9415 ], [ 109.4273, 12.9389 ], [ 109.4413, 12.9204 ], [ 109.454, 12.9146 ], [ 109.4499, 12.9009 ], [ 109.4515, 12.8991 ], [ 109.4567, 12.899 ], [ 109.4568, 12.8962 ], [ 109.4528, 12.8899 ], [ 109.4578, 12.883 ], [ 109.4498, 12.8798 ], [ 109.4515, 12.8612 ], [ 109.4355, 12.857 ], [ 109.4253, 12.8484 ], [ 109.4189, 12.8497 ], [ 109.4177, 12.8516 ], [ 109.4354, 12.8697 ], [ 109.4361, 12.8815 ], [ 109.4331, 12.8829 ], [ 109.4262, 12.8821 ], [ 109.4144, 12.8721 ], [ 109.3995, 12.8677 ], [ 109.4011, 12.8618 ], [ 109.4, 12.8578 ], [ 109.3869, 12.8443 ], [ 109.3646, 12.8682 ], [ 109.3441, 12.8546 ], [ 109.327, 12.8477 ], [ 109.324, 12.8409 ], [ 109.3177, 12.8368 ], [ 109.3135, 12.8403 ], [ 109.3051, 12.843 ], [ 109.2966, 12.8414 ], [ 109.2836, 12.8332 ], [ 109.2538, 12.8392 ], [ 109.226, 12.8137 ], [ 109.2206, 12.8162 ], [ 109.2104, 12.8268 ], [ 109.2023, 12.8296 ], [ 109.1885, 12.8314 ], [ 109.1645, 12.8276 ], [ 109.1593, 12.8218 ], [ 109.1493, 12.8011 ], [ 109.1467, 12.7859 ], [ 109.1412, 12.7815 ], [ 109.1313, 12.7864 ], [ 109.122, 12.7985 ], [ 109.1192, 12.8 ], [ 109.1147, 12.7994 ], [ 109.1032, 12.778 ], [ 109.089, 12.7692 ], [ 109.0879, 12.762 ], [ 109.0895, 12.7526 ], [ 109.0834, 12.7438 ], [ 109.0588, 12.7502 ], [ 109.0401, 12.7472 ], [ 109.0267, 12.7374 ], [ 109.0003, 12.7135 ], [ 108.9903, 12.707 ], [ 108.9921, 12.7196 ], [ 108.9859, 12.7294 ], [ 108.9831, 12.739 ], [ 108.9893, 12.7581 ], [ 108.9857, 12.782 ], [ 108.9845, 12.7836 ], [ 108.9792, 12.7836 ], [ 108.9734, 12.787 ], [ 108.9748, 12.7998 ], [ 108.9652, 12.8173 ], [ 108.938, 12.8066 ], [ 108.9363, 12.8106 ], [ 108.9221, 12.8125 ], [ 108.9079, 12.8121 ], [ 108.8684, 12.8178 ], [ 108.8512, 12.8328 ], [ 108.8469, 12.8426 ], [ 108.8476, 12.8547 ], [ 108.8437, 12.8588 ], [ 108.8339, 12.863 ], [ 108.8116, 12.8769 ], [ 108.8039, 12.8749 ], [ 108.7948, 12.869 ], [ 108.793, 12.8688 ], [ 108.7881, 12.8729 ], [ 108.7768, 12.8984 ], [ 108.7495, 12.9431 ], [ 108.7453, 12.9466 ], [ 108.7242, 12.953 ], [ 108.7198, 12.9528 ], [ 108.7153, 12.9503 ], [ 108.707, 12.942 ], [ 108.7042, 12.9432 ], [ 108.7003, 12.9488 ], [ 108.7042, 12.9611 ], [ 108.7041, 12.9655 ], [ 108.7021, 12.9686 ], [ 108.6907, 12.9804 ], [ 108.6723, 12.9894 ], [ 108.687, 13.0083 ], [ 108.6919, 13.0175 ], [ 108.7141, 13.0192 ], [ 108.7539, 13.0335 ], [ 108.7485, 13.0947 ], [ 108.7544, 13.1037 ], [ 108.7573, 13.1164 ], [ 108.7652, 13.1178 ], [ 108.7673, 13.1206 ], [ 108.7608, 13.1271 ], [ 108.7601, 13.1352 ], [ 108.7729, 13.1375 ], [ 108.7747, 13.1476 ], [ 108.778, 13.1481 ], [ 108.7831, 13.1428 ], [ 108.79, 13.1424 ], [ 108.799, 13.1476 ], [ 108.8095, 13.1575 ], [ 108.8209, 13.164 ], [ 108.8296, 13.1662 ], [ 108.8341, 13.1631 ], [ 108.8378, 13.1632 ], [ 108.8517, 13.1957 ], [ 108.8461, 13.2045 ], [ 108.8464, 13.2065 ], [ 108.85, 13.2089 ], [ 108.8497, 13.2184 ], [ 108.8628, 13.2292 ], [ 108.8661, 13.2395 ], [ 108.869, 13.2527 ], [ 108.8709, 13.2775 ], [ 108.8675, 13.2884 ], [ 108.8551, 13.293 ], [ 108.8486, 13.3019 ], [ 108.8364, 13.3268 ], [ 108.8118, 13.3537 ], [ 108.8083, 13.3597 ], [ 108.8037, 13.3815 ], [ 108.8038, 13.3894 ], [ 108.8061, 13.3977 ], [ 108.8028, 13.4383 ], [ 108.7888, 13.4576 ], [ 108.7915, 13.4646 ], [ 108.7919, 13.4753 ], [ 108.7835, 13.4705 ], [ 108.7389, 13.4593 ], [ 108.7126, 13.4651 ], [ 108.7019, 13.4882 ], [ 108.7124, 13.5181 ], [ 108.7305, 13.529 ], [ 108.7349, 13.5508 ], [ 108.747, 13.5666 ], [ 108.7648, 13.5621 ], [ 108.7864, 13.5787 ], [ 108.8122, 13.5774 ], [ 108.8197, 13.5681 ], [ 108.8251, 13.5665 ], [ 108.8449, 13.5661 ], [ 108.849, 13.5704 ], [ 108.8629, 13.5528 ], [ 108.8705, 13.5366 ], [ 108.9056, 13.5426 ], [ 108.9114, 13.5419 ], [ 108.9282, 13.5373 ], [ 108.9573, 13.519 ], [ 108.9909, 13.5177 ], [ 109.0236, 13.53 ], [ 109.0478, 13.562 ], [ 109.0552, 13.567 ], [ 109.0644, 13.5693 ], [ 109.0803, 13.5691 ], [ 109.088, 13.5714 ], [ 109.1042, 13.5891 ], [ 109.107, 13.5897 ], [ 109.1138, 13.5863 ], [ 109.1159, 13.5872 ], [ 109.1147, 13.6084 ], [ 109.116, 13.6138 ], [ 109.1252, 13.6231 ], [ 109.1185, 13.6406 ], [ 109.1214, 13.6452 ], [ 109.1253, 13.6443 ], [ 109.1395, 13.6335 ], [ 109.1432, 13.6328 ], [ 109.1493, 13.6348 ], [ 109.1514, 13.6375 ], [ 109.1523, 13.6626 ], [ 109.1544, 13.6753 ], [ 109.1561, 13.6791 ], [ 109.1613, 13.6827 ], [ 109.1834, 13.6892 ], [ 109.1938, 13.6953 ], [ 109.2003, 13.6946 ], [ 109.2057, 13.6832 ], [ 109.2276, 13.6776 ], [ 109.231, 13.6728 ], [ 109.2284, 13.6654 ], [ 109.2299, 13.6552 ] ] ] ] } },
{ "type": "Feature", "properties": { "name": "Quang Binh", "epsg": 9211, "epsg_2025": 9211 }, "geometry": { "type": "MultiPolygon", "coordinates": [ [ [ [ 106.4682, 17.8723 ], [ 106.4649, 17.8734 ], [ 106.4639, 17.8763 ], [ 106.4685, 17.885 ], [ 106.4705, 17.8856 ], [ 106.4732, 17.8807 ], [ 106.4682, 17.8723 ] ] ], [ [ [ 106.4946, 17.907 ], [ 106.4929, 17.9073 ], [ 106.4893, 17.9128 ], [ 106.4919, 17.916 ], [ 106.4956, 17.9133 ], [ 106.4961, 17.9093 ], [ 106.4946, 17.907 ] ] ], [ [ [ 106.5322, 17.9321 ], [ 106.5253, 17.9323 ], [ 106.5231, 17.9385 ], [ 106.5246, 17.9396 ], [ 106.5331, 17.9376 ], [ 106.5339, 17.9352 ], [ 106.5322, 17.9321 ] ] ], [ [ [ 106.5208, 17.9406 ], [ 106.517, 17.9425 ], [ 106.5167, 17.9445 ], [ 106.5223, 17.9447 ], [ 106.5225, 17.9419 ], [ 106.5208, 17.9406 ] ] ], [ [ [ 105.9163, 18.082 ], [ 105.931, 18.09 ], [ 105.9479, 18.0675 ], [ 105.948, 18.0606 ], [ 105.9507, 18.0587 ], [ 105.9605, 18.0603 ], [ 105.9659, 18.0565 ], [ 105.9746, 18.0641 ], [ 105.9836, 18.0652 ], [ 105.9936, 18.0528 ], [ 106.0126, 18.0365 ], [ 106.0151, 18.0301 ], [ 106.0203, 18.0254 ], [ 106.0325, 18.0223 ], [ 106.035, 18.0264 ], [ 106.045, 18.0291 ], [ 106.0487, 18.0191 ], [ 106.0566, 18.0164 ], [ 106.0584, 18.0138 ], [ 106.058, 18.0078 ], [ 106.0758, 17.9901 ], [ 106.0674, 17.9859 ], [ 106.0642, 17.9811 ], [ 106.0469, 17.9674 ], [ 106.0456, 17.9651 ], [ 106.0477, 17.9594 ], [ 106.0439, 17.9473 ], [ 106.0652, 17.9384 ], [ 106.1191, 17.9264 ], [ 106.13, 17.9222 ], [ 106.1713, 17.9157 ], [ 106.1786, 17.9211 ], [ 106.189, 17.924 ], [ 106.197, 17.9175 ], [ 106.2071, 17.9263 ], [ 106.2229, 17.9309 ], [ 106.2413, 17.929 ], [ 106.2607, 17.9161 ], [ 106.2709, 17.9202 ], [ 106.278, 17.9165 ], [ 106.2843, 17.9202 ], [ 106.2841, 17.9286 ], [ 106.2792, 17.9348 ], [ 106.2839, 17.9425 ], [ 106.2939, 17.9457 ], [ 106.2968, 17.9544 ], [ 106.3041, 17.9624 ], [ 106.3092, 17.9639 ], [ 106.3202, 17.9638 ], [ 106.3229, 17.9655 ], [ 106.3271, 17.9787 ], [ 106.3298, 17.9826 ], [ 106.334, 17.9876 ], [ 106.3439, 17.9905 ], [ 106.3626, 17.9906 ], [ 106.3827, 17.9842 ], [ 106.3969, 17.9818 ], [ 106.4068, 17.9746 ], [ 106.4158, 17.9741 ], [ 106.4225, 17.9709 ], [ 106.4355, 17.9727 ], [ 106.4417, 17.969 ], [ 106.4428, 17.9536 ], [ 106.4483, 17.9511 ], [ 106.461, 17.9561 ], [ 106.468, 17.9568 ], [ 106.4788, 17.9546 ], [ 106.4939, 17.9613 ], [ 106.5085, 17.961 ], [ 106.503, 17.9581 ], [ 106.5038, 17.9506 ], [ 106.5066, 17.9451 ], [ 106.5134, 17.9439 ], [ 106.5139, 17.9423 ], [ 106.5052, 17.9365 ], [ 106.4955, 17.9222 ], [ 106.4869, 17.9239 ], [ 106.4818, 17.9219 ], [ 106.4681, 17.9036 ], [ 106.4578, 17.8812 ], [ 106.4467, 17.8774 ], [ 106.4494, 17.8753 ], [ 106.4496, 17.8724 ], [ 106.4431, 17.8565 ], [ 106.4415, 17.835 ], [ 106.4479, 17.8024 ], [ 106.4625, 17.7575 ], [ 106.4708, 17.7395 ], [ 106.4857, 17.7161 ], [ 106.4886, 17.7091 ], [ 106.4873, 17.708 ], [ 106.4938, 17.7016 ], [ 106.4986, 17.6836 ], [ 106.5039, 17.6726 ], [ 106.5243, 17.644 ], [ 106.5235, 17.642 ], [ 106.5179, 17.6424 ], [ 106.5158, 17.6358 ], [ 106.5198, 17.6385 ], [ 106.5225, 17.6377 ], [ 106.5303, 17.6297 ], [ 106.5448, 17.6198 ], [ 106.557, 17.5932 ], [ 106.5667, 17.5764 ], [ 106.5909, 17.5394 ], [ 106.6238, 17.497 ], [ 106.626, 17.4927 ], [ 106.626, 17.4877 ], [ 106.6286, 17.4831 ], [ 106.6316, 17.4834 ], [ 106.6437, 17.4642 ], [ 106.6839, 17.4168 ], [ 106.7048, 17.3943 ], [ 106.7327, 17.368 ], [ 106.7511, 17.3474 ], [ 106.8302, 17.2825 ], [ 106.8938, 17.2365 ], [ 106.9462, 17.1948 ], [ 106.9896, 17.1651 ], [ 106.9344, 17.1109 ], [ 106.9255, 17.1075 ], [ 106.9228, 17.1081 ], [ 106.9121, 17.1027 ], [ 106.8937, 17.0917 ], [ 106.8855, 17.0825 ], [ 106.8652, 17.0803 ], [ 106.8594, 17.0781 ], [ 106.8558, 17.0745 ], [ 106.8555, 17.0714 ], [ 106.8697, 17.0609 ], [ 106.8733, 17.0556 ], [ 106.8559, 17.036 ], [ 106.8465, 17.0331 ], [ 106.841, 17.0362 ], [ 106.8319, 17.0355 ], [ 106.8172, 17.0418 ], [ 106.8087, 17.0355 ], [ 106.8089, 17.028 ], [ 106.8013, 17.0206 ], [ 106.8071, 17.0036 ], [ 106.8029, 16.9937 ], [ 106.7952, 16.9907 ], [ 106.7913, 16.9874 ], [ 106.7823, 16.9873 ], [ 106.7776, 16.9774 ], [ 106.7789, 16.9684 ], [ 106.7703, 16.962 ], [ 106.7742, 16.9467 ], [ 106.7679, 16.9408 ], [ 106.7703, 16.9316 ], [ 106.7633, 16.9282 ], [ 106.748, 16.9267 ], [ 106.7415, 16.923 ], [ 106.7321, 16.9288 ], [ 106.7211, 16.9317 ], [ 106.7198, 16.9363 ], [ 106.713, 16.9432 ], [ 106.7003, 16.942 ], [ 106.694, 16.9498 ], [ 106.6913, 16.9563 ], [ 106.6846, 16.9577 ], [ 106.6787, 16.953 ], [ 106.6653, 16.9482 ], [ 106.6582, 16.9375 ], [ 106.6486, 16.9375 ], [ 106.6289, 16.9424 ], [ 106.6233, 16.9393 ], [ 106.6056, 16.9403 ], [ 106.5981, 16.9481 ], [ 106.5982, 16.9567 ], [ 106.5914, 16.9599 ], [ 106.591, 16.9652 ], [ 106.5845, 16.9738 ], [ 106.5852, 16.9784 ], [ 106.5921, 16.9827 ], [ 106.5914, 16.9873 ], [ 106.5825, 16.9907 ], [ 106.5612, 16.9889 ], [ 106.559, 16.9926 ], [ 106.5504, 16.9953 ], [ 106.5476, 16.999 ], [ 106.5489, 17.0063 ], [ 106.5472, 17.0103 ], [ 106.5438, 17.0093 ], [ 106.5421, 16.9969 ], [ 106.535, 16.9927 ], [ 106.5293, 16.9807 ], [ 106.5146, 16.9727 ], [ 106.5065, 16.9738 ], [ 106.4958, 16.9811 ], [ 106.4837, 16.9836 ], [ 106.4754, 16.9831 ], [ 106.4696, 16.985 ], [ 106.4616, 16.9916 ], [ 106.4607, 16.998 ], [ 106.4589, 17.0002 ], [ 106.4371, 16.9965 ], [ 106.4319, 17.0043 ], [ 106.4261, 17.0069 ], [ 106.4255, 17.019 ], [ 106.4219, 17.0296 ], [ 106.4005, 17.0532 ], [ 106.4045, 17.0626 ], [ 106.4103, 17.0678 ], [ 106.4148, 17.0794 ], [ 106.3903, 17.1031 ], [ 106.3818, 17.1051 ], [ 106.3723, 17.1116 ], [ 106.3678, 17.1259 ], [ 106.3622, 17.1315 ], [ 106.3559, 17.135 ], [ 106.3508, 17.1476 ], [ 106.3459, 17.149 ], [ 106.3539, 17.1599 ], [ 106.3347, 17.1713 ], [ 106.326, 17.1816 ], [ 106.3202, 17.1919 ], [ 106.3198, 17.1934 ], [ 106.3255, 17.1996 ], [ 106.3017, 17.2091 ], [ 106.3072, 17.219 ], [ 106.3134, 17.2204 ], [ 106.324, 17.2181 ], [ 106.3281, 17.2263 ], [ 106.3318, 17.2277 ], [ 106.3329, 17.2332 ], [ 106.3316, 17.2357 ], [ 106.3281, 17.2376 ], [ 106.3158, 17.2374 ], [ 106.3072, 17.2407 ], [ 106.3075, 17.243 ], [ 106.3136, 17.244 ], [ 106.3169, 17.2475 ], [ 106.3151, 17.2531 ], [ 106.3089, 17.2529 ], [ 106.3036, 17.2583 ], [ 106.3063, 17.2742 ], [ 106.3045, 17.2919 ], [ 106.3024, 17.2958 ], [ 106.29, 17.2974 ], [ 106.2755, 17.297 ], [ 106.2736, 17.2883 ], [ 106.2786, 17.2781 ], [ 106.2789, 17.2737 ], [ 106.2741, 17.2636 ], [ 106.2609, 17.2555 ], [ 106.2525, 17.2538 ], [ 106.2499, 17.2518 ], [ 106.2382, 17.2505 ], [ 106.2323, 17.2517 ], [ 106.2065, 17.2718 ], [ 106.1908, 17.2801 ], [ 106.1737, 17.2969 ], [ 106.1445, 17.3137 ], [ 106.1421, 17.3194 ], [ 106.1434, 17.3262 ], [ 106.1342, 17.335 ], [ 106.117, 17.3471 ], [ 106.1103, 17.3496 ], [ 106.1005, 17.3569 ], [ 106.0878, 17.3636 ], [ 105.8589, 17.6196 ], [ 105.8563, 17.6215 ], [ 105.8507, 17.6213 ], [ 105.85, 17.6231 ], [ 105.8533, 17.6324 ], [ 105.8521, 17.6343 ], [ 105.8492, 17.634 ], [ 105.844, 17.6276 ], [ 105.8342, 17.6305 ], [ 105.8304, 17.6358 ], [ 105.8269, 17.6556 ], [ 105.8214, 17.6534 ], [ 105.8153, 17.6451 ], [ 105.8066, 17.6532 ], [ 105.803, 17.6606 ], [ 105.7973, 17.6591 ], [ 105.7883, 17.6717 ], [ 105.7843, 17.6712 ], [ 105.7775, 17.6747 ], [ 105.7686, 17.6754 ], [ 105.7663, 17.6749 ], [ 105.7584, 17.6678 ], [ 105.7488, 17.6703 ], [ 105.742, 17.7219 ], [ 105.7403, 17.7234 ], [ 105.733, 17.7205 ], [ 105.7286, 17.7225 ], [ 105.7263, 17.731 ], [ 105.7264, 17.7367 ], [ 105.7289, 17.7424 ], [ 105.728, 17.7458 ], [ 105.7202, 17.7509 ], [ 105.7166, 17.7573 ], [ 105.7127, 17.7583 ], [ 105.7091, 17.757 ], [ 105.7015, 17.7608 ], [ 105.6917, 17.7714 ], [ 105.6858, 17.7853 ], [ 105.6744, 17.7948 ], [ 105.674, 17.8 ], [ 105.6826, 17.8211 ], [ 105.6814, 17.8342 ], [ 105.6753, 17.8369 ], [ 105.6723, 17.8468 ], [ 105.6598, 17.8566 ], [ 105.6534, 17.8551 ], [ 105.6444, 17.8594 ], [ 105.6371, 17.8591 ], [ 105.6337, 17.8671 ], [ 105.6198, 17.8795 ], [ 105.6135, 17.8814 ], [ 105.6072, 17.8921 ], [ 105.6068, 17.8974 ], [ 105.6152, 17.9057 ], [ 105.6165, 17.9123 ], [ 105.621, 17.921 ], [ 105.6222, 17.9433 ], [ 105.626, 17.9471 ], [ 105.6266, 17.9528 ], [ 105.6406, 17.9625 ], [ 105.6417, 17.9912 ], [ 105.6445, 17.9934 ], [ 105.6532, 17.9941 ], [ 105.7041, 17.9934 ], [ 105.711, 17.9992 ], [ 105.7127, 18.0048 ], [ 105.7189, 18.0071 ], [ 105.718, 18.0217 ], [ 105.7306, 18.0362 ], [ 105.7378, 18.0378 ], [ 105.748, 18.0346 ], [ 105.7541, 18.0277 ], [ 105.7671, 18.0248 ], [ 105.7768, 18.0182 ], [ 105.786, 18.0259 ], [ 105.7959, 18.0249 ], [ 105.8079, 18.027 ], [ 105.8063, 18.0334 ], [ 105.815, 18.0385 ], [ 105.8203, 18.0348 ], [ 105.8275, 18.0335 ], [ 105.833, 18.042 ], [ 105.8308, 18.0483 ], [ 105.818, 18.0591 ], [ 105.818, 18.0616 ], [ 105.828, 18.066 ], [ 105.8319, 18.0632 ], [ 105.8378, 18.0673 ], [ 105.8465, 18.0651 ], [ 105.8498, 18.0684 ], [ 105.8705, 18.068 ], [ 105.882, 18.0822 ], [ 105.8935, 18.0908 ], [ 105.9085, 18.0887 ], [ 105.9163, 18.082 ] ] ] ] } },
{ "type": "Feature", "properties": { "name": "Quang Nam", "epsg": 5899, "epsg_2025": 5899 }, "geometry": { "type": "MultiPolygon", "coordinates": [ [ [ [ 108.6451, 15.4784 ], [ 108.6378, 15.4792 ], [ 108.6364, 15.4813 ], [ 108.6467, 15.4822 ], [ 108.647, 15.4801 ], [ 108.6451, 15.4784 ] ] ], [ [ [ 108.6244, 15.4814 ], [ 108.6156, 15.4804 ], [ 108.6104, 15.4853 ], [ 108.6107, 15.4885 ], [ 108.6147, 15.4889 ], [ 108.6244, 15.4814 ] ] ], [ [ [ 108.6747, 15.5003 ], [ 108.673, 15.4883 ], [ 108.675, 15.4837 ], [ 108.6803, 15.4785 ], [ 108.6775, 15.4752 ], [ 108.6711, 15.4772 ], [ 108.6632, 15.4835 ], [ 108.6599, 15.4914 ], [ 108.6516, 15.493 ], [ 108.6492, 15.4952 ], [ 108.6496, 15.4979 ], [ 108.6524, 15.4999 ], [ 108.6637, 15.5005 ], [ 108.6701, 15.5039 ], [ 108.6723, 15.5085 ], [ 108.6705, 15.5145 ], [ 108.6715, 15.5167 ], [ 108.6761, 15.5153 ], [ 108.6813, 15.5084 ], [ 108.6812, 15.5062 ], [ 108.6766, 15.5037 ], [ 108.6747, 15.5003 ] ] ], [ [ [ 108.6958, 15.8124 ], [ 108.6882, 15.812 ], [ 108.6897, 15.8195 ], [ 108.696, 15.816 ], [ 108.6958, 15.8124 ] ] ], [ [ [ 108.5391, 15.9041 ], [ 108.533, 15.9034 ], [ 108.5285, 15.9055 ], [ 108.5301, 15.9096 ], [ 108.5387, 15.9158 ], [ 108.5408, 15.9149 ], [ 108.5409, 15.9131 ], [ 108.5391, 15.9041 ] ] ], [ [ [ 108.4845, 15.9488 ], [ 108.4787, 15.939 ], [ 108.4761, 15.94 ], [ 108.4746, 15.9453 ], [ 108.4791, 15.9503 ], [ 108.4838, 15.9503 ], [ 108.4845, 15.9488 ] ] ], [ [ [ 108.5098, 15.9664 ], [ 108.5335, 15.9596 ], [ 108.5365, 15.9559 ], [ 108.5358, 15.9469 ], [ 108.5393, 15.9258 ], [ 108.5361, 15.9232 ], [ 108.5294, 15.9245 ], [ 108.5245, 15.9312 ], [ 108.5067, 15.9431 ], [ 108.5048, 15.9457 ], [ 108.5036, 15.9562 ], [ 108.5013, 15.9588 ], [ 108.4957, 15.9592 ], [ 108.4934, 15.9572 ], [ 108.4898, 15.9568 ], [ 108.4813, 15.9657 ], [ 108.4817, 15.9679 ], [ 108.4943, 15.9773 ], [ 108.5018, 15.9796 ], [ 108.5083, 15.9761 ], [ 108.5098, 15.9664 ] ] ], [ [ [ 108.4471, 15.9693 ], [ 108.444, 15.9687 ], [ 108.4403, 15.9726 ], [ 108.4423, 15.977 ], [ 108.4483, 15.9819 ], [ 108.4511, 15.9784 ], [ 108.4471, 15.9693 ] ] ], [ [ [ 107.8065, 16.0538 ], [ 107.8136, 16.0542 ], [ 107.8167, 16.0584 ], [ 107.8289, 16.0551 ], [ 107.8376, 16.0608 ], [ 107.8593, 16.0625 ], [ 107.8642, 16.0603 ], [ 107.8717, 16.0537 ], [ 107.8876, 16.0461 ], [ 107.9005, 16.0351 ], [ 107.9111, 16.044 ], [ 107.9419, 16.0603 ], [ 107.9554, 16.0654 ], [ 107.961, 16.0657 ], [ 107.9574, 16.0495 ], [ 107.9571, 16.0389 ], [ 107.9704, 16.021 ], [ 107.9814, 16.0112 ], [ 107.9816, 16.0089 ], [ 107.9794, 15.9911 ], [ 107.9778, 15.9882 ], [ 107.9552, 15.9689 ], [ 107.9536, 15.9623 ], [ 107.9485, 15.9531 ], [ 107.9489, 15.9497 ], [ 107.9581, 15.9391 ], [ 107.9816, 15.9207 ], [ 108.0021, 15.923 ], [ 108.0147, 15.9291 ], [ 108.038, 15.9352 ], [ 108.0552, 15.9355 ], [ 108.0579, 15.9348 ], [ 108.0643, 15.9285 ], [ 108.0688, 15.927 ], [ 108.081, 15.9271 ], [ 108.0845, 15.9287 ], [ 108.0865, 15.9347 ], [ 108.0896, 15.9376 ], [ 108.1058, 15.947 ], [ 108.1123, 15.9457 ], [ 108.1335, 15.9325 ], [ 108.1434, 15.9332 ], [ 108.1483, 15.935 ], [ 108.1486, 15.9476 ], [ 108.1517, 15.9548 ], [ 108.1611, 15.9508 ], [ 108.1671, 15.9422 ], [ 108.1699, 15.9407 ], [ 108.1773, 15.9416 ], [ 108.1802, 15.948 ], [ 108.1805, 15.9574 ], [ 108.183, 15.9662 ], [ 108.192, 15.9643 ], [ 108.2013, 15.9653 ], [ 108.2042, 15.9614 ], [ 108.2028, 15.9526 ], [ 108.2091, 15.9438 ], [ 108.2215, 15.9487 ], [ 108.2207, 15.955 ], [ 108.2226, 15.9586 ], [ 108.2286, 15.9591 ], [ 108.2389, 15.9711 ], [ 108.2452, 15.9758 ], [ 108.255, 15.9754 ], [ 108.2588, 15.9677 ], [ 108.2699, 15.9609 ], [ 108.2712, 15.961 ], [ 108.2725, 15.9646 ], [ 108.2779, 15.9644 ], [ 108.2876, 15.9685 ], [ 108.3042, 15.9445 ], [ 108.327, 15.9236 ], [ 108.3876, 15.8852 ], [ 108.3897, 15.8827 ], [ 108.3895, 15.88 ], [ 108.3986, 15.8731 ], [ 108.4036, 15.8712 ], [ 108.4015, 15.8584 ], [ 108.4039, 15.8479 ], [ 108.4107, 15.8212 ], [ 108.4209, 15.7954 ], [ 108.4493, 15.7458 ], [ 108.5064, 15.6559 ], [ 108.5545, 15.588 ], [ 108.5876, 15.5472 ], [ 108.617, 15.5161 ], [ 108.6298, 15.5071 ], [ 108.644, 15.5003 ], [ 108.6439, 15.4957 ], [ 108.6351, 15.4967 ], [ 108.6321, 15.4839 ], [ 108.6299, 15.4816 ], [ 108.6268, 15.4833 ], [ 108.6209, 15.4919 ], [ 108.6138, 15.4929 ], [ 108.6066, 15.4967 ], [ 108.6034, 15.4958 ], [ 108.598, 15.4906 ], [ 108.5972, 15.4856 ], [ 108.5985, 15.4834 ], [ 108.6046, 15.4834 ], [ 108.6101, 15.4775 ], [ 108.623, 15.4757 ], [ 108.625, 15.4742 ], [ 108.6261, 15.4665 ], [ 108.6221, 15.4636 ], [ 108.6203, 15.4585 ], [ 108.622, 15.4535 ], [ 108.6256, 15.4493 ], [ 108.6382, 15.4417 ], [ 108.6507, 15.4396 ], [ 108.6527, 15.4438 ], [ 108.6426, 15.4465 ], [ 108.6409, 15.4488 ], [ 108.6437, 15.4548 ], [ 108.6437, 15.461 ], [ 108.6477, 15.4738 ], [ 108.6535, 15.4762 ], [ 108.6655, 15.4537 ], [ 108.6717, 15.4512 ], [ 108.6719, 15.4453 ], [ 108.6754, 15.4451 ], [ 108.6786, 15.4504 ], [ 108.6778, 15.4548 ], [ 108.6751, 15.4595 ], [ 108.6672, 15.462 ], [ 108.6674, 15.4644 ], [ 108.6837, 15.4743 ], [ 108.6849, 15.4773 ], [ 108.6829, 15.4851 ], [ 108.684, 15.4869 ], [ 108.6879, 15.4868 ], [ 108.6899, 15.4848 ], [ 108.6917, 15.477 ], [ 108.7002, 15.4592 ], [ 108.6951, 15.4485 ], [ 108.6978, 15.4384 ], [ 108.7083, 15.4264 ], [ 108.7368, 15.4007 ], [ 108.7345, 15.395 ], [ 108.7171, 15.3744 ], [ 108.7123, 15.3721 ], [ 108.6972, 15.3714 ], [ 108.6692, 15.3655 ], [ 108.6604, 15.3696 ], [ 108.6502, 15.3694 ], [ 108.6338, 15.364 ], [ 108.613, 15.3543 ], [ 108.6051, 15.353 ], [ 108.5979, 15.3459 ], [ 108.5764, 15.3454 ], [ 108.5588, 15.3354 ], [ 108.5422, 15.3342 ], [ 108.5311, 15.3284 ], [ 108.5253, 15.3212 ], [ 108.5115, 15.3257 ], [ 108.5016, 15.3261 ], [ 108.497, 15.3236 ], [ 108.4925, 15.3171 ], [ 108.484, 15.3102 ], [ 108.4426, 15.3113 ], [ 108.4357, 15.3148 ], [ 108.4341, 15.3257 ], [ 108.4324, 15.3269 ], [ 108.4268, 15.3262 ], [ 108.4255, 15.3183 ], [ 108.4167, 15.3091 ], [ 108.4138, 15.3081 ], [ 108.4047, 15.3114 ], [ 108.4015, 15.3092 ], [ 108.4011, 15.3025 ], [ 108.3945, 15.3 ], [ 108.3913, 15.2998 ], [ 108.3796, 15.3047 ], [ 108.3717, 15.3021 ], [ 108.3622, 15.296 ], [ 108.3218, 15.3014 ], [ 108.3133, 15.2991 ], [ 108.2983, 15.28 ], [ 108.3033, 15.2734 ], [ 108.3017, 15.2608 ], [ 108.2804, 15.2457 ], [ 108.2795, 15.2436 ], [ 108.2848, 15.2292 ], [ 108.2984, 15.2289 ], [ 108.3027, 15.2277 ], [ 108.3056, 15.225 ], [ 108.3061, 15.2211 ], [ 108.3044, 15.2153 ], [ 108.2998, 15.2092 ], [ 108.2902, 15.2013 ], [ 108.2897, 15.1988 ], [ 108.2903, 15.1969 ], [ 108.3004, 15.1934 ], [ 108.2984, 15.185 ], [ 108.2997, 15.1748 ], [ 108.2865, 15.1594 ], [ 108.2777, 15.1451 ], [ 108.2737, 15.1335 ], [ 108.2569, 15.1205 ], [ 108.2556, 15.1171 ], [ 108.258, 15.1056 ], [ 108.2539, 15.0904 ], [ 108.2469, 15.0848 ], [ 108.2336, 15.0794 ], [ 108.2395, 15.0693 ], [ 108.2397, 15.0635 ], [ 108.2363, 15.0504 ], [ 108.2409, 15.0411 ], [ 108.2397, 15.0368 ], [ 108.2367, 15.0327 ], [ 108.2285, 15.0308 ], [ 108.2168, 15.0309 ], [ 108.2104, 15.0331 ], [ 108.181, 15.0578 ], [ 108.1697, 15.063 ], [ 108.1597, 15.0611 ], [ 108.1499, 15.0534 ], [ 108.1456, 15.0472 ], [ 108.1489, 15.0356 ], [ 108.1477, 15.0222 ], [ 108.1586, 14.9788 ], [ 108.1539, 14.9691 ], [ 108.1483, 14.9643 ], [ 108.1161, 14.9603 ], [ 108.1035, 14.953 ], [ 108.0878, 14.9516 ], [ 108.0855, 14.9539 ], [ 108.0854, 14.9626 ], [ 108.0838, 14.9653 ], [ 108.074, 14.9695 ], [ 108.0632, 14.9698 ], [ 108.0466, 14.9915 ], [ 108.0425, 14.9945 ], [ 108.025, 14.9988 ], [ 108.0189, 15.0018 ], [ 108.0154, 15.0021 ], [ 108.0082, 14.999 ], [ 107.9999, 15.0012 ], [ 107.9911, 14.9996 ], [ 107.9851, 15.0019 ], [ 107.9811, 15.0092 ], [ 107.9699, 15.0155 ], [ 107.9646, 15.0215 ], [ 107.9549, 15.0379 ], [ 107.9579, 15.0428 ], [ 107.9506, 15.0514 ], [ 107.9508, 15.0541 ], [ 107.9518, 15.0572 ], [ 107.9591, 15.0636 ], [ 107.9746, 15.0705 ], [ 107.9754, 15.0817 ], [ 107.9823, 15.0885 ], [ 107.9971, 15.1212 ], [ 107.9982, 15.1335 ], [ 108.0021, 15.1422 ], [ 107.9982, 15.1532 ], [ 107.98, 15.1654 ], [ 107.9577, 15.1724 ], [ 107.9494, 15.1764 ], [ 107.9473, 15.1874 ], [ 107.9328, 15.195 ], [ 107.9317, 15.2018 ], [ 107.9265, 15.2103 ], [ 107.914, 15.2119 ], [ 107.9086, 15.2083 ], [ 107.9, 15.2071 ], [ 107.8896, 15.1943 ], [ 107.8822, 15.1973 ], [ 107.8687, 15.2109 ], [ 107.8558, 15.2112 ], [ 107.8346, 15.2081 ], [ 107.8297, 15.2092 ], [ 107.8198, 15.216 ], [ 107.8066, 15.2134 ], [ 107.7945, 15.2178 ], [ 107.775, 15.2198 ], [ 107.7694, 15.2238 ], [ 107.7665, 15.2322 ], [ 107.7552, 15.2371 ], [ 107.7527, 15.237 ], [ 107.746, 15.2312 ], [ 107.7351, 15.2303 ], [ 107.7353, 15.2358 ], [ 107.7318, 15.2517 ], [ 107.7257, 15.2678 ], [ 107.7246, 15.2925 ], [ 107.727, 15.3091 ], [ 107.7139, 15.3083 ], [ 107.7063, 15.3047 ], [ 107.691, 15.3187 ], [ 107.6763, 15.342 ], [ 107.6679, 15.3474 ], [ 107.6626, 15.3537 ], [ 107.6583, 15.375 ], [ 107.6595, 15.3871 ], [ 107.6518, 15.3989 ], [ 107.6404, 15.4083 ], [ 107.6366, 15.4158 ], [ 107.6308, 15.4184 ], [ 107.6219, 15.4161 ], [ 107.6198, 15.4185 ], [ 107.6102, 15.4186 ], [ 107.6072, 15.4212 ], [ 107.6013, 15.422 ], [ 107.5983, 15.4158 ], [ 107.5882, 15.4141 ], [ 107.572, 15.3994 ], [ 107.5596, 15.3958 ], [ 107.5426, 15.4063 ], [ 107.5359, 15.4078 ], [ 107.5284, 15.4062 ], [ 107.5171, 15.4166 ], [ 107.5176, 15.4254 ], [ 107.5254, 15.4406 ], [ 107.5248, 15.4443 ], [ 107.5214, 15.4468 ], [ 107.5181, 15.4568 ], [ 107.5142, 15.4625 ], [ 107.5124, 15.4737 ], [ 107.4984, 15.4767 ], [ 107.49, 15.4804 ], [ 107.4775, 15.4788 ], [ 107.4754, 15.4822 ], [ 107.4804, 15.4865 ], [ 107.4808, 15.489 ], [ 107.4693, 15.4986 ], [ 107.459, 15.4994 ], [ 107.4535, 15.5041 ], [ 107.4361, 15.5049 ], [ 107.4302, 15.5026 ], [ 107.4294, 15.4928 ], [ 107.4276, 15.4911 ], [ 107.3978, 15.4937 ], [ 107.39, 15.4964 ], [ 107.3833, 15.4941 ], [ 107.3805, 15.4948 ], [ 107.3778, 15.5023 ], [ 107.3783, 15.5098 ], [ 107.3762, 15.5183 ], [ 107.3728, 15.5238 ], [ 107.3722, 15.5323 ], [ 107.3625, 15.5515 ], [ 107.3641, 15.5619 ], [ 107.3628, 15.5705 ], [ 107.3577, 15.573 ], [ 107.3523, 15.5703 ], [ 107.3413, 15.5757 ], [ 107.3414, 15.5804 ], [ 107.3438, 15.5844 ], [ 107.3513, 15.5907 ], [ 107.3474, 15.6019 ], [ 107.3403, 15.6043 ], [ 107.3411, 15.6146 ], [ 107.3303, 15.6231 ], [ 107.3189, 15.6264 ], [ 107.288, 15.6252 ], [ 107.2739, 15.6353 ], [ 107.2691, 15.6411 ], [ 107.2625, 15.6578 ], [ 107.2665, 15.6707 ], [ 107.2739, 15.683 ], [ 107.2709, 15.6891 ], [ 107.2754, 15.6974 ], [ 107.2654, 15.7101 ], [ 107.2649, 15.7215 ], [ 107.2567, 15.723 ], [ 107.25, 15.7215 ], [ 107.2478, 15.7268 ], [ 107.2479, 15.7312 ], [ 107.2521, 15.7397 ], [ 107.2454, 15.7461 ], [ 107.2232, 15.7442 ], [ 107.2148, 15.7402 ], [ 107.2114, 15.7417 ], [ 107.2094, 15.7581 ], [ 107.2147, 15.7608 ], [ 107.217, 15.7778 ], [ 107.2262, 15.7828 ], [ 107.2277, 15.7854 ], [ 107.2236, 15.8062 ], [ 107.2087, 15.8286 ], [ 107.2195, 15.8367 ], [ 107.2297, 15.839 ], [ 107.2317, 15.8448 ], [ 107.2407, 15.8409 ], [ 107.2478, 15.8409 ], [ 107.2584, 15.8511 ], [ 107.2696, 15.853 ], [ 107.2705, 15.8614 ], [ 107.2742, 15.8624 ], [ 107.2769, 15.8593 ], [ 107.2797, 15.8589 ], [ 107.2954, 15.8698 ], [ 107.3024, 15.8678 ], [ 107.3079, 15.8725 ], [ 107.3141, 15.8854 ], [ 107.3258, 15.8905 ], [ 107.3363, 15.8863 ], [ 107.3451, 15.8942 ], [ 107.3583, 15.8954 ], [ 107.3688, 15.8988 ], [ 107.383, 15.8882 ], [ 107.39, 15.8933 ], [ 107.3984, 15.8968 ], [ 107.4048, 15.9086 ], [ 107.4141, 15.9142 ], [ 107.4177, 15.9266 ], [ 107.4233, 15.9289 ], [ 107.4264, 15.9328 ], [ 107.4263, 15.9396 ], [ 107.4306, 15.9534 ], [ 107.4386, 15.9712 ], [ 107.4448, 15.9807 ], [ 107.4451, 15.9839 ], [ 107.4414, 15.9919 ], [ 107.4486, 15.9919 ], [ 107.4627, 16.0176 ], [ 107.4654, 16.026 ], [ 107.4866, 16.0416 ], [ 107.492, 16.0406 ], [ 107.4991, 16.0351 ], [ 107.5082, 16.0188 ], [ 107.5152, 16.0161 ], [ 107.5242, 16.0173 ], [ 107.5446, 16.0115 ], [ 107.5507, 16.0139 ], [ 107.5586, 16.0227 ], [ 107.5587, 16.0312 ], [ 107.5511, 16.0432 ], [ 107.554, 16.0469 ], [ 107.5673, 16.0543 ], [ 107.5993, 16.0585 ], [ 107.6181, 16.065 ], [ 107.6217, 16.0588 ], [ 107.6238, 16.0503 ], [ 107.618, 16.0385 ], [ 107.6193, 16.0333 ], [ 107.6337, 16.0302 ], [ 107.6486, 16.021 ], [ 107.6645, 16.0172 ], [ 107.668, 16.0141 ], [ 107.6775, 15.9993 ], [ 107.7009, 15.996 ], [ 107.7165, 16.0043 ], [ 107.7242, 16.0119 ], [ 107.7249, 16.0314 ], [ 107.7352, 16.0386 ], [ 107.7663, 16.0531 ], [ 107.7718, 16.0602 ], [ 107.7721, 16.0678 ], [ 107.7878, 16.0675 ], [ 107.8003, 16.0601 ], [ 107.8065, 16.0538 ] ] ] ] } },
{ "type": "Feature", "properties": { "name": "Quang Ngai", "epsg": 5898, "epsg_2025": 5898 }, "geometry": { "type": "MultiPolygon", "coordinates": [ [ [ [ 109.1398, 15.3775 ], [ 109.1319, 15.3763 ], [ 109.1217, 15.37 ], [ 109.1139, 15.3699 ], [ 109.0955, 15.3744 ], [ 109.0903, 15.3849 ], [ 109.0953, 15.3897 ], [ 109.1035, 15.3924 ], [ 109.1258, 15.392 ], [ 109.1411, 15.3887 ], [ 109.1398, 15.3775 ] ] ], [ [ [ 108.8077, 15.4143 ], [ 108.8129, 15.4143 ], [ 108.8208, 15.4201 ], [ 108.8247, 15.4197 ], [ 108.8269, 15.4177 ], [ 108.8218, 15.4083 ], [ 108.8252, 15.4015 ], [ 108.8312, 15.3991 ], [ 108.8319, 15.3949 ], [ 108.8265, 15.3812 ], [ 108.8338, 15.3674 ], [ 108.8438, 15.3541 ], [ 108.8496, 15.3495 ], [ 108.856, 15.3479 ], [ 108.8619, 15.3524 ], [ 108.8684, 15.3526 ], [ 108.8688, 15.3493 ], [ 108.8636, 15.3437 ], [ 108.8633, 15.3386 ], [ 108.8651, 15.3341 ], [ 108.8717, 15.3312 ], [ 108.882, 15.3299 ], [ 108.883, 15.3263 ], [ 108.8799, 15.3233 ], [ 108.8791, 15.3192 ], [ 108.8703, 15.3076 ], [ 108.868, 15.302 ], [ 108.8762, 15.2868 ], [ 108.8889, 15.2691 ], [ 108.9094, 15.2488 ], [ 108.9181, 15.2457 ], [ 108.9234, 15.2471 ], [ 108.9339, 15.2468 ], [ 108.9387, 15.2417 ], [ 108.94, 15.2305 ], [ 108.9336, 15.2169 ], [ 108.9259, 15.2113 ], [ 108.9205, 15.2149 ], [ 108.9145, 15.214 ], [ 108.9151, 15.2106 ], [ 108.9207, 15.2046 ], [ 108.916, 15.2018 ], [ 108.9118, 15.2068 ], [ 108.9028, 15.2049 ], [ 108.8977, 15.2005 ], [ 108.8941, 15.1917 ], [ 108.8929, 15.1767 ], [ 108.8968, 15.1518 ], [ 108.8953, 15.1499 ], [ 108.8957, 15.1258 ], [ 108.9007, 15.1008 ], [ 108.8984, 15.0967 ], [ 108.9014, 15.0937 ], [ 108.9019, 15.0778 ], [ 108.92, 15.0073 ], [ 108.941, 14.9485 ], [ 108.9778, 14.8634 ], [ 108.9981, 14.8288 ], [ 109.003, 14.8135 ], [ 109.0337, 14.7634 ], [ 109.0658, 14.7162 ], [ 109.0748, 14.7057 ], [ 109.0759, 14.7001 ], [ 109.0732, 14.6964 ], [ 109.0733, 14.6922 ], [ 109.0807, 14.6783 ], [ 109.0817, 14.673 ], [ 109.0788, 14.6673 ], [ 109.0733, 14.6667 ], [ 109.0717, 14.6687 ], [ 109.0712, 14.6855 ], [ 109.0695, 14.6907 ], [ 109.0646, 14.6928 ], [ 109.0637, 14.6893 ], [ 109.0665, 14.6704 ], [ 109.063, 14.6582 ], [ 109.063, 14.6522 ], [ 109.0683, 14.6242 ], [ 109.0715, 14.5962 ], [ 109.08, 14.5819 ], [ 109.0799, 14.5798 ], [ 109.071, 14.5845 ], [ 109.0468, 14.6049 ], [ 109.0428, 14.6108 ], [ 109.0444, 14.6197 ], [ 109.044, 14.6284 ], [ 109.0404, 14.6371 ], [ 109.034, 14.647 ], [ 109.0255, 14.6524 ], [ 109.0155, 14.6657 ], [ 109.0071, 14.6713 ], [ 108.9982, 14.6702 ], [ 108.9917, 14.675 ], [ 108.9765, 14.6727 ], [ 108.961, 14.6855 ], [ 108.9566, 14.6864 ], [ 108.9541, 14.6832 ], [ 108.9357, 14.6974 ], [ 108.9322, 14.6984 ], [ 108.9233, 14.699 ], [ 108.9059, 14.693 ], [ 108.9015, 14.6879 ], [ 108.8848, 14.6858 ], [ 108.8761, 14.6873 ], [ 108.8683, 14.692 ], [ 108.8536, 14.6926 ], [ 108.8519, 14.6919 ], [ 108.8494, 14.6848 ], [ 108.8478, 14.6843 ], [ 108.8436, 14.6861 ], [ 108.8413, 14.693 ], [ 108.8392, 14.6949 ], [ 108.8363, 14.6949 ], [ 108.8261, 14.6789 ], [ 108.8114, 14.6722 ], [ 108.7967, 14.6698 ], [ 108.7809, 14.6708 ], [ 108.7717, 14.6778 ], [ 108.7689, 14.6781 ], [ 108.767, 14.6779 ], [ 108.7614, 14.6716 ], [ 108.7591, 14.6659 ], [ 108.7635, 14.6501 ], [ 108.7653, 14.6297 ], [ 108.7597, 14.6159 ], [ 108.7614, 14.6009 ], [ 108.7571, 14.5966 ], [ 108.7324, 14.5902 ], [ 108.7089, 14.605 ], [ 108.7054, 14.6096 ], [ 108.7055, 14.6148 ], [ 108.702, 14.6151 ], [ 108.699, 14.6044 ], [ 108.6951, 14.5972 ], [ 108.6871, 14.5928 ], [ 108.6811, 14.5972 ], [ 108.6784, 14.5973 ], [ 108.6749, 14.5928 ], [ 108.6753, 14.5863 ], [ 108.6741, 14.5841 ], [ 108.6385, 14.5663 ], [ 108.6403, 14.5501 ], [ 108.6382, 14.5493 ], [ 108.6283, 14.553 ], [ 108.6261, 14.5501 ], [ 108.6262, 14.5454 ], [ 108.6185, 14.5417 ], [ 108.6125, 14.5349 ], [ 108.6087, 14.5342 ], [ 108.6033, 14.5368 ], [ 108.5952, 14.5475 ], [ 108.5959, 14.5612 ], [ 108.5944, 14.5642 ], [ 108.5728, 14.5738 ], [ 108.5608, 14.5859 ], [ 108.5473, 14.5874 ], [ 108.5326, 14.6055 ], [ 108.5261, 14.623 ], [ 108.5208, 14.6252 ], [ 108.5081, 14.6229 ], [ 108.5022, 14.6241 ], [ 108.4904, 14.6222 ], [ 108.4836, 14.6243 ], [ 108.4792, 14.6292 ], [ 108.4794, 14.6351 ], [ 108.4833, 14.6446 ], [ 108.4974, 14.6608 ], [ 108.5111, 14.6859 ], [ 108.5094, 14.6904 ], [ 108.5025, 14.6918 ], [ 108.495, 14.6995 ], [ 108.495, 14.7015 ], [ 108.51, 14.7138 ], [ 108.522, 14.742 ], [ 108.5269, 14.7466 ], [ 108.5261, 14.7543 ], [ 108.5203, 14.7605 ], [ 108.5173, 14.7716 ], [ 108.5134, 14.775 ], [ 108.5023, 14.7796 ], [ 108.4919, 14.8014 ], [ 108.4697, 14.794 ], [ 108.4559, 14.7913 ], [ 108.4514, 14.8017 ], [ 108.437, 14.8059 ], [ 108.4291, 14.8173 ], [ 108.4227, 14.8188 ], [ 108.4085, 14.8189 ], [ 108.3954, 14.8261 ], [ 108.3826, 14.8395 ], [ 108.3748, 14.8492 ], [ 108.3644, 14.8804 ], [ 108.3601, 14.8832 ], [ 108.3533, 14.8798 ], [ 108.3494, 14.8813 ], [ 108.349, 14.8972 ], [ 108.3435, 14.9003 ], [ 108.3369, 14.9079 ], [ 108.3303, 14.9111 ], [ 108.3217, 14.9123 ], [ 108.3207, 14.9274 ], [ 108.3156, 14.9342 ], [ 108.3126, 14.9458 ], [ 108.2984, 14.9571 ], [ 108.2883, 14.9622 ], [ 108.2801, 14.9759 ], [ 108.2667, 14.9854 ], [ 108.2636, 14.99 ], [ 108.2611, 15.0 ], [ 108.2521, 15.0109 ], [ 108.2506, 15.0239 ], [ 108.2485, 15.0265 ], [ 108.2367, 15.0327 ], [ 108.2409, 15.0411 ], [ 108.2363, 15.0504 ], [ 108.2397, 15.0635 ], [ 108.2395, 15.0693 ], [ 108.2336, 15.0794 ], [ 108.2469, 15.0848 ], [ 108.2539, 15.0904 ], [ 108.258, 15.1056 ], [ 108.2556, 15.1171 ], [ 108.2569, 15.1205 ], [ 108.2737, 15.1335 ], [ 108.2777, 15.1451 ], [ 108.2865, 15.1594 ], [ 108.2997, 15.1748 ], [ 108.2984, 15.185 ], [ 108.3004, 15.1934 ], [ 108.2903, 15.1969 ], [ 108.2897, 15.1988 ], [ 108.2902, 15.2013 ], [ 108.2998, 15.2092 ], [ 108.3044, 15.2153 ], [ 108.3061, 15.2211 ], [ 108.3056, 15.225 ], [ 108.3027, 15.2277 ], [ 108.2984, 15.2289 ], [ 108.2848, 15.2292 ], [ 108.2795, 15.2436 ], [ 108.2804, 15.2457 ], [ 108.3017, 15.2608 ], [ 108.3033, 15.2734 ], [ 108.2983, 15.28 ], [ 108.3133, 15.2991 ], [ 108.3218, 15.3014 ], [ 108.3622, 15.296 ], [ 108.3717, 15.3021 ], [ 108.3796, 15.3047 ], [ 108.3913, 15.2998 ], [ 108.3945, 15.3 ], [ 108.4011, 15.3025 ], [ 108.4015, 15.3092 ], [ 108.4047, 15.3114 ], [ 108.4138, 15.3081 ], [ 108.4167, 15.3091 ], [ 108.4255, 15.3183 ], [ 108.4268, 15.3262 ], [ 108.4324, 15.3269 ], [ 108.4341, 15.3257 ], [ 108.4357, 15.3148 ], [ 108.4426, 15.3113 ], [ 108.484, 15.3102 ], [ 108.4925, 15.3171 ], [ 108.497, 15.3236 ], [ 108.5016, 15.3261 ], [ 108.5115, 15.3257 ], [ 108.5253, 15.3212 ], [ 108.5311, 15.3284 ], [ 108.5422, 15.3342 ], [ 108.5588, 15.3354 ], [ 108.5764, 15.3454 ], [ 108.5979, 15.3459 ], [ 108.6051, 15.353 ], [ 108.613, 15.3543 ], [ 108.6338, 15.364 ], [ 108.6502, 15.3694 ], [ 108.6604, 15.3696 ], [ 108.6692, 15.3655 ], [ 108.6972, 15.3714 ], [ 108.7123, 15.3721 ], [ 108.7171, 15.3744 ], [ 108.7345, 15.395 ], [ 108.7368, 15.4007 ], [ 108.7457, 15.3945 ], [ 108.769, 15.3864 ], [ 108.7726, 15.3685 ], [ 108.7701, 15.3596 ], [ 108.7697, 15.3423 ], [ 108.772, 15.34 ], [ 108.7801, 15.3406 ], [ 108.7838, 15.3419 ], [ 108.779, 15.3519 ], [ 108.7809, 15.3685 ], [ 108.7766, 15.3786 ], [ 108.7766, 15.3872 ], [ 108.7783, 15.389 ], [ 108.7846, 15.3898 ], [ 108.7966, 15.3946 ], [ 108.8052, 15.4019 ], [ 108.8048, 15.4059 ], [ 108.7945, 15.4177 ], [ 108.7934, 15.4214 ], [ 108.7943, 15.4244 ], [ 108.798, 15.4238 ], [ 108.8077, 15.4143 ] ] ], [ [ [ 109.0816, 15.4266 ], [ 109.0763, 15.427 ], [ 109.0754, 15.431 ], [ 109.0813, 15.4338 ], [ 109.0852, 15.4328 ], [ 109.0855, 15.4296 ], [ 109.0816, 15.4266 ] ] ] ] } },
{ "type": "Feature", "properties": { "name": "Quang Ninh", "epsg": 5899, "epsg_2025": 5899 }, "geometry": { "type": "MultiPolygon", "coordinates": [ [ [ [ 107.3455, 20.6867 ], [ 107.3414, 20.6893 ], [ 107.3437, 20.693 ], [ 107.3475, 20.6902 ], [ 107.3455, 20.6867 ] ] ], [ [ [ 107.1501, 20.7347 ], [ 107.1468, 20.7361 ], [ 107.1483, 20.7388 ], [ 107.1521, 20.7373 ], [ 107.1501, 20.7347 ] ] ], [ [ [ 107.4516, 20.717 ], [ 107.4454, 20.7185 ], [ 107.4456, 20.7229 ], [ 107.4642, 20.7385 ], [ 107.4704, 20.7416 ], [ 107.4702, 20.7352 ], [ 107.4638, 20.7255 ], [ 107.4563, 20.7186 ], [ 107.4516, 20.717 ] ] ], [ [ [ 107.1574, 20.7409 ], [ 107.1545, 20.7425 ], [ 107.155, 20.7451 ], [ 107.159, 20.7441 ], [ 107.1574, 20.7409 ] ] ], [ [ [ 107.3863, 20.7463 ], [ 107.3845, 20.7473 ], [ 107.3866, 20.7534 ], [ 107.3927, 20.7592 ], [ 107.3966, 20.7579 ], [ 107.3967, 20.7524 ], [ 107.3863, 20.7463 ] ] ], [ [ [ 107.1462, 20.7531 ], [ 107.1432, 20.7558 ], [ 107.1445, 20.7598 ], [ 107.1479, 20.7551 ], [ 107.1462, 20.7531 ] ] ], [ [ [ 107.1523, 20.7506 ], [ 107.1504, 20.7512 ], [ 107.1499, 20.7558 ], [ 107.1454, 20.7629 ], [ 107.148, 20.7629 ], [ 107.152, 20.7582 ], [ 107.1533, 20.754 ], [ 107.1523, 20.7506 ] ] ], [ [ [ 107.1234, 20.7591 ], [ 107.1202, 20.761 ], [ 107.1217, 20.7637 ], [ 107.1246, 20.7627 ], [ 107.1234, 20.7591 ] ] ], [ [ [ 107.1421, 20.754 ], [ 107.1389, 20.7488 ], [ 107.136, 20.7529 ], [ 107.1344, 20.7517 ], [ 107.1354, 20.7468 ], [ 107.1435, 20.7458 ], [ 107.1424, 20.7426 ], [ 107.1387, 20.7412 ], [ 107.1346, 20.7441 ], [ 107.1342, 20.7397 ], [ 107.1279, 20.7415 ], [ 107.1272, 20.7472 ], [ 107.1242, 20.7512 ], [ 107.1344, 20.7616 ], [ 107.135, 20.7666 ], [ 107.1408, 20.7683 ], [ 107.1424, 20.7675 ], [ 107.1431, 20.7624 ], [ 107.1392, 20.7584 ], [ 107.1421, 20.754 ] ] ], [ [ [ 107.1292, 20.759 ], [ 107.1276, 20.7645 ], [ 107.1245, 20.7663 ], [ 107.124, 20.7683 ], [ 107.1326, 20.7649 ], [ 107.1327, 20.7625 ], [ 107.1292, 20.759 ] ] ], [ [ [ 107.4794, 20.758 ], [ 107.4748, 20.7591 ], [ 107.4705, 20.7634 ], [ 107.4765, 20.7712 ], [ 107.4806, 20.7726 ], [ 107.4865, 20.7719 ], [ 107.4877, 20.7692 ], [ 107.4863, 20.7648 ], [ 107.4794, 20.758 ] ] ], [ [ [ 107.1331, 20.7745 ], [ 107.1313, 20.7748 ], [ 107.1308, 20.7777 ], [ 107.1349, 20.7772 ], [ 107.1331, 20.7745 ] ] ], [ [ [ 107.1855, 20.7732 ], [ 107.1789, 20.7743 ], [ 107.1792, 20.7768 ], [ 107.1864, 20.7779 ], [ 107.1855, 20.7732 ] ] ], [ [ [ 107.4883, 20.7736 ], [ 107.486, 20.7752 ], [ 107.489, 20.7796 ], [ 107.4913, 20.7785 ], [ 107.4918, 20.7765 ], [ 107.4883, 20.7736 ] ] ], [ [ [ 107.1704, 20.7765 ], [ 107.1677, 20.7764 ], [ 107.1674, 20.7783 ], [ 107.171, 20.7811 ], [ 107.1727, 20.7794 ], [ 107.1704, 20.7765 ] ] ], [ [ [ 107.1779, 20.7976 ], [ 107.1703, 20.7951 ], [ 107.1704, 20.7967 ], [ 107.174, 20.8003 ], [ 107.1779, 20.7976 ] ] ], [ [ [ 107.128, 20.8058 ], [ 107.1278, 20.7996 ], [ 107.1343, 20.7989 ], [ 107.1355, 20.7873 ], [ 107.1331, 20.7802 ], [ 107.1276, 20.7796 ], [ 107.1292, 20.7707 ], [ 107.1216, 20.7698 ], [ 107.1148, 20.7859 ], [ 107.1164, 20.7991 ], [ 107.1127, 20.8023 ], [ 107.1109, 20.8078 ], [ 107.1142, 20.8083 ], [ 107.1189, 20.8056 ], [ 107.1254, 20.8085 ], [ 107.128, 20.8058 ] ] ], [ [ [ 107.4193, 20.8 ], [ 107.4126, 20.773 ], [ 107.4087, 20.7698 ], [ 107.4074, 20.7704 ], [ 107.4056, 20.7791 ], [ 107.3991, 20.7793 ], [ 107.3978, 20.7989 ], [ 107.399, 20.8032 ], [ 107.4036, 20.8094 ], [ 107.4095, 20.808 ], [ 107.4165, 20.8036 ], [ 107.4193, 20.8 ] ] ], [ [ [ 107.1717, 20.8063 ], [ 107.1686, 20.8089 ], [ 107.168, 20.8108 ], [ 107.1724, 20.8095 ], [ 107.1717, 20.8063 ] ] ], [ [ [ 107.1853, 20.8061 ], [ 107.1827, 20.809 ], [ 107.1832, 20.8116 ], [ 107.1877, 20.8112 ], [ 107.1878, 20.8086 ], [ 107.1853, 20.8061 ] ] ], [ [ [ 107.1204, 20.8074 ], [ 107.1153, 20.8096 ], [ 107.1139, 20.8125 ], [ 107.1166, 20.8131 ], [ 107.122, 20.8101 ], [ 107.1204, 20.8074 ] ] ], [ [ [ 107.1268, 20.8109 ], [ 107.125, 20.8124 ], [ 107.1262, 20.8168 ], [ 107.1288, 20.8138 ], [ 107.1268, 20.8109 ] ] ], [ [ [ 107.1697, 20.813 ], [ 107.1639, 20.8139 ], [ 107.1638, 20.8223 ], [ 107.1711, 20.8203 ], [ 107.1725, 20.8155 ], [ 107.1697, 20.813 ] ] ], [ [ [ 107.1763, 20.8204 ], [ 107.172, 20.8222 ], [ 107.1693, 20.8253 ], [ 107.1791, 20.8236 ], [ 107.1763, 20.8204 ] ] ], [ [ [ 107.2534, 20.8224 ], [ 107.2512, 20.8233 ], [ 107.2516, 20.8257 ], [ 107.2556, 20.826 ], [ 107.256, 20.8237 ], [ 107.2534, 20.8224 ] ] ], [ [ [ 107.2725, 20.8281 ], [ 107.2702, 20.8234 ], [ 107.2685, 20.8258 ], [ 107.2725, 20.8281 ] ] ], [ [ [ 107.1787, 20.8265 ], [ 107.1751, 20.8284 ], [ 107.1764, 20.8314 ], [ 107.1793, 20.8292 ], [ 107.1787, 20.8265 ] ] ], [ [ [ 107.2243, 20.8324 ], [ 107.2199, 20.831 ], [ 107.218, 20.833 ], [ 107.2199, 20.8344 ], [ 107.2234, 20.8342 ], [ 107.2243, 20.8324 ] ] ], [ [ [ 107.3107, 20.829 ], [ 107.3076, 20.8311 ], [ 107.3101, 20.8351 ], [ 107.3121, 20.8338 ], [ 107.3107, 20.829 ] ] ], [ [ [ 107.1387, 20.8296 ], [ 107.1368, 20.8293 ], [ 107.1359, 20.8314 ], [ 107.1377, 20.8359 ], [ 107.1402, 20.8341 ], [ 107.1387, 20.8296 ] ] ], [ [ [ 107.2617, 20.8362 ], [ 107.2558, 20.8362 ], [ 107.2575, 20.8387 ], [ 107.2618, 20.8381 ], [ 107.2617, 20.8362 ] ] ], [ [ [ 107.0828, 20.8306 ], [ 107.0733, 20.8348 ], [ 107.0704, 20.8376 ], [ 107.0711, 20.8392 ], [ 107.0777, 20.8406 ], [ 107.0855, 20.8343 ], [ 107.0828, 20.8306 ] ] ], [ [ [ 107.2128, 20.8344 ], [ 107.2051, 20.8374 ], [ 107.2017, 20.8409 ], [ 107.2053, 20.843 ], [ 107.2133, 20.8363 ], [ 107.2128, 20.8344 ] ] ], [ [ [ 107.1179, 20.8407 ], [ 107.1234, 20.84 ], [ 107.1257, 20.8355 ], [ 107.1153, 20.8349 ], [ 107.1112, 20.8417 ], [ 107.1151, 20.8432 ], [ 107.1179, 20.8407 ] ] ], [ [ [ 107.1613, 20.8372 ], [ 107.1594, 20.8375 ], [ 107.1585, 20.8399 ], [ 107.1615, 20.8436 ], [ 107.1631, 20.842 ], [ 107.1613, 20.8372 ] ] ], [ [ [ 107.1916, 20.84 ], [ 107.1886, 20.8423 ], [ 107.1921, 20.8443 ], [ 107.1941, 20.842 ], [ 107.1916, 20.84 ] ] ], [ [ [ 107.1726, 20.8361 ], [ 107.1723, 20.8324 ], [ 107.1667, 20.8312 ], [ 107.1646, 20.8283 ], [ 107.1606, 20.8293 ], [ 107.1615, 20.8331 ], [ 107.1562, 20.8357 ], [ 107.1578, 20.837 ], [ 107.1641, 20.8362 ], [ 107.1665, 20.84 ], [ 107.1645, 20.8428 ], [ 107.1659, 20.8444 ], [ 107.1697, 20.8422 ], [ 107.1726, 20.8361 ] ] ], [ [ [ 107.1553, 20.8398 ], [ 107.1512, 20.8413 ], [ 107.1547, 20.8461 ], [ 107.1563, 20.8456 ], [ 107.1568, 20.8408 ], [ 107.1553, 20.8398 ] ] ], [ [ [ 107.3886, 20.8448 ], [ 107.3859, 20.8449 ], [ 107.3837, 20.8475 ], [ 107.3883, 20.8484 ], [ 107.3895, 20.8464 ], [ 107.3886, 20.8448 ] ] ], [ [ [ 107.3608, 20.8327 ], [ 107.3545, 20.8394 ], [ 107.356, 20.849 ], [ 107.3586, 20.8477 ], [ 107.3619, 20.8358 ], [ 107.3608, 20.8327 ] ] ], [ [ [ 107.0527, 20.8472 ], [ 107.0498, 20.8495 ], [ 107.0543, 20.8525 ], [ 107.0559, 20.8497 ], [ 107.0527, 20.8472 ] ] ], [ [ [ 107.2509, 20.8437 ], [ 107.2458, 20.8454 ], [ 107.2421, 20.849 ], [ 107.2498, 20.853 ], [ 107.2531, 20.8518 ], [ 107.2539, 20.8498 ], [ 107.2511, 20.8472 ], [ 107.2509, 20.8437 ] ] ], [ [ [ 107.2716, 20.846 ], [ 107.2683, 20.8474 ], [ 107.2744, 20.8534 ], [ 107.2787, 20.85 ], [ 107.2785, 20.8487 ], [ 107.2716, 20.846 ] ] ], [ [ [ 107.1837, 20.8413 ], [ 107.1775, 20.8423 ], [ 107.1719, 20.8461 ], [ 107.1705, 20.8495 ], [ 107.1708, 20.8542 ], [ 107.1727, 20.8547 ], [ 107.1821, 20.8489 ], [ 107.1856, 20.8441 ], [ 107.1837, 20.8413 ] ] ], [ [ [ 107.348, 20.8221 ], [ 107.3502, 20.8239 ], [ 107.3497, 20.8355 ], [ 107.3511, 20.8379 ], [ 107.3677, 20.8246 ], [ 107.3785, 20.8303 ], [ 107.3812, 20.8294 ], [ 107.3787, 20.8182 ], [ 107.3791, 20.8087 ], [ 107.3821, 20.7992 ], [ 107.3811, 20.7961 ], [ 107.3781, 20.7955 ], [ 107.3668, 20.8067 ], [ 107.3491, 20.8089 ], [ 107.3452, 20.8049 ], [ 107.3427, 20.8057 ], [ 107.3388, 20.8339 ], [ 107.3321, 20.8508 ], [ 107.3336, 20.8551 ], [ 107.337, 20.8528 ], [ 107.3445, 20.8411 ], [ 107.348, 20.8221 ] ] ], [ [ [ 107.2829, 20.8446 ], [ 107.2855, 20.8441 ], [ 107.2903, 20.8483 ], [ 107.2941, 20.8462 ], [ 107.2909, 20.8423 ], [ 107.2824, 20.8376 ], [ 107.2713, 20.8344 ], [ 107.2674, 20.8359 ], [ 107.2675, 20.8439 ], [ 107.2747, 20.8449 ], [ 107.2812, 20.8479 ], [ 107.2785, 20.8554 ], [ 107.2846, 20.8517 ], [ 107.2829, 20.8446 ] ] ], [ [ [ 107.2683, 20.8506 ], [ 107.2643, 20.8517 ], [ 107.2652, 20.8554 ], [ 107.2691, 20.8546 ], [ 107.2683, 20.8506 ] ] ], [ [ [ 107.3442, 20.8484 ], [ 107.3409, 20.8505 ], [ 107.3403, 20.8547 ], [ 107.3417, 20.8564 ], [ 107.3455, 20.8527 ], [ 107.3442, 20.8484 ] ] ], [ [ [ 107.1175, 20.8511 ], [ 107.1128, 20.8522 ], [ 107.1081, 20.8561 ], [ 107.1142, 20.8564 ], [ 107.1164, 20.8549 ], [ 107.1175, 20.8511 ] ] ], [ [ [ 107.4125, 20.8499 ], [ 107.4094, 20.851 ], [ 107.4088, 20.8531 ], [ 107.4143, 20.8575 ], [ 107.4143, 20.853 ], [ 107.4125, 20.8499 ] ] ], [ [ [ 107.0448, 20.8527 ], [ 107.0416, 20.8561 ], [ 107.0419, 20.8589 ], [ 107.0478, 20.857 ], [ 107.0448, 20.8527 ] ] ], [ [ [ 107.1024, 20.846 ], [ 107.1028, 20.8381 ], [ 107.1094, 20.8341 ], [ 107.107, 20.8276 ], [ 107.0944, 20.8331 ], [ 107.0937, 20.8351 ], [ 107.0976, 20.8392 ], [ 107.0938, 20.8455 ], [ 107.0923, 20.8451 ], [ 107.0891, 20.8365 ], [ 107.0847, 20.838 ], [ 107.0815, 20.8427 ], [ 107.0818, 20.8456 ], [ 107.0862, 20.8523 ], [ 107.0918, 20.8579 ], [ 107.096, 20.8596 ], [ 107.0986, 20.8586 ], [ 107.0965, 20.8548 ], [ 107.1024, 20.846 ] ] ], [ [ [ 107.2834, 20.8553 ], [ 107.2813, 20.8565 ], [ 107.2818, 20.8582 ], [ 107.2862, 20.8601 ], [ 107.2865, 20.8581 ], [ 107.2834, 20.8553 ] ] ], [ [ [ 107.1481, 20.8564 ], [ 107.1451, 20.8594 ], [ 107.1465, 20.863 ], [ 107.1503, 20.8599 ], [ 107.1481, 20.8564 ] ] ], [ [ [ 107.1362, 20.8594 ], [ 107.128, 20.861 ], [ 107.1259, 20.8631 ], [ 107.1301, 20.8647 ], [ 107.1352, 20.8618 ], [ 107.1369, 20.8604 ], [ 107.1362, 20.8594 ] ] ], [ [ [ 107.0667, 20.8578 ], [ 107.0616, 20.8612 ], [ 107.0632, 20.8665 ], [ 107.0659, 20.8668 ], [ 107.0701, 20.8635 ], [ 107.07, 20.8613 ], [ 107.0667, 20.8578 ] ] ], [ [ [ 107.2195, 20.8582 ], [ 107.2164, 20.8602 ], [ 107.2178, 20.8625 ], [ 107.2174, 20.8672 ], [ 107.2218, 20.8619 ], [ 107.2214, 20.8591 ], [ 107.2195, 20.8582 ] ] ], [ [ [ 107.3018, 20.8611 ], [ 107.2974, 20.8641 ], [ 107.299, 20.8679 ], [ 107.3028, 20.8631 ], [ 107.3018, 20.8611 ] ] ], [ [ [ 107.2275, 20.8606 ], [ 107.2231, 20.8635 ], [ 107.221, 20.8678 ], [ 107.2296, 20.8641 ], [ 107.2275, 20.8606 ] ] ], [ [ [ 107.0842, 20.8634 ], [ 107.0813, 20.8644 ], [ 107.0804, 20.8672 ], [ 107.0861, 20.8667 ], [ 107.0842, 20.8634 ] ] ], [ [ [ 107.2657, 20.86 ], [ 107.2621, 20.8619 ], [ 107.2662, 20.865 ], [ 107.2647, 20.868 ], [ 107.2705, 20.8672 ], [ 107.273, 20.8637 ], [ 107.2725, 20.861 ], [ 107.2657, 20.86 ] ] ], [ [ [ 107.3206, 20.8644 ], [ 107.3166, 20.8657 ], [ 107.3169, 20.8673 ], [ 107.3203, 20.8683 ], [ 107.3216, 20.8667 ], [ 107.3206, 20.8644 ] ] ], [ [ [ 107.1661, 20.8634 ], [ 107.1603, 20.8647 ], [ 107.159, 20.8673 ], [ 107.1608, 20.8685 ], [ 107.1644, 20.8675 ], [ 107.1667, 20.8651 ], [ 107.1661, 20.8634 ] ] ], [ [ [ 107.2802, 20.8636 ], [ 107.2772, 20.8643 ], [ 107.2765, 20.8667 ], [ 107.2796, 20.8683 ], [ 107.284, 20.868 ], [ 107.2835, 20.8654 ], [ 107.2802, 20.8636 ] ] ], [ [ [ 107.2577, 20.8627 ], [ 107.256, 20.8639 ], [ 107.256, 20.8692 ], [ 107.2587, 20.8693 ], [ 107.2603, 20.8673 ], [ 107.2577, 20.8627 ] ] ], [ [ [ 107.2403, 20.8654 ], [ 107.2368, 20.8674 ], [ 107.2378, 20.8701 ], [ 107.2421, 20.8683 ], [ 107.2423, 20.8663 ], [ 107.2403, 20.8654 ] ] ], [ [ [ 107.0251, 20.8654 ], [ 107.023, 20.8673 ], [ 107.0231, 20.8702 ], [ 107.0275, 20.8678 ], [ 107.0272, 20.866 ], [ 107.0251, 20.8654 ] ] ], [ [ [ 107.1943, 20.8666 ], [ 107.1913, 20.8681 ], [ 107.1938, 20.8712 ], [ 107.1953, 20.8705 ], [ 107.1943, 20.8666 ] ] ], [ [ [ 107.2146, 20.8635 ], [ 107.2103, 20.8692 ], [ 107.2142, 20.8716 ], [ 107.2156, 20.8697 ], [ 107.2146, 20.8635 ] ] ], [ [ [ 106.896, 20.8581 ], [ 106.8945, 20.8501 ], [ 106.888, 20.8462 ], [ 106.8781, 20.8507 ], [ 106.8793, 20.8536 ], [ 106.8818, 20.8535 ], [ 106.886, 20.8583 ], [ 106.8913, 20.8604 ], [ 106.8847, 20.865 ], [ 106.8869, 20.874 ], [ 106.8907, 20.8719 ], [ 106.896, 20.8581 ] ] ], [ [ [ 107.1469, 20.8722 ], [ 107.1506, 20.8672 ], [ 107.1479, 20.8647 ], [ 107.1437, 20.8705 ], [ 107.1368, 20.8694 ], [ 107.1432, 20.874 ], [ 107.1469, 20.8722 ] ] ], [ [ [ 107.2644, 20.8701 ], [ 107.2572, 20.8716 ], [ 107.2564, 20.8737 ], [ 107.2587, 20.8753 ], [ 107.2632, 20.8743 ], [ 107.2655, 20.8722 ], [ 107.2644, 20.8701 ] ] ], [ [ [ 107.1171, 20.8699 ], [ 107.1138, 20.8729 ], [ 107.1157, 20.8755 ], [ 107.118, 20.8735 ], [ 107.1171, 20.8699 ] ] ], [ [ [ 107.2989, 20.8696 ], [ 107.296, 20.8721 ], [ 107.2979, 20.8759 ], [ 107.2999, 20.8731 ], [ 107.2989, 20.8696 ] ] ], [ [ [ 107.044, 20.8665 ], [ 107.0412, 20.8663 ], [ 107.036, 20.8697 ], [ 107.0359, 20.8757 ], [ 107.0391, 20.8768 ], [ 107.0436, 20.8758 ], [ 107.0453, 20.8686 ], [ 107.044, 20.8665 ] ] ], [ [ [ 107.0162, 20.8688 ], [ 107.0128, 20.8691 ], [ 107.0123, 20.8707 ], [ 107.0164, 20.8772 ], [ 107.0197, 20.873 ], [ 107.0162, 20.8688 ] ] ], [ [ [ 107.3045, 20.8729 ], [ 107.3016, 20.8739 ], [ 107.3029, 20.877 ], [ 107.3061, 20.8758 ], [ 107.3045, 20.8729 ] ] ], [ [ [ 107.0632, 20.8683 ], [ 107.058, 20.8696 ], [ 107.0552, 20.8754 ], [ 107.057, 20.8787 ], [ 107.0619, 20.8744 ], [ 107.0658, 20.874 ], [ 107.0632, 20.8683 ] ] ], [ [ [ 107.0125, 20.8647 ], [ 107.006, 20.8666 ], [ 107.0022, 20.8727 ], [ 107.0103, 20.8787 ], [ 107.0124, 20.8786 ], [ 107.0134, 20.8768 ], [ 107.0103, 20.8703 ], [ 107.0125, 20.8647 ] ] ], [ [ [ 107.1871, 20.8713 ], [ 107.1845, 20.8715 ], [ 107.1809, 20.8755 ], [ 107.1829, 20.8787 ], [ 107.1845, 20.8789 ], [ 107.1865, 20.8759 ], [ 107.1871, 20.8713 ] ] ], [ [ [ 107.1363, 20.8716 ], [ 107.1346, 20.8729 ], [ 107.1355, 20.8797 ], [ 107.14, 20.8761 ], [ 107.1363, 20.8716 ] ] ], [ [ [ 107.2352, 20.8751 ], [ 107.2309, 20.8741 ], [ 107.2289, 20.8774 ], [ 107.2311, 20.8799 ], [ 107.2352, 20.8751 ] ] ], [ [ [ 107.2815, 20.8772 ], [ 107.2779, 20.8764 ], [ 107.2766, 20.8797 ], [ 107.2806, 20.8796 ], [ 107.2815, 20.8772 ] ] ], [ [ [ 106.938, 20.8779 ], [ 106.9343, 20.8744 ], [ 106.9322, 20.8766 ], [ 106.9338, 20.88 ], [ 106.936, 20.8805 ], [ 106.938, 20.8779 ] ] ], [ [ [ 107.1681, 20.8764 ], [ 107.1663, 20.8787 ], [ 107.1677, 20.8815 ], [ 107.1699, 20.8821 ], [ 107.171, 20.8791 ], [ 107.1681, 20.8764 ] ] ], [ [ [ 106.9652, 20.8774 ], [ 106.9584, 20.881 ], [ 106.9579, 20.8817 ], [ 106.9644, 20.8823 ], [ 106.9652, 20.8774 ] ] ], [ [ [ 107.2165, 20.8731 ], [ 107.2127, 20.8765 ], [ 107.2137, 20.8804 ], [ 107.2162, 20.8823 ], [ 107.2187, 20.8799 ], [ 107.2165, 20.8731 ] ] ], [ [ [ 107.0377, 20.8801 ], [ 107.0368, 20.8782 ], [ 107.0319, 20.8792 ], [ 107.0287, 20.8761 ], [ 107.0272, 20.8765 ], [ 107.029, 20.884 ], [ 107.0356, 20.8845 ], [ 107.0377, 20.8801 ] ] ], [ [ [ 106.9703, 20.8758 ], [ 106.9671, 20.8782 ], [ 106.9695, 20.8863 ], [ 106.9724, 20.8796 ], [ 106.9703, 20.8758 ] ] ], [ [ [ 107.2067, 20.8796 ], [ 107.2026, 20.8811 ], [ 107.2038, 20.8869 ], [ 107.2049, 20.8864 ], [ 107.2067, 20.8796 ] ] ], [ [ [ 107.201, 20.8806 ], [ 107.2117, 20.8737 ], [ 107.2108, 20.8719 ], [ 107.206, 20.8705 ], [ 107.2061, 20.8675 ], [ 107.2038, 20.8655 ], [ 107.2019, 20.866 ], [ 107.2035, 20.8687 ], [ 107.2026, 20.8725 ], [ 107.1923, 20.8729 ], [ 107.1874, 20.8789 ], [ 107.1813, 20.8803 ], [ 107.1808, 20.8822 ], [ 107.1913, 20.8878 ], [ 107.2003, 20.8825 ], [ 107.201, 20.8806 ] ] ], [ [ [ 107.2004, 20.885 ], [ 107.1961, 20.8864 ], [ 107.1985, 20.8905 ], [ 107.2018, 20.8878 ], [ 107.2004, 20.885 ] ] ], [ [ [ 106.9912, 20.8907 ], [ 106.9924, 20.8851 ], [ 106.9877, 20.8841 ], [ 106.9873, 20.8812 ], [ 106.989, 20.8791 ], [ 106.9937, 20.8784 ], [ 106.9947, 20.8712 ], [ 106.9832, 20.8705 ], [ 106.9782, 20.872 ], [ 106.9779, 20.8755 ], [ 106.9838, 20.8795 ], [ 106.9793, 20.8804 ], [ 106.9764, 20.8897 ], [ 106.9806, 20.89 ], [ 106.9818, 20.8872 ], [ 106.9839, 20.8868 ], [ 106.9852, 20.8874 ], [ 106.9852, 20.8905 ], [ 106.9887, 20.892 ], [ 106.9912, 20.8907 ] ] ], [ [ [ 106.9592, 20.8878 ], [ 106.9508, 20.8841 ], [ 106.9483, 20.8857 ], [ 106.9525, 20.8869 ], [ 106.9525, 20.8933 ], [ 106.9592, 20.8878 ] ] ], [ [ [ 106.9963, 20.8875 ], [ 106.9943, 20.8881 ], [ 106.9945, 20.8911 ], [ 106.9979, 20.8949 ], [ 106.9963, 20.8875 ] ] ], [ [ [ 107.1082, 20.8919 ], [ 107.1039, 20.8926 ], [ 107.1049, 20.8962 ], [ 107.1082, 20.8947 ], [ 107.1082, 20.8919 ] ] ], [ [ [ 107.3344, 20.895 ], [ 107.3486, 20.8859 ], [ 107.3521, 20.8918 ], [ 107.3606, 20.8881 ], [ 107.3731, 20.8926 ], [ 107.3765, 20.8906 ], [ 107.3783, 20.8839 ], [ 107.3839, 20.8802 ], [ 107.3844, 20.8817 ], [ 107.3803, 20.8858 ], [ 107.38, 20.8885 ], [ 107.381, 20.8907 ], [ 107.3848, 20.8915 ], [ 107.3848, 20.8876 ], [ 107.3873, 20.8847 ], [ 107.3922, 20.8849 ], [ 107.3926, 20.8778 ], [ 107.3874, 20.8795 ], [ 107.3837, 20.878 ], [ 107.3746, 20.8792 ], [ 107.3709, 20.8769 ], [ 107.3863, 20.8706 ], [ 107.3892, 20.8676 ], [ 107.3889, 20.8656 ], [ 107.3802, 20.8684 ], [ 107.3754, 20.8633 ], [ 107.3667, 20.8595 ], [ 107.3606, 20.8608 ], [ 107.3576, 20.8631 ], [ 107.3575, 20.8657 ], [ 107.3542, 20.8669 ], [ 107.3521, 20.8667 ], [ 107.3496, 20.8628 ], [ 107.3478, 20.8632 ], [ 107.3434, 20.871 ], [ 107.3386, 20.888 ], [ 107.3372, 20.8879 ], [ 107.3358, 20.8832 ], [ 107.3357, 20.8738 ], [ 107.3307, 20.8753 ], [ 107.3273, 20.8798 ], [ 107.3289, 20.8853 ], [ 107.3274, 20.8904 ], [ 107.3288, 20.8961 ], [ 107.3344, 20.895 ] ] ], [ [ [ 106.9738, 20.8907 ], [ 106.9697, 20.8948 ], [ 106.9711, 20.8966 ], [ 106.9726, 20.8956 ], [ 106.9738, 20.8907 ] ] ], [ [ [ 107.0103, 20.8842 ], [ 107.0048, 20.8838 ], [ 107.0021, 20.8799 ], [ 106.9994, 20.8817 ], [ 107.0, 20.8925 ], [ 107.0046, 20.8969 ], [ 107.0083, 20.896 ], [ 107.0106, 20.8891 ], [ 107.0103, 20.8842 ] ] ], [ [ [ 106.964, 20.8854 ], [ 106.9606, 20.8881 ], [ 106.9639, 20.8977 ], [ 106.9661, 20.8882 ], [ 106.964, 20.8854 ] ] ], [ [ [ 107.4689, 20.8899 ], [ 107.463, 20.8937 ], [ 107.4614, 20.8979 ], [ 107.4649, 20.8981 ], [ 107.4669, 20.8962 ], [ 107.4696, 20.8913 ], [ 107.4689, 20.8899 ] ] ], [ [ [ 107.161, 20.8921 ], [ 107.1535, 20.8928 ], [ 107.1529, 20.8986 ], [ 107.1563, 20.8959 ], [ 107.1614, 20.8947 ], [ 107.161, 20.8921 ] ] ], [ [ [ 107.3388, 20.9016 ], [ 107.3481, 20.8993 ], [ 107.3524, 20.8954 ], [ 107.3465, 20.8887 ], [ 107.3413, 20.8926 ], [ 107.3374, 20.9005 ], [ 107.3388, 20.9016 ] ] ], [ [ [ 107.3742, 20.8983 ], [ 107.3625, 20.8987 ], [ 107.3609, 20.9007 ], [ 107.3683, 20.9019 ], [ 107.3746, 20.9001 ], [ 107.3742, 20.8983 ] ] ], [ [ [ 107.0133, 20.8964 ], [ 107.0097, 20.8976 ], [ 107.0114, 20.9032 ], [ 107.0142, 20.9012 ], [ 107.0133, 20.8964 ] ] ], [ [ [ 107.1622, 20.8991 ], [ 107.1601, 20.9003 ], [ 107.1607, 20.9027 ], [ 107.1635, 20.9048 ], [ 107.1659, 20.9041 ], [ 107.165, 20.9005 ], [ 107.1622, 20.8991 ] ] ], [ [ [ 106.9683, 20.8991 ], [ 106.9656, 20.8997 ], [ 106.965, 20.9039 ], [ 106.969, 20.9056 ], [ 106.9711, 20.9037 ], [ 106.9683, 20.8991 ] ] ], [ [ [ 107.4413, 20.9006 ], [ 107.4475, 20.9009 ], [ 107.4503, 20.8995 ], [ 107.4445, 20.8929 ], [ 107.4291, 20.8853 ], [ 107.4138, 20.8936 ], [ 107.4421, 20.9063 ], [ 107.443, 20.9051 ], [ 107.4413, 20.9006 ] ] ], [ [ [ 107.3223, 20.8753 ], [ 107.3194, 20.8731 ], [ 107.3143, 20.8767 ], [ 107.2988, 20.8919 ], [ 107.2897, 20.9083 ], [ 107.2981, 20.9033 ], [ 107.307, 20.8952 ], [ 107.3213, 20.8774 ], [ 107.3223, 20.8753 ] ] ], [ [ [ 107.009, 20.9039 ], [ 107.006, 20.9059 ], [ 107.0061, 20.9082 ], [ 107.0081, 20.9098 ], [ 107.0103, 20.9079 ], [ 107.0103, 20.9047 ], [ 107.009, 20.9039 ] ] ], [ [ [ 107.3246, 20.9029 ], [ 107.3212, 20.9044 ], [ 107.3175, 20.9101 ], [ 107.3202, 20.91 ], [ 107.3233, 20.9076 ], [ 107.3246, 20.9029 ] ] ], [ [ [ 106.9477, 20.908 ], [ 106.9428, 20.9091 ], [ 106.9402, 20.911 ], [ 106.9473, 20.9101 ], [ 106.9477, 20.908 ] ] ], [ [ [ 107.1073, 20.9054 ], [ 107.1049, 20.9073 ], [ 107.1064, 20.9129 ], [ 107.1088, 20.9104 ], [ 107.1073, 20.9054 ] ] ], [ [ [ 107.1532, 20.9087 ], [ 107.1498, 20.9091 ], [ 107.1469, 20.9113 ], [ 107.1469, 20.9131 ], [ 107.1511, 20.914 ], [ 107.1532, 20.9119 ], [ 107.1532, 20.9087 ] ] ], [ [ [ 107.2607, 20.9099 ], [ 107.2569, 20.911 ], [ 107.2564, 20.9134 ], [ 107.2579, 20.9146 ], [ 107.2611, 20.9134 ], [ 107.2623, 20.9122 ], [ 107.2607, 20.9099 ] ] ], [ [ [ 107.1255, 20.9081 ], [ 107.1229, 20.9097 ], [ 107.1259, 20.9151 ], [ 107.1281, 20.9109 ], [ 107.1255, 20.9081 ] ] ], [ [ [ 107.0195, 20.9006 ], [ 107.017, 20.9011 ], [ 107.0125, 20.9067 ], [ 107.0154, 20.9156 ], [ 107.0208, 20.9125 ], [ 107.0227, 20.9045 ], [ 107.0195, 20.9006 ] ] ], [ [ [ 107.3214, 20.8842 ], [ 107.3158, 20.8857 ], [ 107.307, 20.8987 ], [ 107.3085, 20.9024 ], [ 107.3045, 20.9091 ], [ 107.307, 20.9139 ], [ 107.3099, 20.9157 ], [ 107.3128, 20.914 ], [ 107.3171, 20.903 ], [ 107.3169, 20.8983 ], [ 107.322, 20.8859 ], [ 107.3214, 20.8842 ] ] ], [ [ [ 107.502, 20.8952 ], [ 107.4789, 20.8962 ], [ 107.4771, 20.8974 ], [ 107.4806, 20.902 ], [ 107.5154, 20.9159 ], [ 107.509, 20.9026 ], [ 107.502, 20.8952 ] ] ], [ [ [ 106.945, 20.9122 ], [ 106.9428, 20.9128 ], [ 106.9419, 20.9155 ], [ 106.9468, 20.9181 ], [ 106.945, 20.9122 ] ] ], [ [ [ 107.3038, 20.9143 ], [ 107.3005, 20.9125 ], [ 107.299, 20.9143 ], [ 107.2994, 20.9188 ], [ 107.3016, 20.921 ], [ 107.3038, 20.9143 ] ] ], [ [ [ 107.3076, 20.916 ], [ 107.3051, 20.9173 ], [ 107.3054, 20.9212 ], [ 107.3089, 20.9199 ], [ 107.3076, 20.916 ] ] ], [ [ [ 107.5254, 20.9207 ], [ 107.5194, 20.9191 ], [ 107.5205, 20.9216 ], [ 107.5242, 20.9249 ], [ 107.5268, 20.9249 ], [ 107.5254, 20.9207 ] ] ], [ [ [ 107.344, 20.9154 ], [ 107.3231, 20.9198 ], [ 107.3088, 20.9253 ], [ 107.3171, 20.9289 ], [ 107.334, 20.9247 ], [ 107.3457, 20.9201 ], [ 107.3475, 20.9171 ], [ 107.344, 20.9154 ] ] ], [ [ [ 107.1059, 20.9281 ], [ 107.1039, 20.9302 ], [ 107.1056, 20.9341 ], [ 107.1084, 20.9297 ], [ 107.1059, 20.9281 ] ] ], [ [ [ 107.1303, 20.9285 ], [ 107.1273, 20.9285 ], [ 107.127, 20.9299 ], [ 107.1313, 20.9335 ], [ 107.1347, 20.934 ], [ 107.1349, 20.932 ], [ 107.1303, 20.9285 ] ] ], [ [ [ 107.0779, 20.9342 ], [ 107.0753, 20.9365 ], [ 107.0789, 20.939 ], [ 107.0797, 20.936 ], [ 107.0779, 20.9342 ] ] ], [ [ [ 107.1976, 20.9351 ], [ 107.192, 20.9356 ], [ 107.1929, 20.9408 ], [ 107.1989, 20.9384 ], [ 107.1976, 20.9351 ] ] ], [ [ [ 106.9893, 20.9166 ], [ 106.9877, 20.9167 ], [ 106.9774, 20.929 ], [ 106.9743, 20.9351 ], [ 106.9804, 20.9396 ], [ 106.9884, 20.9413 ], [ 106.9927, 20.9393 ], [ 106.9944, 20.9347 ], [ 106.99, 20.9258 ], [ 106.9893, 20.9166 ] ] ], [ [ [ 107.0975, 20.9297 ], [ 107.0937, 20.9305 ], [ 107.0929, 20.9322 ], [ 107.0968, 20.9421 ], [ 107.1033, 20.9351 ], [ 107.0975, 20.9297 ] ] ], [ [ [ 107.2755, 20.9368 ], [ 107.2711, 20.9379 ], [ 107.2702, 20.9426 ], [ 107.274, 20.9414 ], [ 107.276, 20.9392 ], [ 107.2755, 20.9368 ] ] ], [ [ [ 107.288, 20.9353 ], [ 107.283, 20.9373 ], [ 107.2816, 20.9397 ], [ 107.2823, 20.9426 ], [ 107.2896, 20.9386 ], [ 107.2901, 20.9368 ], [ 107.288, 20.9353 ] ] ], [ [ [ 107.3942, 20.9377 ], [ 107.389, 20.9398 ], [ 107.392, 20.9438 ], [ 107.3948, 20.9406 ], [ 107.3942, 20.9377 ] ] ], [ [ [ 107.295, 20.9388 ], [ 107.2896, 20.9403 ], [ 107.2871, 20.9458 ], [ 107.2946, 20.943 ], [ 107.2964, 20.9408 ], [ 107.295, 20.9388 ] ] ], [ [ [ 107.0829, 20.9382 ], [ 107.0807, 20.9414 ], [ 107.0829, 20.9487 ], [ 107.0854, 20.9428 ], [ 107.0829, 20.9382 ] ] ], [ [ [ 107.3803, 20.9394 ], [ 107.3781, 20.9401 ], [ 107.3818, 20.9458 ], [ 107.3875, 20.951 ], [ 107.3902, 20.9498 ], [ 107.3898, 20.9438 ], [ 107.3803, 20.9394 ] ] ], [ [ [ 107.3341, 20.9494 ], [ 107.3258, 20.9482 ], [ 107.3241, 20.95 ], [ 107.3277, 20.9518 ], [ 107.334, 20.951 ], [ 107.3341, 20.9494 ] ] ], [ [ [ 107.2598, 20.95 ], [ 107.2551, 20.9498 ], [ 107.254, 20.9517 ], [ 107.2604, 20.9529 ], [ 107.2598, 20.95 ] ] ], [ [ [ 107.302, 20.9501 ], [ 107.3002, 20.9514 ], [ 107.3012, 20.9543 ], [ 107.3056, 20.9549 ], [ 107.3061, 20.9528 ], [ 107.302, 20.9501 ] ] ], [ [ [ 107.2897, 20.9577 ], [ 107.2832, 20.9551 ], [ 107.28, 20.9572 ], [ 107.2845, 20.9598 ], [ 107.2894, 20.9601 ], [ 107.2897, 20.9577 ] ] ], [ [ [ 107.1957, 20.9491 ], [ 107.1906, 20.9499 ], [ 107.191, 20.9526 ], [ 107.1999, 20.9621 ], [ 107.201, 20.9603 ], [ 107.1996, 20.9549 ], [ 107.1957, 20.9491 ] ] ], [ [ [ 107.3692, 20.9379 ], [ 107.3564, 20.9291 ], [ 107.343, 20.9259 ], [ 107.3361, 20.9276 ], [ 107.3335, 20.9301 ], [ 107.3258, 20.9298 ], [ 107.3147, 20.9331 ], [ 107.3097, 20.9357 ], [ 107.308, 20.9388 ], [ 107.3119, 20.9435 ], [ 107.3172, 20.941 ], [ 107.3263, 20.944 ], [ 107.3355, 20.9449 ], [ 107.3373, 20.944 ], [ 107.3368, 20.9378 ], [ 107.3383, 20.9363 ], [ 107.3418, 20.9365 ], [ 107.3445, 20.9382 ], [ 107.3462, 20.9425 ], [ 107.3516, 20.9432 ], [ 107.3624, 20.9481 ], [ 107.3665, 20.9511 ], [ 107.3726, 20.9607 ], [ 107.3777, 20.9619 ], [ 107.3831, 20.9665 ], [ 107.3851, 20.9666 ], [ 107.3879, 20.9617 ], [ 107.3833, 20.9557 ], [ 107.3818, 20.951 ], [ 107.3692, 20.9379 ] ] ], [ [ [ 107.2062, 20.95 ], [ 107.2035, 20.9508 ], [ 107.203, 20.9545 ], [ 107.2059, 20.9618 ], [ 107.2096, 20.9659 ], [ 107.2171, 20.9666 ], [ 107.2181, 20.9615 ], [ 107.2143, 20.9595 ], [ 107.2103, 20.9528 ], [ 107.2062, 20.95 ] ] ], [ [ [ 107.5515, 20.9432 ], [ 107.5565, 20.9432 ], [ 107.5574, 20.934 ], [ 107.5416, 20.9236 ], [ 107.5312, 20.9108 ], [ 107.5231, 20.9063 ], [ 107.5171, 20.896 ], [ 107.5155, 20.8848 ], [ 107.5032, 20.8778 ], [ 107.4952, 20.8695 ], [ 107.4923, 20.8629 ], [ 107.4899, 20.8458 ], [ 107.4783, 20.8209 ], [ 107.4747, 20.817 ], [ 107.4693, 20.8157 ], [ 107.4668, 20.8194 ], [ 107.4673, 20.8214 ], [ 107.4769, 20.8379 ], [ 107.4904, 20.872 ], [ 107.4889, 20.8746 ], [ 107.4748, 20.8824 ], [ 107.4747, 20.8864 ], [ 107.4777, 20.8878 ], [ 107.4903, 20.8818 ], [ 107.5014, 20.8828 ], [ 107.5079, 20.8862 ], [ 107.512, 20.9028 ], [ 107.5178, 20.9157 ], [ 107.526, 20.9146 ], [ 107.5302, 20.9167 ], [ 107.5316, 20.9227 ], [ 107.5378, 20.9297 ], [ 107.5358, 20.937 ], [ 107.5401, 20.9486 ], [ 107.5523, 20.9643 ], [ 107.5528, 20.9685 ], [ 107.5553, 20.9697 ], [ 107.5582, 20.9672 ], [ 107.5497, 20.952 ], [ 107.5492, 20.9477 ], [ 107.5515, 20.9432 ] ] ], [ [ [ 107.4471, 20.95 ], [ 107.4435, 20.9443 ], [ 107.4337, 20.9372 ], [ 107.4185, 20.9216 ], [ 107.4029, 20.9141 ], [ 107.3977, 20.9143 ], [ 107.3841, 20.9081 ], [ 107.3669, 20.9038 ], [ 107.3521, 20.9032 ], [ 107.343, 20.9064 ], [ 107.3707, 20.9111 ], [ 107.3827, 20.9165 ], [ 107.3925, 20.9173 ], [ 107.406, 20.9226 ], [ 107.4124, 20.928 ], [ 107.4175, 20.9413 ], [ 107.4187, 20.9492 ], [ 107.4249, 20.9502 ], [ 107.4335, 20.9599 ], [ 107.449, 20.9701 ], [ 107.4528, 20.968 ], [ 107.4471, 20.95 ] ] ], [ [ [ 107.314, 20.9618 ], [ 107.3116, 20.9581 ], [ 107.3041, 20.9591 ], [ 107.2992, 20.9648 ], [ 107.2991, 20.9668 ], [ 107.3051, 20.9725 ], [ 107.314, 20.9618 ] ] ], [ [ [ 107.2265, 20.9694 ], [ 107.2247, 20.9696 ], [ 107.2224, 20.9727 ], [ 107.2249, 20.9758 ], [ 107.231, 20.9738 ], [ 107.2265, 20.9694 ] ] ], [ [ [ 107.4446, 20.9334 ], [ 107.4416, 20.933 ], [ 107.4409, 20.9344 ], [ 107.4547, 20.9479 ], [ 107.4557, 20.9559 ], [ 107.4616, 20.9661 ], [ 107.4689, 20.9757 ], [ 107.4738, 20.9786 ], [ 107.4772, 20.9777 ], [ 107.4795, 20.9685 ], [ 107.4721, 20.9565 ], [ 107.4526, 20.9386 ], [ 107.4446, 20.9334 ] ] ], [ [ [ 107.7884, 20.9737 ], [ 107.7839, 20.9748 ], [ 107.783, 20.9788 ], [ 107.7866, 20.9784 ], [ 107.7891, 20.9755 ], [ 107.7884, 20.9737 ] ] ], [ [ [ 107.3763, 20.976 ], [ 107.3734, 20.9761 ], [ 107.3721, 20.9793 ], [ 107.3772, 20.9797 ], [ 107.3781, 20.9781 ], [ 107.3763, 20.976 ] ] ], [ [ [ 107.2864, 20.978 ], [ 107.2801, 20.9751 ], [ 107.2807, 20.9806 ], [ 107.2864, 20.978 ] ] ], [ [ [ 107.4046, 20.977 ], [ 107.4001, 20.9775 ], [ 107.3998, 20.9795 ], [ 107.4013, 20.9808 ], [ 107.4057, 20.9806 ], [ 107.4068, 20.9794 ], [ 107.4046, 20.977 ] ] ], [ [ [ 107.4419, 20.9765 ], [ 107.4363, 20.9789 ], [ 107.4347, 20.9812 ], [ 107.4406, 20.9826 ], [ 107.4426, 20.9785 ], [ 107.4419, 20.9765 ] ] ], [ [ [ 107.269, 20.9788 ], [ 107.2636, 20.9798 ], [ 107.2624, 20.9829 ], [ 107.2686, 20.9835 ], [ 107.269, 20.9788 ] ] ], [ [ [ 107.3206, 20.9803 ], [ 107.315, 20.981 ], [ 107.3137, 20.9824 ], [ 107.3161, 20.9841 ], [ 107.3197, 20.9839 ], [ 107.3224, 20.9824 ], [ 107.3206, 20.9803 ] ] ], [ [ [ 107.3839, 20.9811 ], [ 107.3789, 20.9816 ], [ 107.3793, 20.9834 ], [ 107.3844, 20.984 ], [ 107.3839, 20.9811 ] ] ], [ [ [ 107.4701, 20.9784 ], [ 107.4684, 20.9785 ], [ 107.4676, 20.9811 ], [ 107.4696, 20.9852 ], [ 107.4732, 20.9824 ], [ 107.4701, 20.9784 ] ] ], [ [ [ 107.806, 20.9788 ], [ 107.8041, 20.9787 ], [ 107.8022, 20.9821 ], [ 107.8082, 20.9874 ], [ 107.8102, 20.9841 ], [ 107.806, 20.9788 ] ] ], [ [ [ 107.2543, 20.9823 ], [ 107.2475, 20.9831 ], [ 107.2449, 20.9874 ], [ 107.2467, 20.9882 ], [ 107.2529, 20.9861 ], [ 107.2543, 20.9823 ] ] ], [ [ [ 107.28, 20.9916 ], [ 107.2947, 20.9898 ], [ 107.2955, 20.9887 ], [ 107.2858, 20.9832 ], [ 107.2825, 20.9851 ], [ 107.28, 20.9916 ] ] ], [ [ [ 107.2389, 20.9869 ], [ 107.2354, 20.9882 ], [ 107.2338, 20.9919 ], [ 107.2395, 20.9917 ], [ 107.2389, 20.9869 ] ] ], [ [ [ 107.3106, 20.9911 ], [ 107.3039, 20.9904 ], [ 107.3028, 20.9912 ], [ 107.3065, 20.9946 ], [ 107.311, 20.9928 ], [ 107.3106, 20.9911 ] ] ], [ [ [ 107.3488, 20.9919 ], [ 107.3458, 20.9929 ], [ 107.3494, 20.9975 ], [ 107.3521, 20.9939 ], [ 107.3488, 20.9919 ] ] ], [ [ [ 107.4244, 20.9941 ], [ 107.4214, 20.9948 ], [ 107.4206, 20.9977 ], [ 107.4245, 20.9979 ], [ 107.4244, 20.9941 ] ] ], [ [ [ 107.3813, 21.0028 ], [ 107.3772, 21.0053 ], [ 107.3782, 21.0087 ], [ 107.3829, 21.007 ], [ 107.3813, 21.0028 ] ] ], [ [ [ 107.4463, 21.005 ], [ 107.441, 21.0101 ], [ 107.442, 21.0114 ], [ 107.4459, 21.0102 ], [ 107.4463, 21.005 ] ] ], [ [ [ 107.4046, 21.0094 ], [ 107.4015, 21.0107 ], [ 107.4034, 21.0142 ], [ 107.4067, 21.0119 ], [ 107.4046, 21.0094 ] ] ], [ [ [ 107.4553, 21.0111 ], [ 107.452, 21.0161 ], [ 107.4556, 21.0185 ], [ 107.4582, 21.0153 ], [ 107.4553, 21.0111 ] ] ], [ [ [ 107.7468, 21.0179 ], [ 107.7526, 21.0134 ], [ 107.7584, 21.0151 ], [ 107.7679, 21.0022 ], [ 107.784, 20.9915 ], [ 107.7843, 20.9895 ], [ 107.779, 20.9828 ], [ 107.7789, 20.9901 ], [ 107.7638, 20.9992 ], [ 107.7603, 20.999 ], [ 107.7579, 20.9961 ], [ 107.76, 20.9868 ], [ 107.7572, 20.9847 ], [ 107.7574, 20.9832 ], [ 107.7654, 20.9787 ], [ 107.7644, 20.9861 ], [ 107.7678, 20.9889 ], [ 107.7687, 20.9851 ], [ 107.7746, 20.984 ], [ 107.7736, 20.9779 ], [ 107.778, 20.9733 ], [ 107.7776, 20.9715 ], [ 107.7735, 20.9687 ], [ 107.7673, 20.9688 ], [ 107.7663, 20.9674 ], [ 107.7685, 20.9661 ], [ 107.7682, 20.9647 ], [ 107.7618, 20.9589 ], [ 107.758, 20.9572 ], [ 107.7496, 20.9569 ], [ 107.7449, 20.9487 ], [ 107.7373, 20.9451 ], [ 107.7367, 20.9463 ], [ 107.7468, 20.9595 ], [ 107.7509, 20.9635 ], [ 107.7601, 20.9684 ], [ 107.7611, 20.9727 ], [ 107.759, 20.9782 ], [ 107.7518, 20.9855 ], [ 107.7368, 20.9945 ], [ 107.7369, 21.0005 ], [ 107.73, 21.0055 ], [ 107.73, 21.0072 ], [ 107.7367, 21.0178 ], [ 107.7461, 21.0248 ], [ 107.7477, 21.0243 ], [ 107.7462, 21.021 ], [ 107.7468, 21.0179 ] ] ], [ [ [ 107.4488, 21.0182 ], [ 107.4456, 21.023 ], [ 107.4503, 21.0275 ], [ 107.451, 21.0265 ], [ 107.4488, 21.0182 ] ] ], [ [ [ 107.438, 21.012 ], [ 107.4348, 21.0125 ], [ 107.4332, 21.0159 ], [ 107.4382, 21.02 ], [ 107.4406, 21.0273 ], [ 107.443, 21.0293 ], [ 107.4447, 21.0255 ], [ 107.4437, 21.0209 ], [ 107.4416, 21.0156 ], [ 107.438, 21.012 ] ] ], [ [ [ 107.4604, 21.024 ], [ 107.4571, 21.0252 ], [ 107.4586, 21.0293 ], [ 107.4614, 21.0277 ], [ 107.4604, 21.024 ] ] ], [ [ [ 107.4889, 21.0279 ], [ 107.4846, 21.0312 ], [ 107.4851, 21.0334 ], [ 107.4898, 21.0313 ], [ 107.4904, 21.0297 ], [ 107.4889, 21.0279 ] ] ], [ [ [ 107.5378, 21.025 ], [ 107.5364, 21.0252 ], [ 107.5363, 21.0283 ], [ 107.5379, 21.0354 ], [ 107.5423, 21.0324 ], [ 107.5429, 21.0301 ], [ 107.5378, 21.025 ] ] ], [ [ [ 107.4263, 21.0336 ], [ 107.4198, 21.0317 ], [ 107.4218, 21.0363 ], [ 107.4266, 21.0356 ], [ 107.4263, 21.0336 ] ] ], [ [ [ 107.821, 21.0332 ], [ 107.8185, 21.0332 ], [ 107.8175, 21.037 ], [ 107.8173, 21.0384 ], [ 107.8199, 21.0397 ], [ 107.8232, 21.0379 ], [ 107.821, 21.0332 ] ] ], [ [ [ 107.4957, 21.0344 ], [ 107.4953, 21.0394 ], [ 107.5016, 21.0397 ], [ 107.5016, 21.0379 ], [ 107.4957, 21.0344 ] ] ], [ [ [ 107.487, 21.0372 ], [ 107.4844, 21.0402 ], [ 107.4877, 21.0417 ], [ 107.4886, 21.039 ], [ 107.487, 21.0372 ] ] ], [ [ [ 107.3733, 21.0341 ], [ 107.3686, 21.0366 ], [ 107.3703, 21.0428 ], [ 107.3742, 21.0394 ], [ 107.3733, 21.0341 ] ] ], [ [ [ 107.5445, 21.0333 ], [ 107.5402, 21.0363 ], [ 107.5389, 21.0395 ], [ 107.5395, 21.0432 ], [ 107.5429, 21.045 ], [ 107.5453, 21.0432 ], [ 107.5445, 21.0333 ] ] ], [ [ [ 107.5546, 21.0295 ], [ 107.5529, 21.0309 ], [ 107.5554, 21.0391 ], [ 107.5542, 21.0448 ], [ 107.5557, 21.0459 ], [ 107.5578, 21.0447 ], [ 107.5597, 21.0379 ], [ 107.5583, 21.0336 ], [ 107.5546, 21.0295 ] ] ], [ [ [ 107.5435, 21.0097 ], [ 107.5407, 21.0055 ], [ 107.5408, 21.0025 ], [ 107.547, 20.995 ], [ 107.5475, 20.9924 ], [ 107.5415, 20.9846 ], [ 107.5373, 20.987 ], [ 107.5343, 20.985 ], [ 107.5383, 20.9803 ], [ 107.5231, 20.9383 ], [ 107.518, 20.9287 ], [ 107.5091, 20.92 ], [ 107.4875, 20.9151 ], [ 107.4804, 20.919 ], [ 107.4791, 20.9116 ], [ 107.4747, 20.9152 ], [ 107.4693, 20.9105 ], [ 107.4579, 20.9065 ], [ 107.4489, 20.9076 ], [ 107.4519, 20.9117 ], [ 107.4514, 20.9131 ], [ 107.4361, 20.912 ], [ 107.4086, 20.9016 ], [ 107.4037, 20.8945 ], [ 107.3924, 20.8922 ], [ 107.3921, 20.901 ], [ 107.3936, 20.9027 ], [ 107.4031, 20.9036 ], [ 107.414, 20.9101 ], [ 107.4187, 20.916 ], [ 107.433, 20.9184 ], [ 107.4321, 20.9221 ], [ 107.4746, 20.9495 ], [ 107.4782, 20.9531 ], [ 107.4815, 20.96 ], [ 107.4885, 20.957 ], [ 107.4866, 20.9643 ], [ 107.4906, 20.9795 ], [ 107.4867, 20.981 ], [ 107.4809, 20.9752 ], [ 107.4757, 20.9859 ], [ 107.4815, 20.9847 ], [ 107.484, 20.9865 ], [ 107.5008, 21.011 ], [ 107.5078, 21.0186 ], [ 107.5091, 21.0179 ], [ 107.5086, 21.0144 ], [ 107.5024, 21.0001 ], [ 107.5087, 21.0018 ], [ 107.5089, 21.0079 ], [ 107.5122, 21.0108 ], [ 107.5167, 21.0235 ], [ 107.5215, 21.0243 ], [ 107.5287, 21.0361 ], [ 107.5351, 21.0421 ], [ 107.5341, 21.0272 ], [ 107.5312, 21.0221 ], [ 107.5333, 21.01 ], [ 107.5346, 21.0096 ], [ 107.5423, 21.0237 ], [ 107.5488, 21.0317 ], [ 107.5477, 21.0416 ], [ 107.5495, 21.046 ], [ 107.5535, 21.0391 ], [ 107.55, 21.0272 ], [ 107.5444, 21.0205 ], [ 107.5435, 21.0097 ] ] ], [ [ [ 107.8591, 21.0409 ], [ 107.8579, 21.0326 ], [ 107.8624, 21.0292 ], [ 107.8531, 21.0264 ], [ 107.8413, 21.017 ], [ 107.8376, 21.0096 ], [ 107.8329, 21.0083 ], [ 107.8327, 21.0004 ], [ 107.8277, 21.0008 ], [ 107.8209, 20.9966 ], [ 107.8179, 20.9896 ], [ 107.8212, 20.9854 ], [ 107.8137, 20.9843 ], [ 107.8111, 20.9862 ], [ 107.8094, 20.9902 ], [ 107.8039, 20.9934 ], [ 107.8037, 20.997 ], [ 107.8082, 20.9987 ], [ 107.8098, 21.0012 ], [ 107.8052, 21.0039 ], [ 107.8052, 21.0054 ], [ 107.8142, 21.0102 ], [ 107.8185, 21.0241 ], [ 107.8231, 21.0303 ], [ 107.8287, 21.0308 ], [ 107.8303, 21.0379 ], [ 107.8338, 21.0431 ], [ 107.8369, 21.0448 ], [ 107.8417, 21.0403 ], [ 107.8466, 21.0397 ], [ 107.853, 21.046 ], [ 107.8575, 21.0437 ], [ 107.8591, 21.0409 ] ] ], [ [ [ 107.4398, 21.0444 ], [ 107.4376, 21.045 ], [ 107.4393, 21.0485 ], [ 107.4413, 21.0505 ], [ 107.4437, 21.0503 ], [ 107.4444, 21.0472 ], [ 107.4398, 21.0444 ] ] ], [ [ [ 107.7771, 21.0519 ], [ 107.7777, 21.0426 ], [ 107.7806, 21.0387 ], [ 107.7726, 21.0347 ], [ 107.7608, 21.0337 ], [ 107.7636, 21.0399 ], [ 107.7627, 21.0452 ], [ 107.7701, 21.0455 ], [ 107.7743, 21.0513 ], [ 107.7771, 21.0519 ] ] ], [ [ [ 107.5225, 21.0465 ], [ 107.5198, 21.0489 ], [ 107.5241, 21.053 ], [ 107.526, 21.0492 ], [ 107.5225, 21.0465 ] ] ], [ [ [ 107.4682, 21.0518 ], [ 107.4652, 21.0537 ], [ 107.4676, 21.0556 ], [ 107.4703, 21.0542 ], [ 107.4682, 21.0518 ] ] ], [ [ [ 107.3752, 21.0434 ], [ 107.3713, 21.044 ], [ 107.3706, 21.0468 ], [ 107.3707, 21.0517 ], [ 107.3737, 21.0565 ], [ 107.3775, 21.0518 ], [ 107.3772, 21.0457 ], [ 107.3752, 21.0434 ] ] ], [ [ [ 107.4315, 21.0535 ], [ 107.4293, 21.0542 ], [ 107.4299, 21.0565 ], [ 107.4367, 21.0584 ], [ 107.4368, 21.0557 ], [ 107.4315, 21.0535 ] ] ], [ [ [ 107.538, 21.054 ], [ 107.5347, 21.0564 ], [ 107.5372, 21.0601 ], [ 107.5393, 21.0574 ], [ 107.538, 21.054 ] ] ], [ [ [ 107.8616, 21.0541 ], [ 107.8597, 21.0551 ], [ 107.8604, 21.0587 ], [ 107.8618, 21.0619 ], [ 107.8638, 21.0619 ], [ 107.8644, 21.0561 ], [ 107.8616, 21.0541 ] ] ], [ [ [ 107.5026, 21.0586 ], [ 107.4989, 21.0592 ], [ 107.4981, 21.0606 ], [ 107.5011, 21.0625 ], [ 107.5039, 21.0621 ], [ 107.5026, 21.0586 ] ] ], [ [ [ 107.38, 21.0572 ], [ 107.3772, 21.0607 ], [ 107.3799, 21.0631 ], [ 107.3814, 21.061 ], [ 107.38, 21.0572 ] ] ], [ [ [ 107.5137, 21.0681 ], [ 107.5152, 21.0657 ], [ 107.5125, 21.0625 ], [ 107.5042, 21.0672 ], [ 107.5137, 21.0681 ] ] ], [ [ [ 107.4889, 21.0632 ], [ 107.4864, 21.0639 ], [ 107.4874, 21.0669 ], [ 107.4912, 21.0678 ], [ 107.492, 21.0659 ], [ 107.4889, 21.0632 ] ] ], [ [ [ 107.5735, 21.0633 ], [ 107.5689, 21.065 ], [ 107.5685, 21.0688 ], [ 107.5723, 21.0687 ], [ 107.5735, 21.0633 ] ] ], [ [ [ 107.4442, 21.0663 ], [ 107.439, 21.0652 ], [ 107.4389, 21.0674 ], [ 107.4445, 21.0712 ], [ 107.4442, 21.0663 ] ] ], [ [ [ 107.5566, 21.0508 ], [ 107.5477, 21.0537 ], [ 107.546, 21.0574 ], [ 107.5464, 21.0603 ], [ 107.5551, 21.0714 ], [ 107.5564, 21.0694 ], [ 107.5544, 21.0586 ], [ 107.5586, 21.0523 ], [ 107.5566, 21.0508 ] ] ], [ [ [ 107.5305, 21.0574 ], [ 107.5304, 21.0535 ], [ 107.5226, 21.0568 ], [ 107.5213, 21.0527 ], [ 107.5153, 21.0468 ], [ 107.5014, 21.0423 ], [ 107.493, 21.0409 ], [ 107.4914, 21.0422 ], [ 107.4997, 21.0518 ], [ 107.5142, 21.059 ], [ 107.5219, 21.0665 ], [ 107.524, 21.0691 ], [ 107.5244, 21.0743 ], [ 107.5309, 21.0724 ], [ 107.5312, 21.0684 ], [ 107.535, 21.0647 ], [ 107.5305, 21.0574 ] ] ], [ [ [ 107.7709, 21.0674 ], [ 107.7681, 21.0708 ], [ 107.7724, 21.0763 ], [ 107.7745, 21.0745 ], [ 107.7742, 21.0712 ], [ 107.7709, 21.0674 ] ] ], [ [ [ 107.5134, 21.072 ], [ 107.5124, 21.0699 ], [ 107.5096, 21.072 ], [ 107.5003, 21.0686 ], [ 107.4971, 21.0695 ], [ 107.4949, 21.0729 ], [ 107.5063, 21.0771 ], [ 107.512, 21.0762 ], [ 107.5134, 21.072 ] ] ], [ [ [ 107.3797, 21.0734 ], [ 107.3772, 21.0735 ], [ 107.376, 21.0758 ], [ 107.3787, 21.0794 ], [ 107.3814, 21.0776 ], [ 107.3797, 21.0734 ] ] ], [ [ [ 107.3767, 21.067 ], [ 107.373, 21.0653 ], [ 107.3684, 21.0691 ], [ 107.366, 21.073 ], [ 107.3669, 21.0779 ], [ 107.3731, 21.079 ], [ 107.3767, 21.067 ] ] ], [ [ [ 107.3594, 21.0782 ], [ 107.354, 21.0777 ], [ 107.3525, 21.0792 ], [ 107.3555, 21.0815 ], [ 107.3618, 21.0827 ], [ 107.3623, 21.0805 ], [ 107.3594, 21.0782 ] ] ], [ [ [ 107.5732, 21.0771 ], [ 107.5711, 21.0779 ], [ 107.5702, 21.0807 ], [ 107.5738, 21.0852 ], [ 107.5752, 21.0816 ], [ 107.5732, 21.0771 ] ] ], [ [ [ 107.4905, 21.0861 ], [ 107.4878, 21.0873 ], [ 107.4876, 21.0899 ], [ 107.4937, 21.0913 ], [ 107.4905, 21.0861 ] ] ], [ [ [ 107.5811, 21.0849 ], [ 107.5794, 21.0856 ], [ 107.5792, 21.0906 ], [ 107.5826, 21.0924 ], [ 107.5833, 21.0887 ], [ 107.5811, 21.0849 ] ] ], [ [ [ 107.3866, 21.0918 ], [ 107.382, 21.0948 ], [ 107.3877, 21.0975 ], [ 107.3917, 21.1015 ], [ 107.3947, 21.0963 ], [ 107.3866, 21.0918 ] ] ], [ [ [ 107.5826, 21.0937 ], [ 107.5812, 21.095 ], [ 107.5829, 21.1016 ], [ 107.5864, 21.103 ], [ 107.5868, 21.099 ], [ 107.5826, 21.0937 ] ] ], [ [ [ 107.5977, 21.1097 ], [ 107.5951, 21.1106 ], [ 107.5952, 21.113 ], [ 107.5991, 21.1145 ], [ 107.5998, 21.1131 ], [ 107.5977, 21.1097 ] ] ], [ [ [ 107.8032, 21.1034 ], [ 107.8009, 21.1036 ], [ 107.8005, 21.1062 ], [ 107.8119, 21.1156 ], [ 107.8159, 21.1172 ], [ 107.8182, 21.1162 ], [ 107.8199, 21.1111 ], [ 107.8112, 21.1083 ], [ 107.8032, 21.1034 ] ] ], [ [ [ 107.5779, 21.1218 ], [ 107.5794, 21.1098 ], [ 107.5717, 21.0946 ], [ 107.5683, 21.0844 ], [ 107.5657, 21.0831 ], [ 107.5561, 21.0886 ], [ 107.5405, 21.0882 ], [ 107.5591, 21.0844 ], [ 107.5604, 21.0817 ], [ 107.5569, 21.076 ], [ 107.5441, 21.0718 ], [ 107.5435, 21.0697 ], [ 107.5375, 21.0657 ], [ 107.5324, 21.0749 ], [ 107.5233, 21.0793 ], [ 107.5283, 21.0888 ], [ 107.5314, 21.0906 ], [ 107.5355, 21.0895 ], [ 107.5393, 21.0919 ], [ 107.539, 21.0945 ], [ 107.533, 21.0935 ], [ 107.5336, 21.0972 ], [ 107.542, 21.1004 ], [ 107.5448, 21.111 ], [ 107.5525, 21.1196 ], [ 107.5555, 21.1196 ], [ 107.5536, 21.1145 ], [ 107.5626, 21.1131 ], [ 107.5677, 21.1176 ], [ 107.5779, 21.1218 ] ] ], [ [ [ 107.5973, 21.0503 ], [ 107.5962, 21.035 ], [ 107.5866, 21.0253 ], [ 107.5834, 21.0078 ], [ 107.5751, 20.9815 ], [ 107.5672, 20.9729 ], [ 107.562, 20.9715 ], [ 107.5624, 20.9827 ], [ 107.5696, 20.9854 ], [ 107.5725, 20.9903 ], [ 107.5718, 20.992 ], [ 107.5658, 20.9946 ], [ 107.5637, 20.9993 ], [ 107.5685, 21.0097 ], [ 107.5713, 21.0218 ], [ 107.5749, 21.0287 ], [ 107.5785, 21.0316 ], [ 107.5878, 21.0333 ], [ 107.5896, 21.0388 ], [ 107.5895, 21.0434 ], [ 107.5814, 21.0419 ], [ 107.5851, 21.0536 ], [ 107.5835, 21.0645 ], [ 107.5854, 21.0712 ], [ 107.5936, 21.0839 ], [ 107.6096, 21.1014 ], [ 107.6242, 21.1232 ], [ 107.6277, 21.1265 ], [ 107.6296, 21.1261 ], [ 107.6082, 21.0747 ], [ 107.6051, 21.0617 ], [ 107.5973, 21.0503 ] ] ], [ [ [ 107.6059, 21.1194 ], [ 107.601, 21.1216 ], [ 107.603, 21.1262 ], [ 107.6061, 21.1278 ], [ 107.6094, 21.1247 ], [ 107.6059, 21.1194 ] ] ], [ [ [ 107.7927, 21.1305 ], [ 107.791, 21.1317 ], [ 107.7954, 21.1356 ], [ 107.7962, 21.1322 ], [ 107.7927, 21.1305 ] ] ], [ [ [ 107.5811, 21.1365 ], [ 107.5757, 21.1287 ], [ 107.5638, 21.1203 ], [ 107.56, 21.12 ], [ 107.5549, 21.1224 ], [ 107.5549, 21.1301 ], [ 107.5635, 21.1387 ], [ 107.566, 21.1393 ], [ 107.5675, 21.1358 ], [ 107.5702, 21.1351 ], [ 107.5749, 21.1392 ], [ 107.5786, 21.1399 ], [ 107.5811, 21.1365 ] ] ], [ [ [ 107.8482, 21.135 ], [ 107.8461, 21.1352 ], [ 107.8438, 21.1384 ], [ 107.8462, 21.1427 ], [ 107.85, 21.1372 ], [ 107.8482, 21.135 ] ] ], [ [ [ 107.6424, 21.1334 ], [ 107.6408, 21.1346 ], [ 107.6422, 21.1398 ], [ 107.6493, 21.143 ], [ 107.6486, 21.1402 ], [ 107.6424, 21.1334 ] ] ], [ [ [ 107.5092, 21.1246 ], [ 107.5063, 21.1255 ], [ 107.505, 21.1299 ], [ 107.5122, 21.1359 ], [ 107.5255, 21.1445 ], [ 107.5338, 21.1469 ], [ 107.5361, 21.1457 ], [ 107.5363, 21.1431 ], [ 107.533, 21.1399 ], [ 107.5092, 21.1246 ] ] ], [ [ [ 107.4299, 21.1431 ], [ 107.4245, 21.1433 ], [ 107.4235, 21.1455 ], [ 107.4299, 21.1476 ], [ 107.4313, 21.1459 ], [ 107.4299, 21.1431 ] ] ], [ [ [ 107.8685, 21.1401 ], [ 107.8655, 21.1406 ], [ 107.8634, 21.148 ], [ 107.8663, 21.1484 ], [ 107.8692, 21.1459 ], [ 107.8701, 21.1425 ], [ 107.8685, 21.1401 ] ] ], [ [ [ 107.5237, 21.1468 ], [ 107.5185, 21.1459 ], [ 107.5177, 21.1486 ], [ 107.523, 21.1491 ], [ 107.5237, 21.1468 ] ] ], [ [ [ 107.5811, 21.1432 ], [ 107.5786, 21.1453 ], [ 107.5787, 21.1495 ], [ 107.5847, 21.1552 ], [ 107.5876, 21.1558 ], [ 107.5884, 21.1537 ], [ 107.5862, 21.149 ], [ 107.5811, 21.1432 ] ] ], [ [ [ 107.401, 21.1575 ], [ 107.4038, 21.141 ], [ 107.4001, 21.1422 ], [ 107.3988, 21.1355 ], [ 107.3972, 21.1346 ], [ 107.3938, 21.1406 ], [ 107.3918, 21.1509 ], [ 107.3958, 21.1516 ], [ 107.3957, 21.1578 ], [ 107.401, 21.1575 ] ] ], [ [ [ 107.8538, 21.1539 ], [ 107.8502, 21.1539 ], [ 107.852, 21.1579 ], [ 107.8586, 21.1615 ], [ 107.8619, 21.1609 ], [ 107.8611, 21.1572 ], [ 107.8538, 21.1539 ] ] ], [ [ [ 107.399, 21.1605 ], [ 107.3953, 21.1612 ], [ 107.3956, 21.1663 ], [ 107.3974, 21.1678 ], [ 107.4012, 21.1653 ], [ 107.399, 21.1605 ] ] ], [ [ [ 107.8652, 21.1621 ], [ 107.8593, 21.1638 ], [ 107.8594, 21.1657 ], [ 107.8654, 21.1686 ], [ 107.8663, 21.1635 ], [ 107.8652, 21.1621 ] ] ], [ [ [ 107.6166, 21.173 ], [ 107.6147, 21.1734 ], [ 107.6146, 21.1753 ], [ 107.6171, 21.1824 ], [ 107.6247, 21.1935 ], [ 107.6253, 21.1895 ], [ 107.6166, 21.173 ] ] ], [ [ [ 107.4299, 21.196 ], [ 107.4363, 21.1828 ], [ 107.435, 21.1791 ], [ 107.4228, 21.1789 ], [ 107.42, 21.1876 ], [ 107.4215, 21.1891 ], [ 107.424, 21.1867 ], [ 107.4257, 21.1878 ], [ 107.424, 21.1936 ], [ 107.4249, 21.195 ], [ 107.4299, 21.196 ] ] ], [ [ [ 108.0179, 21.1959 ], [ 108.0093, 21.1975 ], [ 108.0087, 21.1988 ], [ 108.0142, 21.2036 ], [ 108.0197, 21.1995 ], [ 108.0179, 21.1959 ] ] ], [ [ [ 108.014, 21.2132 ], [ 108.0112, 21.2096 ], [ 108.0089, 21.212 ], [ 108.0095, 21.2148 ], [ 108.014, 21.2132 ] ] ], [ [ [ 107.6595, 21.141 ], [ 107.6547, 21.1392 ], [ 107.6521, 21.1433 ], [ 107.6545, 21.1588 ], [ 107.658, 21.1659 ], [ 107.6555, 21.1753 ], [ 107.6603, 21.191 ], [ 107.6683, 21.2088 ], [ 107.6758, 21.2166 ], [ 107.6789, 21.2165 ], [ 107.6807, 21.2141 ], [ 107.6727, 21.2039 ], [ 107.6705, 21.1855 ], [ 107.6658, 21.1748 ], [ 107.663, 21.1631 ], [ 107.6642, 21.147 ], [ 107.6595, 21.141 ] ] ], [ [ [ 107.5807, 21.2121 ], [ 107.5674, 21.2062 ], [ 107.565, 21.2074 ], [ 107.5806, 21.2164 ], [ 107.5865, 21.2174 ], [ 107.5807, 21.2121 ] ] ], [ [ [ 107.5905, 21.2269 ], [ 107.5779, 21.2244 ], [ 107.5782, 21.227 ], [ 107.595, 21.2344 ], [ 107.5983, 21.2329 ], [ 107.5905, 21.2269 ] ] ], [ [ [ 107.6847, 21.2209 ], [ 107.6799, 21.2207 ], [ 107.6796, 21.2224 ], [ 107.6912, 21.2351 ], [ 107.6948, 21.2352 ], [ 107.6923, 21.2297 ], [ 107.6847, 21.2209 ] ] ], [ [ [ 107.6319, 21.2341 ], [ 107.6266, 21.2347 ], [ 107.6265, 21.2381 ], [ 107.6379, 21.2434 ], [ 107.6379, 21.2407 ], [ 107.6319, 21.2341 ] ] ], [ [ [ 107.3753, 21.2435 ], [ 107.3702, 21.2308 ], [ 107.3675, 21.2325 ], [ 107.3706, 21.2462 ], [ 107.3753, 21.2435 ] ] ], [ [ [ 107.9759, 21.2305 ], [ 107.9538, 21.2314 ], [ 107.9471, 21.2345 ], [ 107.9453, 21.2391 ], [ 107.9607, 21.2484 ], [ 107.9711, 21.25 ], [ 107.9753, 21.2456 ], [ 107.9779, 21.2341 ], [ 107.9759, 21.2305 ] ] ], [ [ [ 107.4324, 21.2537 ], [ 107.433, 21.2439 ], [ 107.4299, 21.2375 ], [ 107.4201, 21.2271 ], [ 107.405, 21.2202 ], [ 107.3996, 21.2161 ], [ 107.395, 21.2174 ], [ 107.3916, 21.2208 ], [ 107.3874, 21.2203 ], [ 107.3858, 21.2099 ], [ 107.38, 21.2078 ], [ 107.3764, 21.2031 ], [ 107.3748, 21.2032 ], [ 107.3731, 21.2088 ], [ 107.3792, 21.2299 ], [ 107.3809, 21.2334 ], [ 107.3868, 21.2378 ], [ 107.3889, 21.2442 ], [ 107.3947, 21.2501 ], [ 107.3993, 21.2504 ], [ 107.4058, 21.2473 ], [ 107.4146, 21.2542 ], [ 107.4274, 21.2566 ], [ 107.4324, 21.2537 ] ] ], [ [ [ 107.6386, 21.2547 ], [ 107.6161, 21.241 ], [ 107.6132, 21.238 ], [ 107.6136, 21.2348 ], [ 107.6116, 21.2338 ], [ 107.6069, 21.234 ], [ 107.6017, 21.2405 ], [ 107.5919, 21.2368 ], [ 107.5898, 21.2383 ], [ 107.5921, 21.2422 ], [ 107.5986, 21.2458 ], [ 107.6092, 21.2498 ], [ 107.6133, 21.249 ], [ 107.6138, 21.2524 ], [ 107.619, 21.2562 ], [ 107.6349, 21.2623 ], [ 107.6404, 21.2618 ], [ 107.6411, 21.2604 ], [ 107.6377, 21.2581 ], [ 107.6386, 21.2547 ] ] ], [ [ [ 107.674, 21.2578 ], [ 107.6718, 21.2585 ], [ 107.6721, 21.2607 ], [ 107.6781, 21.2621 ], [ 107.6777, 21.2602 ], [ 107.674, 21.2578 ] ] ], [ [ [ 107.5443, 21.258 ], [ 107.5412, 21.2581 ], [ 107.538, 21.2619 ], [ 107.5376, 21.266 ], [ 107.539, 21.268 ], [ 107.5433, 21.2665 ], [ 107.5465, 21.2626 ], [ 107.5469, 21.2603 ], [ 107.5443, 21.258 ] ] ], [ [ [ 107.6906, 21.2673 ], [ 107.6828, 21.2679 ], [ 107.6915, 21.2713 ], [ 107.6936, 21.2709 ], [ 107.6906, 21.2673 ] ] ], [ [ [ 107.646, 21.268 ], [ 107.6408, 21.2687 ], [ 107.6388, 21.2701 ], [ 107.6454, 21.2755 ], [ 107.6473, 21.2717 ], [ 107.646, 21.268 ] ] ], [ [ [ 107.4632, 21.2717 ], [ 107.4674, 21.2737 ], [ 107.4754, 21.2698 ], [ 107.484, 21.2585 ], [ 107.5111, 21.2365 ], [ 107.5117, 21.2344 ], [ 107.5074, 21.2304 ], [ 107.5076, 21.2289 ], [ 107.5152, 21.2314 ], [ 107.5237, 21.2258 ], [ 107.5287, 21.2182 ], [ 107.5335, 21.2061 ], [ 107.5298, 21.2012 ], [ 107.5347, 21.1973 ], [ 107.5328, 21.1902 ], [ 107.5419, 21.1976 ], [ 107.5494, 21.1981 ], [ 107.563, 21.2042 ], [ 107.5659, 21.204 ], [ 107.5686, 21.2015 ], [ 107.5729, 21.206 ], [ 107.5811, 21.2071 ], [ 107.597, 21.2202 ], [ 107.6076, 21.2205 ], [ 107.6092, 21.2172 ], [ 107.6036, 21.2049 ], [ 107.5949, 21.2007 ], [ 107.5909, 21.1895 ], [ 107.5808, 21.1786 ], [ 107.5721, 21.1768 ], [ 107.5682, 21.1664 ], [ 107.5632, 21.1643 ], [ 107.5624, 21.1609 ], [ 107.5402, 21.1451 ], [ 107.535, 21.1505 ], [ 107.539, 21.1567 ], [ 107.535, 21.1599 ], [ 107.5299, 21.1579 ], [ 107.5223, 21.1515 ], [ 107.5119, 21.149 ], [ 107.5166, 21.146 ], [ 107.5166, 21.1437 ], [ 107.5065, 21.1343 ], [ 107.5008, 21.1323 ], [ 107.5041, 21.1224 ], [ 107.4716, 21.1 ], [ 107.4691, 21.0949 ], [ 107.4698, 21.0908 ], [ 107.4646, 21.0913 ], [ 107.4573, 21.0887 ], [ 107.4529, 21.0945 ], [ 107.4512, 21.0941 ], [ 107.4471, 21.0856 ], [ 107.4426, 21.0809 ], [ 107.4164, 21.0638 ], [ 107.4158, 21.0589 ], [ 107.4099, 21.0524 ], [ 107.3904, 21.0473 ], [ 107.3816, 21.0419 ], [ 107.3794, 21.0456 ], [ 107.3811, 21.0551 ], [ 107.3834, 21.0601 ], [ 107.3882, 21.0617 ], [ 107.3897, 21.0637 ], [ 107.384, 21.0645 ], [ 107.3848, 21.069 ], [ 107.378, 21.0683 ], [ 107.3777, 21.0708 ], [ 107.3816, 21.0731 ], [ 107.3828, 21.077 ], [ 107.3801, 21.0836 ], [ 107.3969, 21.0959 ], [ 107.3955, 21.1014 ], [ 107.3982, 21.1076 ], [ 107.3982, 21.1168 ], [ 107.4026, 21.1215 ], [ 107.411, 21.1226 ], [ 107.414, 21.1272 ], [ 107.4303, 21.1276 ], [ 107.4301, 21.1388 ], [ 107.4338, 21.143 ], [ 107.4343, 21.1473 ], [ 107.439, 21.1472 ], [ 107.4422, 21.1497 ], [ 107.4405, 21.1533 ], [ 107.4328, 21.1552 ], [ 107.4336, 21.1621 ], [ 107.4316, 21.1654 ], [ 107.4298, 21.1636 ], [ 107.4278, 21.1557 ], [ 107.4252, 21.1552 ], [ 107.4204, 21.1617 ], [ 107.418, 21.1705 ], [ 107.4214, 21.1722 ], [ 107.4223, 21.1744 ], [ 107.4303, 21.1755 ], [ 107.4391, 21.1656 ], [ 107.4451, 21.1635 ], [ 107.4485, 21.1671 ], [ 107.4471, 21.1708 ], [ 107.4492, 21.1735 ], [ 107.4431, 21.1817 ], [ 107.4447, 21.1857 ], [ 107.4497, 21.1875 ], [ 107.4586, 21.1852 ], [ 107.4646, 21.1862 ], [ 107.4676, 21.1823 ], [ 107.4775, 21.1806 ], [ 107.4795, 21.1829 ], [ 107.4729, 21.1896 ], [ 107.477, 21.1923 ], [ 107.4653, 21.1977 ], [ 107.4548, 21.2068 ], [ 107.4557, 21.2084 ], [ 107.4621, 21.2054 ], [ 107.464, 21.2087 ], [ 107.4605, 21.2186 ], [ 107.4549, 21.2243 ], [ 107.4501, 21.2333 ], [ 107.4506, 21.2467 ], [ 107.4525, 21.2484 ], [ 107.4603, 21.2494 ], [ 107.4554, 21.2526 ], [ 107.4517, 21.2657 ], [ 107.4571, 21.2763 ], [ 107.4632, 21.2717 ] ] ], [ [ [ 107.4062, 21.2745 ], [ 107.4005, 21.2749 ], [ 107.3976, 21.2766 ], [ 107.4042, 21.2784 ], [ 107.407, 21.2768 ], [ 107.4062, 21.2745 ] ] ], [ [ [ 107.5848, 21.2658 ], [ 107.586, 21.2632 ], [ 107.5849, 21.2626 ], [ 107.5791, 21.2636 ], [ 107.5743, 21.2609 ], [ 107.5668, 21.2611 ], [ 107.5573, 21.2554 ], [ 107.553, 21.2579 ], [ 107.557, 21.2622 ], [ 107.5568, 21.2639 ], [ 107.5488, 21.2646 ], [ 107.545, 21.2689 ], [ 107.5542, 21.275 ], [ 107.567, 21.2784 ], [ 107.5848, 21.2658 ] ] ], [ [ [ 107.3846, 21.2739 ], [ 107.38, 21.2719 ], [ 107.3786, 21.2742 ], [ 107.3846, 21.2798 ], [ 107.3866, 21.2783 ], [ 107.3846, 21.2739 ] ] ], [ [ [ 107.3736, 21.2814 ], [ 107.3761, 21.2776 ], [ 107.372, 21.2754 ], [ 107.3675, 21.2792 ], [ 107.3682, 21.281 ], [ 107.3736, 21.2814 ] ] ], [ [ [ 107.5445, 21.276 ], [ 107.5397, 21.2783 ], [ 107.5393, 21.2798 ], [ 107.5461, 21.2812 ], [ 107.5482, 21.279 ], [ 107.5445, 21.276 ] ] ], [ [ [ 107.5566, 21.2822 ], [ 107.5501, 21.2798 ], [ 107.5484, 21.2826 ], [ 107.5492, 21.284 ], [ 107.5517, 21.2845 ], [ 107.5566, 21.2822 ] ] ], [ [ [ 107.6642, 21.2787 ], [ 107.6495, 21.2707 ], [ 107.6501, 21.2785 ], [ 107.662, 21.2851 ], [ 107.6669, 21.2825 ], [ 107.6642, 21.2787 ] ] ], [ [ [ 107.3812, 21.2814 ], [ 107.3731, 21.2856 ], [ 107.3726, 21.2907 ], [ 107.3768, 21.2899 ], [ 107.38, 21.287 ], [ 107.3824, 21.2828 ], [ 107.3812, 21.2814 ] ] ], [ [ [ 107.4871, 21.2895 ], [ 107.4829, 21.2921 ], [ 107.4829, 21.2969 ], [ 107.4884, 21.2937 ], [ 107.4871, 21.2895 ] ] ], [ [ [ 107.7932, 21.2969 ], [ 107.7888, 21.2938 ], [ 107.7743, 21.2935 ], [ 107.754, 21.284 ], [ 107.7504, 21.2842 ], [ 107.7487, 21.2876 ], [ 107.7523, 21.2922 ], [ 107.7638, 21.2974 ], [ 107.7887, 21.2988 ], [ 107.7932, 21.2969 ] ] ], [ [ [ 107.698, 21.2953 ], [ 107.6889, 21.2923 ], [ 107.6829, 21.284 ], [ 107.6708, 21.2755 ], [ 107.6557, 21.2673 ], [ 107.6507, 21.2669 ], [ 107.6525, 21.2694 ], [ 107.6694, 21.2795 ], [ 107.67, 21.2817 ], [ 107.6668, 21.2864 ], [ 107.6701, 21.2909 ], [ 107.6975, 21.302 ], [ 107.6995, 21.299 ], [ 107.698, 21.2953 ] ] ], [ [ [ 107.3849, 21.2968 ], [ 107.3921, 21.2955 ], [ 107.3945, 21.2899 ], [ 107.3922, 21.2845 ], [ 107.3879, 21.2863 ], [ 107.3777, 21.2966 ], [ 107.375, 21.3044 ], [ 107.3754, 21.3099 ], [ 107.3806, 21.3073 ], [ 107.3806, 21.3008 ], [ 107.3849, 21.2968 ] ] ], [ [ [ 107.6556, 21.3065 ], [ 107.6528, 21.3084 ], [ 107.6545, 21.3116 ], [ 107.6566, 21.3091 ], [ 107.6556, 21.3065 ] ] ], [ [ [ 107.8101, 21.3466 ], [ 107.8027, 21.3447 ], [ 107.7975, 21.3363 ], [ 107.7886, 21.3302 ], [ 107.7758, 21.3241 ], [ 107.7675, 21.324 ], [ 107.7524, 21.3147 ], [ 107.7493, 21.3121 ], [ 107.7449, 21.304 ], [ 107.7379, 21.3062 ], [ 107.7301, 21.3035 ], [ 107.7293, 21.3048 ], [ 107.7315, 21.3097 ], [ 107.7292, 21.3113 ], [ 107.7104, 21.3032 ], [ 107.704, 21.3021 ], [ 107.7024, 21.3035 ], [ 107.742, 21.3261 ], [ 107.7665, 21.3354 ], [ 107.7944, 21.3524 ], [ 107.8117, 21.3588 ], [ 107.8175, 21.3576 ], [ 107.8186, 21.3533 ], [ 107.8101, 21.3466 ] ] ], [ [ [ 107.8556, 21.3596 ], [ 107.8526, 21.3618 ], [ 107.8558, 21.3645 ], [ 107.8577, 21.3625 ], [ 107.8556, 21.3596 ] ] ], [ [ [ 107.8696, 21.3639 ], [ 107.8665, 21.3651 ], [ 107.8662, 21.3672 ], [ 107.8717, 21.368 ], [ 107.8717, 21.3652 ], [ 107.8696, 21.3639 ] ] ], [ [ [ 107.7514, 21.3622 ], [ 107.7427, 21.3635 ], [ 107.741, 21.37 ], [ 107.7505, 21.3738 ], [ 107.7553, 21.3738 ], [ 107.7579, 21.372 ], [ 107.7594, 21.3651 ], [ 107.7514, 21.3622 ] ] ], [ [ [ 107.7644, 21.3841 ], [ 107.7604, 21.3849 ], [ 107.7594, 21.3874 ], [ 107.7626, 21.3879 ], [ 107.7653, 21.3855 ], [ 107.7644, 21.3841 ] ] ], [ [ [ 108.0019, 21.3985 ], [ 107.999, 21.3931 ], [ 107.995, 21.3899 ], [ 107.9919, 21.3921 ], [ 107.988, 21.3917 ], [ 107.9646, 21.3793 ], [ 107.9537, 21.3672 ], [ 107.9506, 21.3613 ], [ 107.9446, 21.3579 ], [ 107.9348, 21.3576 ], [ 107.9235, 21.3635 ], [ 107.9087, 21.3596 ], [ 107.8909, 21.3592 ], [ 107.8632, 21.3518 ], [ 107.8439, 21.34 ], [ 107.8406, 21.3469 ], [ 107.8435, 21.354 ], [ 107.8471, 21.3577 ], [ 107.8493, 21.3587 ], [ 107.8512, 21.3568 ], [ 107.8449, 21.3503 ], [ 107.8454, 21.3481 ], [ 107.8629, 21.3571 ], [ 107.8681, 21.3565 ], [ 107.8744, 21.3585 ], [ 107.8756, 21.3661 ], [ 107.8797, 21.3705 ], [ 107.8726, 21.3759 ], [ 107.8591, 21.3692 ], [ 107.8557, 21.3694 ], [ 107.8504, 21.3737 ], [ 107.8363, 21.3652 ], [ 107.827, 21.3655 ], [ 107.8393, 21.3736 ], [ 107.8607, 21.3803 ], [ 107.885, 21.3841 ], [ 107.8993, 21.3826 ], [ 107.9153, 21.385 ], [ 107.9347, 21.3917 ], [ 107.9646, 21.3979 ], [ 108.0019, 21.3985 ] ] ], [ [ [ 107.9498, 21.4537 ], [ 107.9474, 21.4544 ], [ 107.9467, 21.4568 ], [ 107.9498, 21.4615 ], [ 107.955, 21.4583 ], [ 107.9498, 21.4537 ] ] ], [ [ [ 108.0952, 21.474 ], [ 108.0902, 21.4738 ], [ 108.0869, 21.479 ], [ 108.0917, 21.4795 ], [ 108.0952, 21.474 ] ] ], [ [ [ 108.0568, 21.5005 ], [ 108.0536, 21.5015 ], [ 108.0525, 21.5039 ], [ 108.0563, 21.5048 ], [ 108.0576, 21.5022 ], [ 108.0568, 21.5005 ] ] ], [ [ [ 107.87, 21.5033 ], [ 107.8636, 21.5048 ], [ 107.8648, 21.5101 ], [ 107.8693, 21.5071 ], [ 107.87, 21.5033 ] ] ], [ [ [ 108.0438, 21.5093 ], [ 108.0365, 21.5044 ], [ 108.0352, 21.5083 ], [ 108.0357, 21.5122 ], [ 108.0438, 21.5093 ] ] ], [ [ [ 107.8585, 21.5068 ], [ 107.8545, 21.51 ], [ 107.8554, 21.5128 ], [ 107.8609, 21.5103 ], [ 107.8612, 21.5087 ], [ 107.8585, 21.5068 ] ] ], [ [ [ 108.0707, 21.5116 ], [ 108.0656, 21.5113 ], [ 108.0609, 21.5161 ], [ 108.0676, 21.5154 ], [ 108.0702, 21.5138 ], [ 108.0707, 21.5116 ] ] ], [ [ [ 107.4907, 21.6064 ], [ 107.4807, 21.5994 ], [ 107.4875, 21.5999 ], [ 107.4946, 21.5965 ], [ 107.5157, 21.5949 ], [ 107.5221, 21.5913 ], [ 107.5294, 21.5915 ], [ 107.5348, 21.5952 ], [ 107.5401, 21.5901 ], [ 107.5573, 21.6134 ], [ 107.5672, 21.6132 ], [ 107.5745, 21.6187 ], [ 107.5805, 21.6176 ], [ 107.5901, 21.6068 ], [ 107.6199, 21.6098 ], [ 107.6475, 21.6091 ], [ 107.6655, 21.6145 ], [ 107.6747, 21.6096 ], [ 107.6912, 21.6169 ], [ 107.7139, 21.6227 ], [ 107.7194, 21.6297 ], [ 107.729, 21.6317 ], [ 107.7404, 21.6399 ], [ 107.7495, 21.6437 ], [ 107.7611, 21.6438 ], [ 107.7772, 21.6493 ], [ 107.7788, 21.6547 ], [ 107.7825, 21.6569 ], [ 107.7949, 21.6549 ], [ 107.8075, 21.6589 ], [ 107.816, 21.6575 ], [ 107.8257, 21.654 ], [ 107.8323, 21.6447 ], [ 107.8405, 21.6425 ], [ 107.843, 21.6443 ], [ 107.8434, 21.6499 ], [ 107.8555, 21.6558 ], [ 107.8713, 21.6469 ], [ 107.8756, 21.641 ], [ 107.8762, 21.6323 ], [ 107.8866, 21.626 ], [ 107.8887, 21.6164 ], [ 107.8813, 21.6128 ], [ 107.8813, 21.6098 ], [ 107.8837, 21.6076 ], [ 107.8901, 21.6072 ], [ 107.8964, 21.5954 ], [ 107.8973, 21.5889 ], [ 107.9138, 21.587 ], [ 107.9224, 21.5902 ], [ 107.9277, 21.5792 ], [ 107.9402, 21.5711 ], [ 107.9406, 21.5652 ], [ 107.9478, 21.5462 ], [ 107.9528, 21.5381 ], [ 107.9611, 21.5381 ], [ 107.9642, 21.5362 ], [ 107.9746, 21.5413 ], [ 107.9777, 21.5456 ], [ 108.003, 21.5487 ], [ 108.0241, 21.5495 ], [ 108.0355, 21.5465 ], [ 108.0333, 21.5456 ], [ 108.0208, 21.5475 ], [ 108.0052, 21.5445 ], [ 108.0013, 21.5421 ], [ 108.0006, 21.5373 ], [ 108.0024, 21.5346 ], [ 108.0105, 21.5341 ], [ 108.0165, 21.5308 ], [ 108.0197, 21.5321 ], [ 108.0216, 21.5289 ], [ 108.0218, 21.5261 ], [ 108.0205, 21.5254 ], [ 108.0074, 21.529 ], [ 108.0029, 21.5279 ], [ 108.0064, 21.5197 ], [ 108.0022, 21.5119 ], [ 108.0022, 21.5079 ], [ 108.0096, 21.4978 ], [ 108.0114, 21.4875 ], [ 108.0198, 21.4832 ], [ 108.0501, 21.4961 ], [ 108.0655, 21.4948 ], [ 108.0676, 21.4911 ], [ 108.0654, 21.4863 ], [ 108.0523, 21.4866 ], [ 108.0345, 21.4837 ], [ 108.0088, 21.4732 ], [ 107.9868, 21.4542 ], [ 107.9749, 21.4373 ], [ 107.9667, 21.4341 ], [ 107.9645, 21.4352 ], [ 107.9645, 21.438 ], [ 107.9765, 21.4594 ], [ 107.9872, 21.4666 ], [ 107.9864, 21.4726 ], [ 107.9897, 21.4767 ], [ 107.9888, 21.485 ], [ 107.9831, 21.4894 ], [ 107.9797, 21.4898 ], [ 107.9739, 21.4876 ], [ 107.9683, 21.4926 ], [ 107.9629, 21.4941 ], [ 107.961, 21.4914 ], [ 107.9607, 21.4823 ], [ 107.9586, 21.4777 ], [ 107.9476, 21.4728 ], [ 107.9355, 21.4649 ], [ 107.9284, 21.4665 ], [ 107.927, 21.4701 ], [ 107.9291, 21.4749 ], [ 107.934, 21.4755 ], [ 107.9424, 21.4846 ], [ 107.9405, 21.4907 ], [ 107.9518, 21.4905 ], [ 107.9557, 21.4952 ], [ 107.9361, 21.5056 ], [ 107.9337, 21.5056 ], [ 107.9313, 21.501 ], [ 107.922, 21.5026 ], [ 107.9212, 21.512 ], [ 107.9173, 21.5159 ], [ 107.9174, 21.525 ], [ 107.9158, 21.5267 ], [ 107.9013, 21.5216 ], [ 107.8989, 21.5227 ], [ 107.8969, 21.5294 ], [ 107.8875, 21.5296 ], [ 107.8858, 21.5252 ], [ 107.8876, 21.5183 ], [ 107.8835, 21.5152 ], [ 107.8877, 21.5089 ], [ 107.8793, 21.5075 ], [ 107.8785, 21.5128 ], [ 107.8661, 21.5135 ], [ 107.8614, 21.5287 ], [ 107.856, 21.5287 ], [ 107.8521, 21.5262 ], [ 107.8473, 21.519 ], [ 107.8429, 21.5054 ], [ 107.8383, 21.5031 ], [ 107.832, 21.5104 ], [ 107.8308, 21.5149 ], [ 107.8329, 21.5202 ], [ 107.8371, 21.5193 ], [ 107.8385, 21.5203 ], [ 107.839, 21.5233 ], [ 107.8371, 21.5266 ], [ 107.8328, 21.527 ], [ 107.8234, 21.5171 ], [ 107.801, 21.5139 ], [ 107.798, 21.5117 ], [ 107.7798, 21.5211 ], [ 107.7751, 21.5255 ], [ 107.77, 21.5198 ], [ 107.7511, 21.509 ], [ 107.7453, 21.5033 ], [ 107.7593, 21.5018 ], [ 107.77, 21.5069 ], [ 107.7729, 21.5066 ], [ 107.7791, 21.5024 ], [ 107.7943, 21.4981 ], [ 107.7944, 21.4925 ], [ 107.801, 21.4822 ], [ 107.7974, 21.4767 ], [ 107.7946, 21.4753 ], [ 107.7925, 21.4762 ], [ 107.7824, 21.4713 ], [ 107.7837, 21.4682 ], [ 107.7802, 21.4606 ], [ 107.772, 21.4603 ], [ 107.7701, 21.4573 ], [ 107.7676, 21.4438 ], [ 107.7595, 21.4398 ], [ 107.7489, 21.4429 ], [ 107.7461, 21.4423 ], [ 107.7493, 21.4347 ], [ 107.7549, 21.4286 ], [ 107.7563, 21.4239 ], [ 107.751, 21.4234 ], [ 107.7502, 21.4156 ], [ 107.7458, 21.4066 ], [ 107.7461, 21.4022 ], [ 107.7344, 21.4049 ], [ 107.7274, 21.4025 ], [ 107.7289, 21.4078 ], [ 107.726, 21.4105 ], [ 107.719, 21.4102 ], [ 107.711, 21.4146 ], [ 107.7098, 21.4137 ], [ 107.7114, 21.4078 ], [ 107.7101, 21.4048 ], [ 107.7066, 21.4045 ], [ 107.7018, 21.4114 ], [ 107.6925, 21.41 ], [ 107.6873, 21.414 ], [ 107.6846, 21.4115 ], [ 107.6867, 21.4062 ], [ 107.6802, 21.4038 ], [ 107.6768, 21.4082 ], [ 107.6747, 21.4152 ], [ 107.6728, 21.4158 ], [ 107.6594, 21.4025 ], [ 107.6602, 21.3956 ], [ 107.6715, 21.3911 ], [ 107.672, 21.3878 ], [ 107.6705, 21.3847 ], [ 107.6667, 21.3831 ], [ 107.6466, 21.3811 ], [ 107.6368, 21.3825 ], [ 107.6328, 21.377 ], [ 107.6321, 21.3731 ], [ 107.6349, 21.3723 ], [ 107.639, 21.3617 ], [ 107.6304, 21.3583 ], [ 107.6298, 21.3553 ], [ 107.6322, 21.353 ], [ 107.6324, 21.3487 ], [ 107.6275, 21.3454 ], [ 107.6263, 21.3373 ], [ 107.623, 21.3356 ], [ 107.6098, 21.3401 ], [ 107.6136, 21.3302 ], [ 107.6134, 21.325 ], [ 107.6074, 21.3243 ], [ 107.6058, 21.3204 ], [ 107.5975, 21.317 ], [ 107.5979, 21.3107 ], [ 107.596, 21.3073 ], [ 107.6035, 21.3024 ], [ 107.6019, 21.2963 ], [ 107.5955, 21.2988 ], [ 107.5927, 21.3036 ], [ 107.578, 21.3043 ], [ 107.5677, 21.3086 ], [ 107.5692, 21.3139 ], [ 107.5718, 21.3151 ], [ 107.5679, 21.3194 ], [ 107.5586, 21.3227 ], [ 107.5476, 21.3226 ], [ 107.5392, 21.3305 ], [ 107.535, 21.332 ], [ 107.534, 21.3395 ], [ 107.5242, 21.3415 ], [ 107.5229, 21.3398 ], [ 107.5251, 21.3302 ], [ 107.5224, 21.3231 ], [ 107.514, 21.3201 ], [ 107.5114, 21.3175 ], [ 107.5125, 21.315 ], [ 107.5099, 21.3119 ], [ 107.5028, 21.3102 ], [ 107.5034, 21.3069 ], [ 107.5104, 21.302 ], [ 107.51, 21.2996 ], [ 107.4869, 21.3044 ], [ 107.4788, 21.3117 ], [ 107.4744, 21.3086 ], [ 107.4691, 21.3082 ], [ 107.4653, 21.316 ], [ 107.4542, 21.3156 ], [ 107.4467, 21.3248 ], [ 107.4448, 21.3248 ], [ 107.4442, 21.3235 ], [ 107.4484, 21.3161 ], [ 107.4479, 21.3094 ], [ 107.433, 21.308 ], [ 107.4276, 21.3051 ], [ 107.45, 21.2908 ], [ 107.4515, 21.2857 ], [ 107.445, 21.2833 ], [ 107.4219, 21.2883 ], [ 107.4187, 21.2904 ], [ 107.4166, 21.2974 ], [ 107.4127, 21.2991 ], [ 107.411, 21.2966 ], [ 107.4205, 21.2759 ], [ 107.4194, 21.2696 ], [ 107.4169, 21.2712 ], [ 107.4107, 21.2819 ], [ 107.4064, 21.2851 ], [ 107.4013, 21.3021 ], [ 107.3927, 21.3099 ], [ 107.3886, 21.3084 ], [ 107.3817, 21.3149 ], [ 107.3748, 21.3179 ], [ 107.3713, 21.3074 ], [ 107.3614, 21.3111 ], [ 107.3675, 21.3007 ], [ 107.3697, 21.2882 ], [ 107.3667, 21.2838 ], [ 107.3644, 21.2838 ], [ 107.3607, 21.2875 ], [ 107.3588, 21.2866 ], [ 107.3622, 21.277 ], [ 107.3683, 21.2676 ], [ 107.3642, 21.2648 ], [ 107.3626, 21.2609 ], [ 107.3669, 21.2273 ], [ 107.3634, 21.2121 ], [ 107.3643, 21.2051 ], [ 107.359, 21.2028 ], [ 107.3568, 21.1991 ], [ 107.3628, 21.1949 ], [ 107.3611, 21.1899 ], [ 107.3609, 21.1627 ], [ 107.3567, 21.1592 ], [ 107.3556, 21.1546 ], [ 107.3697, 21.1571 ], [ 107.3704, 21.1588 ], [ 107.3682, 21.1645 ], [ 107.373, 21.1689 ], [ 107.3788, 21.1692 ], [ 107.3787, 21.1662 ], [ 107.3756, 21.1634 ], [ 107.3767, 21.1603 ], [ 107.3818, 21.1591 ], [ 107.3886, 21.135 ], [ 107.3889, 21.1294 ], [ 107.3874, 21.1272 ], [ 107.3838, 21.1261 ], [ 107.3826, 21.1236 ], [ 107.3804, 21.118 ], [ 107.3801, 21.1082 ], [ 107.372, 21.0989 ], [ 107.3672, 21.1014 ], [ 107.3653, 21.1005 ], [ 107.3665, 21.0961 ], [ 107.3748, 21.0881 ], [ 107.3748, 21.0863 ], [ 107.37, 21.0845 ], [ 107.3581, 21.0845 ], [ 107.3492, 21.0807 ], [ 107.3491, 21.0786 ], [ 107.353, 21.0733 ], [ 107.3624, 21.0704 ], [ 107.3647, 21.0664 ], [ 107.364, 21.0468 ], [ 107.3615, 21.0412 ], [ 107.3625, 21.0377 ], [ 107.3691, 21.0312 ], [ 107.3707, 21.0262 ], [ 107.3621, 21.0103 ], [ 107.3549, 21.0027 ], [ 107.3521, 21.0027 ], [ 107.3491, 21.0054 ], [ 107.3399, 21.0019 ], [ 107.3378, 20.997 ], [ 107.3355, 20.9957 ], [ 107.3256, 20.9941 ], [ 107.313, 21.0003 ], [ 107.3044, 21.0005 ], [ 107.3005, 20.9925 ], [ 107.2937, 20.9927 ], [ 107.292, 21.0014 ], [ 107.2734, 20.9989 ], [ 107.2718, 21.002 ], [ 107.2639, 21.0019 ], [ 107.2637, 20.998 ], [ 107.258, 20.9958 ], [ 107.2572, 20.9987 ], [ 107.251, 20.9988 ], [ 107.2499, 21.0019 ], [ 107.2477, 21.0023 ], [ 107.2438, 20.9968 ], [ 107.237, 20.9979 ], [ 107.2343, 20.9949 ], [ 107.2256, 20.9915 ], [ 107.2233, 20.9915 ], [ 107.2217, 20.9939 ], [ 107.2187, 20.9936 ], [ 107.2138, 20.9909 ], [ 107.2142, 20.9878 ], [ 107.2294, 20.9865 ], [ 107.2245, 20.9784 ], [ 107.2113, 20.9687 ], [ 107.198, 20.9634 ], [ 107.1861, 20.9499 ], [ 107.1739, 20.9505 ], [ 107.1798, 20.9428 ], [ 107.1845, 20.9452 ], [ 107.1891, 20.9424 ], [ 107.1903, 20.9392 ], [ 107.1886, 20.9363 ], [ 107.1819, 20.9391 ], [ 107.1769, 20.9357 ], [ 107.1744, 20.9358 ], [ 107.1722, 20.9404 ], [ 107.1698, 20.941 ], [ 107.1676, 20.9389 ], [ 107.167, 20.9339 ], [ 107.1641, 20.9328 ], [ 107.1608, 20.9288 ], [ 107.1533, 20.9253 ], [ 107.1522, 20.926 ], [ 107.1531, 20.9326 ], [ 107.1612, 20.9373 ], [ 107.1636, 20.9418 ], [ 107.1629, 20.945 ], [ 107.1549, 20.9395 ], [ 107.1496, 20.9395 ], [ 107.1455, 20.9323 ], [ 107.1424, 20.9353 ], [ 107.1433, 20.9413 ], [ 107.14, 20.9436 ], [ 107.1357, 20.9391 ], [ 107.1192, 20.9381 ], [ 107.1075, 20.9407 ], [ 107.0989, 20.9488 ], [ 107.0922, 20.9522 ], [ 107.0833, 20.9511 ], [ 107.0804, 20.95 ], [ 107.0778, 20.9463 ], [ 107.0736, 20.9466 ], [ 107.0661, 20.9552 ], [ 107.0659, 20.9609 ], [ 107.062, 20.9626 ], [ 107.0559, 20.9579 ], [ 107.0456, 20.9534 ], [ 107.0276, 20.9477 ], [ 107.0026, 20.9547 ], [ 106.99, 20.9538 ], [ 106.9835, 20.9575 ], [ 106.9771, 20.9519 ], [ 106.9691, 20.9526 ], [ 106.9629, 20.9564 ], [ 106.949, 20.9581 ], [ 106.9459, 20.958 ], [ 106.9404, 20.9525 ], [ 106.9348, 20.9519 ], [ 106.9228, 20.9601 ], [ 106.9167, 20.9575 ], [ 106.9166, 20.9553 ], [ 106.9142, 20.9539 ], [ 106.9039, 20.9558 ], [ 106.9029, 20.954 ], [ 106.9126, 20.9485 ], [ 106.9227, 20.938 ], [ 106.9267, 20.9316 ], [ 106.9264, 20.913 ], [ 106.9232, 20.9113 ], [ 106.9081, 20.9108 ], [ 106.8989, 20.9063 ], [ 106.8969, 20.9076 ], [ 106.8978, 20.9171 ], [ 106.892, 20.9188 ], [ 106.8873, 20.923 ], [ 106.8857, 20.9275 ], [ 106.8873, 20.9316 ], [ 106.881, 20.934 ], [ 106.8812, 20.9325 ], [ 106.8776, 20.9288 ], [ 106.8738, 20.9286 ], [ 106.8719, 20.9264 ], [ 106.8713, 20.9086 ], [ 106.8699, 20.9074 ], [ 106.8571, 20.9019 ], [ 106.8527, 20.9022 ], [ 106.8453, 20.907 ], [ 106.8401, 20.904 ], [ 106.8411, 20.899 ], [ 106.8398, 20.8906 ], [ 106.8428, 20.8821 ], [ 106.8541, 20.865 ], [ 106.8627, 20.8584 ], [ 106.8699, 20.8369 ], [ 106.8656, 20.8357 ], [ 106.8656, 20.8325 ], [ 106.8418, 20.8199 ], [ 106.83, 20.8369 ], [ 106.8307, 20.8502 ], [ 106.8195, 20.854 ], [ 106.8095, 20.8497 ], [ 106.7934, 20.8508 ], [ 106.7845, 20.845 ], [ 106.7809, 20.8453 ], [ 106.7729, 20.8358 ], [ 106.7864, 20.8226 ], [ 106.7969, 20.8202 ], [ 106.8075, 20.8207 ], [ 106.8073, 20.8184 ], [ 106.8008, 20.8114 ], [ 106.7958, 20.8096 ], [ 106.7859, 20.8098 ], [ 106.7792, 20.8109 ], [ 106.774, 20.8138 ], [ 106.7693, 20.8087 ], [ 106.7634, 20.8132 ], [ 106.7611, 20.8118 ], [ 106.7523, 20.8251 ], [ 106.7516, 20.8523 ], [ 106.7328, 20.8601 ], [ 106.7214, 20.8683 ], [ 106.7317, 20.8703 ], [ 106.7423, 20.8806 ], [ 106.7521, 20.8816 ], [ 106.7524, 20.8847 ], [ 106.7681, 20.9153 ], [ 106.7679, 20.9548 ], [ 106.766, 20.9759 ], [ 106.7619, 20.9835 ], [ 106.7501, 20.9955 ], [ 106.7403, 21.0002 ], [ 106.7197, 20.9984 ], [ 106.6916, 21.005 ], [ 106.6499, 21.0205 ], [ 106.6446, 21.0199 ], [ 106.6372, 21.0137 ], [ 106.6237, 21.0129 ], [ 106.6096, 21.0224 ], [ 106.6015, 21.0368 ], [ 106.5751, 21.0578 ], [ 106.56, 21.0577 ], [ 106.552, 21.0537 ], [ 106.5414, 21.0551 ], [ 106.5356, 21.0535 ], [ 106.5321, 21.0489 ], [ 106.5224, 21.0512 ], [ 106.5146, 21.0472 ], [ 106.5131, 21.0478 ], [ 106.5135, 21.0501 ], [ 106.5174, 21.0546 ], [ 106.5152, 21.061 ], [ 106.4976, 21.0571 ], [ 106.4944, 21.0628 ], [ 106.4891, 21.0668 ], [ 106.4758, 21.0703 ], [ 106.4534, 21.0661 ], [ 106.4529, 21.0701 ], [ 106.4389, 21.0794 ], [ 106.4433, 21.0902 ], [ 106.4489, 21.0955 ], [ 106.4379, 21.1063 ], [ 106.4377, 21.109 ], [ 106.4407, 21.113 ], [ 106.4393, 21.1176 ], [ 106.445, 21.1192 ], [ 106.46, 21.1166 ], [ 106.4696, 21.1195 ], [ 106.4719, 21.1237 ], [ 106.4836, 21.1307 ], [ 106.4808, 21.1355 ], [ 106.4823, 21.1448 ], [ 106.4782, 21.1477 ], [ 106.4811, 21.1599 ], [ 106.4871, 21.167 ], [ 106.486, 21.1768 ], [ 106.4882, 21.182 ], [ 106.4943, 21.1862 ], [ 106.4927, 21.2001 ], [ 106.4976, 21.2015 ], [ 106.4991, 21.2035 ], [ 106.4995, 21.2255 ], [ 106.5063, 21.2229 ], [ 106.5152, 21.2261 ], [ 106.5209, 21.2263 ], [ 106.5266, 21.2234 ], [ 106.5315, 21.2162 ], [ 106.5402, 21.1942 ], [ 106.5423, 21.1923 ], [ 106.5568, 21.1947 ], [ 106.5652, 21.1895 ], [ 106.579, 21.1932 ], [ 106.5846, 21.1906 ], [ 106.5881, 21.1866 ], [ 106.5871, 21.1798 ], [ 106.6047, 21.1803 ], [ 106.6078, 21.1719 ], [ 106.63, 21.1729 ], [ 106.6361, 21.1696 ], [ 106.6386, 21.1737 ], [ 106.6371, 21.1802 ], [ 106.6397, 21.1813 ], [ 106.6493, 21.1756 ], [ 106.6661, 21.172 ], [ 106.6771, 21.1715 ], [ 106.68, 21.1684 ], [ 106.6937, 21.1711 ], [ 106.6984, 21.1683 ], [ 106.7045, 21.1693 ], [ 106.7135, 21.1614 ], [ 106.7223, 21.1602 ], [ 106.7319, 21.1617 ], [ 106.7411, 21.1579 ], [ 106.7524, 21.1565 ], [ 106.7631, 21.1574 ], [ 106.7703, 21.1531 ], [ 106.7896, 21.1502 ], [ 106.7958, 21.1514 ], [ 106.802, 21.1554 ], [ 106.817, 21.157 ], [ 106.8313, 21.153 ], [ 106.8316, 21.1546 ], [ 106.8246, 21.1636 ], [ 106.8243, 21.1855 ], [ 106.8264, 21.1885 ], [ 106.8395, 21.1873 ], [ 106.8504, 21.1897 ], [ 106.8547, 21.1892 ], [ 106.8589, 21.1769 ], [ 106.8694, 21.1751 ], [ 106.8736, 21.1765 ], [ 106.8776, 21.1824 ], [ 106.8814, 21.1844 ], [ 106.8917, 21.1804 ], [ 106.9146, 21.1851 ], [ 106.9257, 21.174 ], [ 106.9323, 21.1702 ], [ 106.935, 21.1709 ], [ 106.9411, 21.175 ], [ 106.943, 21.178 ], [ 106.9456, 21.1889 ], [ 106.9542, 21.1922 ], [ 106.955, 21.2081 ], [ 106.9608, 21.2116 ], [ 106.9672, 21.2247 ], [ 106.9726, 21.2256 ], [ 106.9769, 21.2285 ], [ 106.9759, 21.2412 ], [ 106.9835, 21.2607 ], [ 106.981, 21.2678 ], [ 106.9739, 21.2721 ], [ 106.9732, 21.281 ], [ 106.9713, 21.2853 ], [ 106.9851, 21.2944 ], [ 106.9978, 21.2963 ], [ 107.0027, 21.2943 ], [ 107.0217, 21.3028 ], [ 107.0277, 21.3088 ], [ 107.0322, 21.3175 ], [ 107.0296, 21.3253 ], [ 107.0474, 21.3297 ], [ 107.0601, 21.3483 ], [ 107.0759, 21.3472 ], [ 107.0825, 21.3556 ], [ 107.0917, 21.3592 ], [ 107.0962, 21.3753 ], [ 107.1103, 21.3758 ], [ 107.1396, 21.3671 ], [ 107.1446, 21.3662 ], [ 107.1566, 21.3686 ], [ 107.1674, 21.3643 ], [ 107.1873, 21.3777 ], [ 107.2004, 21.3796 ], [ 107.2081, 21.3876 ], [ 107.2123, 21.3888 ], [ 107.2178, 21.3868 ], [ 107.239, 21.3652 ], [ 107.2494, 21.3673 ], [ 107.2527, 21.3696 ], [ 107.2583, 21.3837 ], [ 107.2592, 21.3943 ], [ 107.2629, 21.4003 ], [ 107.2563, 21.4051 ], [ 107.2547, 21.4199 ], [ 107.2517, 21.4239 ], [ 107.2477, 21.4237 ], [ 107.2449, 21.427 ], [ 107.2427, 21.4436 ], [ 107.2365, 21.4607 ], [ 107.2402, 21.4683 ], [ 107.2379, 21.4739 ], [ 107.2432, 21.4789 ], [ 107.2443, 21.484 ], [ 107.2352, 21.4954 ], [ 107.236, 21.5079 ], [ 107.2306, 21.5216 ], [ 107.2217, 21.5232 ], [ 107.2143, 21.5325 ], [ 107.2065, 21.537 ], [ 107.2027, 21.5418 ], [ 107.2117, 21.5511 ], [ 107.2187, 21.5546 ], [ 107.227, 21.5554 ], [ 107.2434, 21.5498 ], [ 107.2447, 21.5503 ], [ 107.2468, 21.5591 ], [ 107.2539, 21.5631 ], [ 107.2626, 21.5653 ], [ 107.2766, 21.5656 ], [ 107.2811, 21.5697 ], [ 107.2823, 21.5778 ], [ 107.2875, 21.5831 ], [ 107.2923, 21.5939 ], [ 107.3007, 21.5967 ], [ 107.3068, 21.5979 ], [ 107.3118, 21.5925 ], [ 107.3207, 21.595 ], [ 107.336, 21.5896 ], [ 107.3471, 21.5969 ], [ 107.362, 21.6004 ], [ 107.3667, 21.6031 ], [ 107.3815, 21.5972 ], [ 107.3918, 21.6091 ], [ 107.3965, 21.6113 ], [ 107.3934, 21.6181 ], [ 107.4055, 21.6234 ], [ 107.4059, 21.6272 ], [ 107.4148, 21.6333 ], [ 107.414, 21.6377 ], [ 107.4154, 21.641 ], [ 107.4285, 21.6506 ], [ 107.4597, 21.6644 ], [ 107.4719, 21.6633 ], [ 107.4781, 21.6601 ], [ 107.4821, 21.655 ], [ 107.4868, 21.6416 ], [ 107.4905, 21.6378 ], [ 107.4953, 21.6357 ], [ 107.4906, 21.6235 ], [ 107.4946, 21.6188 ], [ 107.4953, 21.6144 ], [ 107.4919, 21.6107 ], [ 107.4907, 21.6064 ] ] ] ] } },
{ "type": "Feature", "properties": { "name": "Quang Tri", "epsg": 9212, "epsg_2025": 9211 }, "geometry": { "type": "MultiPolygon", "coordinates": [ [ [ [ 107.0745, 17.1085 ], [ 107.099, 17.0963 ], [ 107.1121, 17.0866 ], [ 107.1131, 17.0803 ], [ 107.1093, 17.0718 ], [ 107.1129, 17.047 ], [ 107.1075, 17.039 ], [ 107.1101, 17.021 ], [ 107.1058, 17.0123 ], [ 107.1105, 17.013 ], [ 107.1169, 16.9998 ], [ 107.1319, 16.9758 ], [ 107.1658, 16.9334 ], [ 107.1886, 16.9104 ], [ 107.1879, 16.9053 ], [ 107.1973, 16.9035 ], [ 107.2114, 16.8871 ], [ 107.2445, 16.8559 ], [ 107.3404, 16.7747 ], [ 107.3862, 16.7437 ], [ 107.3684, 16.7351 ], [ 107.3542, 16.7107 ], [ 107.3528, 16.7118 ], [ 107.3502, 16.7088 ], [ 107.3559, 16.7038 ], [ 107.3554, 16.7005 ], [ 107.3456, 16.695 ], [ 107.3345, 16.6843 ], [ 107.3296, 16.6761 ], [ 107.3287, 16.6675 ], [ 107.3204, 16.6662 ], [ 107.3172, 16.663 ], [ 107.3177, 16.6602 ], [ 107.3208, 16.6573 ], [ 107.3205, 16.6543 ], [ 107.3148, 16.6517 ], [ 107.3045, 16.6417 ], [ 107.3084, 16.6373 ], [ 107.3105, 16.6384 ], [ 107.3121, 16.6431 ], [ 107.3151, 16.6416 ], [ 107.3155, 16.6389 ], [ 107.3115, 16.633 ], [ 107.3101, 16.6259 ], [ 107.3207, 16.6193 ], [ 107.3265, 16.6096 ], [ 107.324, 16.6041 ], [ 107.3079, 16.5912 ], [ 107.2847, 16.5765 ], [ 107.2753, 16.5734 ], [ 107.2686, 16.5675 ], [ 107.25, 16.5781 ], [ 107.2468, 16.5826 ], [ 107.246, 16.5872 ], [ 107.2445, 16.5878 ], [ 107.2253, 16.5804 ], [ 107.2052, 16.58 ], [ 107.1997, 16.5835 ], [ 107.1904, 16.581 ], [ 107.1709, 16.5798 ], [ 107.1559, 16.5749 ], [ 107.1517, 16.5759 ], [ 107.1399, 16.5728 ], [ 107.126, 16.5662 ], [ 107.1214, 16.561 ], [ 107.1205, 16.5544 ], [ 107.1187, 16.553 ], [ 107.1102, 16.5521 ], [ 107.0993, 16.5533 ], [ 107.0901, 16.5511 ], [ 107.0853, 16.547 ], [ 107.0761, 16.5472 ], [ 107.0707, 16.5447 ], [ 107.0589, 16.5461 ], [ 107.0597, 16.537 ], [ 107.0548, 16.5257 ], [ 107.0581, 16.5185 ], [ 107.0683, 16.5108 ], [ 107.0782, 16.5088 ], [ 107.0824, 16.5041 ], [ 107.0934, 16.5052 ], [ 107.0974, 16.492 ], [ 107.1024, 16.4963 ], [ 107.119, 16.4872 ], [ 107.1296, 16.4723 ], [ 107.1342, 16.458 ], [ 107.1338, 16.4546 ], [ 107.1261, 16.4455 ], [ 107.0971, 16.4404 ], [ 107.0763, 16.4386 ], [ 107.0552, 16.4306 ], [ 107.046, 16.4196 ], [ 107.0415, 16.4078 ], [ 107.0389, 16.4051 ], [ 107.0396, 16.3949 ], [ 107.0341, 16.3868 ], [ 107.0342, 16.376 ], [ 107.0176, 16.366 ], [ 107.0134, 16.3603 ], [ 107.0077, 16.3637 ], [ 106.998, 16.3586 ], [ 106.991, 16.3577 ], [ 106.9862, 16.3476 ], [ 106.9866, 16.341 ], [ 107.0058, 16.3247 ], [ 107.0121, 16.3172 ], [ 107.0161, 16.31 ], [ 107.017, 16.3037 ], [ 107.0133, 16.3045 ], [ 107.0137, 16.3084 ], [ 107.0116, 16.3108 ], [ 107.0036, 16.3142 ], [ 106.9935, 16.3091 ], [ 106.9654, 16.3032 ], [ 106.962, 16.3104 ], [ 106.9655, 16.3486 ], [ 106.9623, 16.3577 ], [ 106.9602, 16.3592 ], [ 106.955, 16.3584 ], [ 106.9457, 16.3613 ], [ 106.9234, 16.3703 ], [ 106.9154, 16.3757 ], [ 106.9108, 16.3821 ], [ 106.8962, 16.3928 ], [ 106.8952, 16.4027 ], [ 106.8902, 16.4099 ], [ 106.8977, 16.423 ], [ 106.8979, 16.4272 ], [ 106.8899, 16.4271 ], [ 106.8842, 16.4224 ], [ 106.8725, 16.4269 ], [ 106.87, 16.4301 ], [ 106.8699, 16.4362 ], [ 106.875, 16.4408 ], [ 106.8782, 16.4465 ], [ 106.8865, 16.4514 ], [ 106.8844, 16.4562 ], [ 106.8855, 16.4622 ], [ 106.882, 16.4676 ], [ 106.876, 16.4705 ], [ 106.8749, 16.4746 ], [ 106.877, 16.485 ], [ 106.8848, 16.4924 ], [ 106.8872, 16.5156 ], [ 106.8847, 16.5217 ], [ 106.8775, 16.5253 ], [ 106.8728, 16.5333 ], [ 106.8653, 16.5356 ], [ 106.8424, 16.5482 ], [ 106.8292, 16.5501 ], [ 106.8273, 16.5398 ], [ 106.8226, 16.5318 ], [ 106.8224, 16.5276 ], [ 106.8261, 16.5234 ], [ 106.8255, 16.5188 ], [ 106.8218, 16.5142 ], [ 106.8128, 16.4897 ], [ 106.8048, 16.4774 ], [ 106.8006, 16.4651 ], [ 106.7908, 16.4761 ], [ 106.7795, 16.4715 ], [ 106.7712, 16.4703 ], [ 106.7688, 16.4674 ], [ 106.7734, 16.4598 ], [ 106.7712, 16.4545 ], [ 106.772, 16.441 ], [ 106.7699, 16.4342 ], [ 106.7646, 16.4284 ], [ 106.76, 16.4261 ], [ 106.7444, 16.4243 ], [ 106.7435, 16.4162 ], [ 106.739, 16.4113 ], [ 106.7363, 16.4128 ], [ 106.7332, 16.4253 ], [ 106.7344, 16.4385 ], [ 106.7322, 16.4406 ], [ 106.7227, 16.4368 ], [ 106.7286, 16.4292 ], [ 106.7265, 16.4266 ], [ 106.7234, 16.4266 ], [ 106.7149, 16.4334 ], [ 106.7037, 16.4358 ], [ 106.6945, 16.44 ], [ 106.6855, 16.4402 ], [ 106.6842, 16.442 ], [ 106.6849, 16.4451 ], [ 106.6911, 16.4502 ], [ 106.6831, 16.458 ], [ 106.6812, 16.4579 ], [ 106.6768, 16.4532 ], [ 106.6735, 16.454 ], [ 106.672, 16.4617 ], [ 106.6723, 16.476 ], [ 106.6682, 16.4775 ], [ 106.6607, 16.4732 ], [ 106.6584, 16.4755 ], [ 106.6613, 16.4879 ], [ 106.658, 16.4942 ], [ 106.6625, 16.5013 ], [ 106.6627, 16.5055 ], [ 106.6532, 16.5106 ], [ 106.6506, 16.5192 ], [ 106.6464, 16.5236 ], [ 106.6455, 16.5283 ], [ 106.6463, 16.5424 ], [ 106.66, 16.5566 ], [ 106.6687, 16.56 ], [ 106.6704, 16.5622 ], [ 106.6698, 16.5649 ], [ 106.6608, 16.574 ], [ 106.6612, 16.5785 ], [ 106.6648, 16.5843 ], [ 106.6624, 16.5857 ], [ 106.6535, 16.5831 ], [ 106.6514, 16.5844 ], [ 106.6472, 16.5937 ], [ 106.6427, 16.5951 ], [ 106.6302, 16.5913 ], [ 106.6291, 16.5836 ], [ 106.6264, 16.5828 ], [ 106.6238, 16.5852 ], [ 106.6223, 16.5912 ], [ 106.6237, 16.6025 ], [ 106.6146, 16.6068 ], [ 106.5972, 16.6072 ], [ 106.5881, 16.6023 ], [ 106.5841, 16.6019 ], [ 106.5813, 16.6049 ], [ 106.5804, 16.6113 ], [ 106.5829, 16.6147 ], [ 106.5891, 16.6181 ], [ 106.588, 16.6255 ], [ 106.5673, 16.6399 ], [ 106.5627, 16.6452 ], [ 106.5654, 16.6533 ], [ 106.5628, 16.6664 ], [ 106.5565, 16.6753 ], [ 106.5497, 16.6962 ], [ 106.5504, 16.7534 ], [ 106.5479, 16.8691 ], [ 106.5368, 16.8723 ], [ 106.5272, 16.8871 ], [ 106.5166, 16.8911 ], [ 106.5136, 16.898 ], [ 106.5178, 16.9042 ], [ 106.5145, 16.9135 ], [ 106.5175, 16.9239 ], [ 106.5226, 16.9267 ], [ 106.5249, 16.9276 ], [ 106.5336, 16.9256 ], [ 106.5458, 16.9269 ], [ 106.5476, 16.999 ], [ 106.5504, 16.9953 ], [ 106.5577, 16.9935 ], [ 106.5618, 16.9886 ], [ 106.5825, 16.9907 ], [ 106.5914, 16.9873 ], [ 106.5921, 16.9827 ], [ 106.5852, 16.9784 ], [ 106.5845, 16.9738 ], [ 106.591, 16.9652 ], [ 106.5914, 16.9599 ], [ 106.5982, 16.9567 ], [ 106.5981, 16.9481 ], [ 106.6056, 16.9403 ], [ 106.6233, 16.9393 ], [ 106.6289, 16.9424 ], [ 106.6486, 16.9375 ], [ 106.6582, 16.9375 ], [ 106.6653, 16.9482 ], [ 106.6787, 16.953 ], [ 106.6846, 16.9577 ], [ 106.6913, 16.9563 ], [ 106.694, 16.9498 ], [ 106.7003, 16.942 ], [ 106.713, 16.9432 ], [ 106.7198, 16.9363 ], [ 106.7211, 16.9317 ], [ 106.7321, 16.9288 ], [ 106.7415, 16.923 ], [ 106.748, 16.9267 ], [ 106.7633, 16.9282 ], [ 106.7703, 16.9316 ], [ 106.7679, 16.9408 ], [ 106.7742, 16.9467 ], [ 106.7703, 16.962 ], [ 106.7789, 16.9684 ], [ 106.7776, 16.9774 ], [ 106.7823, 16.9873 ], [ 106.7913, 16.9874 ], [ 106.7952, 16.9907 ], [ 106.8029, 16.9937 ], [ 106.8071, 17.0036 ], [ 106.8013, 17.0206 ], [ 106.8089, 17.028 ], [ 106.8087, 17.0355 ], [ 106.8172, 17.0418 ], [ 106.8319, 17.0355 ], [ 106.841, 17.0362 ], [ 106.8465, 17.0331 ], [ 106.8559, 17.036 ], [ 106.8733, 17.0556 ], [ 106.8697, 17.0609 ], [ 106.8555, 17.0714 ], [ 106.8558, 17.0745 ], [ 106.8594, 17.0781 ], [ 106.8652, 17.0803 ], [ 106.8855, 17.0825 ], [ 106.8937, 17.0917 ], [ 106.9121, 17.1027 ], [ 106.9228, 17.1081 ], [ 106.9255, 17.1075 ], [ 106.9344, 17.1109 ], [ 106.9896, 17.1651 ], [ 107.0233, 17.1405 ], [ 107.0745, 17.1085 ] ] ], [ [ [ 107.3435, 17.1519 ], [ 107.3406, 17.1503 ], [ 107.3366, 17.151 ], [ 107.331, 17.1556 ], [ 107.3295, 17.1612 ], [ 107.3319, 17.1668 ], [ 107.3393, 17.1679 ], [ 107.3453, 17.1623 ], [ 107.3464, 17.1573 ], [ 107.3435, 17.1519 ] ] ] ] } },
{ "type": "Feature", "properties": { "name": "Soc Trang", "epsg": 9209, "epsg_2025": 5897 }, "geometry": { "type": "Polygon", "coordinates": [ [ [ 105.979, 9.8845 ], [ 105.9917, 9.8686 ], [ 105.9974, 9.8568 ], [ 106.012, 9.8381 ], [ 106.0504, 9.802 ], [ 106.0685, 9.7783 ], [ 106.0759, 9.7727 ], [ 106.0918, 9.7656 ], [ 106.1114, 9.7506 ], [ 106.1306, 9.7278 ], [ 106.1512, 9.708 ], [ 106.1728, 9.684 ], [ 106.2106, 9.6487 ], [ 106.245, 9.6194 ], [ 106.3019, 9.5842 ], [ 106.2905, 9.575 ], [ 106.2888, 9.5674 ], [ 106.277, 9.5408 ], [ 106.2645, 9.5211 ], [ 106.2572, 9.5138 ], [ 106.2396, 9.5031 ], [ 106.2356, 9.5038 ], [ 106.2041, 9.4955 ], [ 106.2038, 9.4885 ], [ 106.1979, 9.4661 ], [ 106.1772, 9.4391 ], [ 106.1704, 9.426 ], [ 106.1592, 9.4205 ], [ 106.1562, 9.411 ], [ 106.1609, 9.4164 ], [ 106.1686, 9.4133 ], [ 106.1792, 9.4128 ], [ 106.1823, 9.412 ], [ 106.1875, 9.404 ], [ 106.1849, 9.3872 ], [ 106.1863, 9.3787 ], [ 106.1797, 9.3695 ], [ 106.1633, 9.3556 ], [ 106.142, 9.3448 ], [ 106.1352, 9.3443 ], [ 106.127, 9.3385 ], [ 106.1077, 9.3396 ], [ 106.1057, 9.3425 ], [ 106.0993, 9.3414 ], [ 105.8909, 9.272 ], [ 105.8256, 9.2458 ], [ 105.8177, 9.2736 ], [ 105.8241, 9.2782 ], [ 105.8107, 9.3404 ], [ 105.8278, 9.3494 ], [ 105.8485, 9.3567 ], [ 105.8534, 9.361 ], [ 105.8572, 9.3607 ], [ 105.8584, 9.369 ], [ 105.8511, 9.3798 ], [ 105.8552, 9.3844 ], [ 105.8469, 9.3905 ], [ 105.8466, 9.3957 ], [ 105.843, 9.4013 ], [ 105.8393, 9.4046 ], [ 105.8361, 9.4035 ], [ 105.8292, 9.3918 ], [ 105.8215, 9.395 ], [ 105.8193, 9.3944 ], [ 105.8198, 9.3875 ], [ 105.8162, 9.3725 ], [ 105.8109, 9.3711 ], [ 105.7907, 9.3791 ], [ 105.7867, 9.3842 ], [ 105.7835, 9.384 ], [ 105.7753, 9.3948 ], [ 105.7827, 9.4015 ], [ 105.7791, 9.4039 ], [ 105.7766, 9.4035 ], [ 105.7701, 9.4123 ], [ 105.7642, 9.4108 ], [ 105.7577, 9.4115 ], [ 105.7452, 9.4075 ], [ 105.7403, 9.4009 ], [ 105.7357, 9.4021 ], [ 105.7354, 9.396 ], [ 105.7258, 9.396 ], [ 105.7246, 9.3939 ], [ 105.7207, 9.3937 ], [ 105.7175, 9.3912 ], [ 105.7136, 9.3928 ], [ 105.7085, 9.3988 ], [ 105.7048, 9.3979 ], [ 105.7057, 9.3937 ], [ 105.7039, 9.38 ], [ 105.7009, 9.3786 ], [ 105.6918, 9.381 ], [ 105.6862, 9.38 ], [ 105.6818, 9.3856 ], [ 105.6753, 9.3857 ], [ 105.6708, 9.3913 ], [ 105.6644, 9.3906 ], [ 105.6546, 9.3864 ], [ 105.6485, 9.3888 ], [ 105.6481, 9.3937 ], [ 105.6454, 9.3965 ], [ 105.6405, 9.3951 ], [ 105.6353, 9.3978 ], [ 105.6396, 9.4051 ], [ 105.6368, 9.4102 ], [ 105.6184, 9.4158 ], [ 105.6153, 9.412 ], [ 105.6151, 9.4086 ], [ 105.6131, 9.4079 ], [ 105.6037, 9.4152 ], [ 105.6005, 9.4188 ], [ 105.6013, 9.4213 ], [ 105.5975, 9.4249 ], [ 105.5947, 9.4212 ], [ 105.5864, 9.4262 ], [ 105.5787, 9.4124 ], [ 105.5431, 9.4521 ], [ 105.5424, 9.4745 ], [ 105.545, 9.4859 ], [ 105.5538, 9.5614 ], [ 105.5527, 9.5707 ], [ 105.5446, 9.5872 ], [ 105.5521, 9.596 ], [ 105.5557, 9.5978 ], [ 105.5565, 9.6049 ], [ 105.5589, 9.6067 ], [ 105.5636, 9.6076 ], [ 105.5681, 9.6039 ], [ 105.5716, 9.6071 ], [ 105.5743, 9.6161 ], [ 105.5826, 9.6129 ], [ 105.5934, 9.6039 ], [ 105.5962, 9.6107 ], [ 105.6049, 9.6208 ], [ 105.6283, 9.6217 ], [ 105.6452, 9.6262 ], [ 105.6476, 9.6353 ], [ 105.6644, 9.6425 ], [ 105.6677, 9.634 ], [ 105.6928, 9.6585 ], [ 105.7004, 9.664 ], [ 105.7759, 9.7115 ], [ 105.778, 9.7108 ], [ 105.8412, 9.7498 ], [ 105.8428, 9.7649 ], [ 105.8464, 9.7746 ], [ 105.853, 9.8065 ], [ 105.847, 9.808 ], [ 105.8552, 9.8441 ], [ 105.8592, 9.8546 ], [ 105.8615, 9.8538 ], [ 105.8674, 9.8812 ], [ 105.8664, 9.8853 ], [ 105.8698, 9.8908 ], [ 105.867, 9.8924 ], [ 105.872, 9.9013 ], [ 105.8733, 9.917 ], [ 105.8845, 9.9289 ], [ 105.8896, 9.9303 ], [ 105.8954, 9.9391 ], [ 105.9046, 9.9327 ], [ 105.9147, 9.933 ], [ 105.9193, 9.9313 ], [ 105.9471, 9.91 ], [ 105.9592, 9.9025 ], [ 105.9714, 9.8882 ], [ 105.979, 9.8845 ] ] ] } },
{ "type": "Feature", "properties": { "name": "Son La", "epsg": 9206, "epsg_2025": 9206 }, "geometry": { "type": "Polygon", "coordinates": [ [ [ 103.9201, 21.7017 ], [ 103.9357, 21.692 ], [ 103.9342, 21.6733 ], [ 103.9356, 21.6706 ], [ 103.9626, 21.6705 ], [ 103.9644, 21.6698 ], [ 103.9662, 21.6654 ], [ 103.9679, 21.6654 ], [ 103.9809, 21.6791 ], [ 103.9858, 21.6753 ], [ 103.9936, 21.6767 ], [ 104.0026, 21.6733 ], [ 104.0042, 21.6714 ], [ 104.0038, 21.667 ], [ 104.0219, 21.6698 ], [ 104.0246, 21.6728 ], [ 104.0314, 21.6707 ], [ 104.0355, 21.6662 ], [ 104.0419, 21.6637 ], [ 104.048, 21.6583 ], [ 104.0774, 21.6507 ], [ 104.0855, 21.6445 ], [ 104.0912, 21.643 ], [ 104.0999, 21.6484 ], [ 104.103, 21.6464 ], [ 104.107, 21.6464 ], [ 104.1136, 21.6477 ], [ 104.1208, 21.6526 ], [ 104.1549, 21.6565 ], [ 104.1597, 21.6559 ], [ 104.1713, 21.6498 ], [ 104.1921, 21.6483 ], [ 104.2086, 21.6649 ], [ 104.211, 21.6706 ], [ 104.2152, 21.6734 ], [ 104.2369, 21.6707 ], [ 104.2515, 21.6722 ], [ 104.2538, 21.6706 ], [ 104.254, 21.6669 ], [ 104.2565, 21.6642 ], [ 104.2698, 21.6658 ], [ 104.2865, 21.662 ], [ 104.2962, 21.6533 ], [ 104.3137, 21.6577 ], [ 104.3197, 21.655 ], [ 104.3366, 21.6546 ], [ 104.3384, 21.6478 ], [ 104.3376, 21.6422 ], [ 104.3293, 21.638 ], [ 104.3249, 21.6303 ], [ 104.3207, 21.6283 ], [ 104.3166, 21.6203 ], [ 104.3078, 21.6143 ], [ 104.3041, 21.6096 ], [ 104.2857, 21.6007 ], [ 104.2913, 21.5903 ], [ 104.2955, 21.573 ], [ 104.2861, 21.5685 ], [ 104.2805, 21.5603 ], [ 104.2802, 21.5575 ], [ 104.2753, 21.552 ], [ 104.2811, 21.5379 ], [ 104.2875, 21.5322 ], [ 104.2918, 21.5253 ], [ 104.291, 21.5189 ], [ 104.293, 21.5124 ], [ 104.2908, 21.5034 ], [ 104.283, 21.494 ], [ 104.2825, 21.4911 ], [ 104.2841, 21.4882 ], [ 104.2812, 21.4855 ], [ 104.2807, 21.4714 ], [ 104.2868, 21.4635 ], [ 104.2918, 21.4599 ], [ 104.3001, 21.4572 ], [ 104.3011, 21.4545 ], [ 104.2967, 21.4396 ], [ 104.3009, 21.4381 ], [ 104.3017, 21.4346 ], [ 104.3179, 21.4286 ], [ 104.3216, 21.4188 ], [ 104.3285, 21.4105 ], [ 104.3376, 21.4092 ], [ 104.3422, 21.4131 ], [ 104.3408, 21.4186 ], [ 104.3452, 21.4205 ], [ 104.3527, 21.4148 ], [ 104.3611, 21.403 ], [ 104.368, 21.3993 ], [ 104.3814, 21.4036 ], [ 104.3917, 21.3999 ], [ 104.3968, 21.3918 ], [ 104.4109, 21.3866 ], [ 104.4192, 21.375 ], [ 104.4181, 21.3618 ], [ 104.4267, 21.3557 ], [ 104.4332, 21.3551 ], [ 104.445, 21.3578 ], [ 104.466, 21.3524 ], [ 104.4744, 21.3536 ], [ 104.4813, 21.3604 ], [ 104.4828, 21.3662 ], [ 104.493, 21.3739 ], [ 104.4986, 21.3753 ], [ 104.5031, 21.3784 ], [ 104.5125, 21.39 ], [ 104.513, 21.3963 ], [ 104.5165, 21.3993 ], [ 104.5209, 21.4077 ], [ 104.5281, 21.4145 ], [ 104.5366, 21.415 ], [ 104.5539, 21.4102 ], [ 104.5618, 21.4106 ], [ 104.5691, 21.413 ], [ 104.5772, 21.4093 ], [ 104.5789, 21.4109 ], [ 104.5796, 21.4168 ], [ 104.582, 21.4212 ], [ 104.5873, 21.4238 ], [ 104.6036, 21.417 ], [ 104.6129, 21.4032 ], [ 104.623, 21.3967 ], [ 104.6297, 21.3943 ], [ 104.6369, 21.3882 ], [ 104.6445, 21.3841 ], [ 104.6507, 21.3855 ], [ 104.6579, 21.3815 ], [ 104.6735, 21.3765 ], [ 104.6817, 21.3776 ], [ 104.6853, 21.3818 ], [ 104.6874, 21.3863 ], [ 104.6866, 21.3952 ], [ 104.6881, 21.4011 ], [ 104.6954, 21.4012 ], [ 104.7027, 21.4065 ], [ 104.7087, 21.4011 ], [ 104.7236, 21.4019 ], [ 104.7317, 21.4073 ], [ 104.7338, 21.4025 ], [ 104.7315, 21.3927 ], [ 104.7339, 21.3802 ], [ 104.7429, 21.3689 ], [ 104.7473, 21.3671 ], [ 104.7454, 21.3616 ], [ 104.7482, 21.352 ], [ 104.7553, 21.3532 ], [ 104.7553, 21.35 ], [ 104.7587, 21.3473 ], [ 104.7668, 21.3473 ], [ 104.7676, 21.3309 ], [ 104.7765, 21.3267 ], [ 104.7936, 21.3362 ], [ 104.8023, 21.3313 ], [ 104.8092, 21.3324 ], [ 104.8117, 21.3344 ], [ 104.8153, 21.3247 ], [ 104.8248, 21.3175 ], [ 104.8283, 21.3154 ], [ 104.8401, 21.3129 ], [ 104.8417, 21.3104 ], [ 104.8393, 21.2827 ], [ 104.8414, 21.2732 ], [ 104.8391, 21.2645 ], [ 104.8488, 21.2571 ], [ 104.8485, 21.2494 ], [ 104.8532, 21.2344 ], [ 104.8467, 21.2314 ], [ 104.8427, 21.227 ], [ 104.8571, 21.2185 ], [ 104.8623, 21.2084 ], [ 104.8561, 21.1877 ], [ 104.8496, 21.1815 ], [ 104.8562, 21.1774 ], [ 104.8573, 21.1743 ], [ 104.8506, 21.1543 ], [ 104.8516, 21.1515 ], [ 104.8562, 21.1487 ], [ 104.8679, 21.145 ], [ 104.878, 21.1358 ], [ 104.8949, 21.1303 ], [ 104.8951, 21.1265 ], [ 104.9095, 21.1188 ], [ 104.9115, 21.1147 ], [ 104.9114, 21.1132 ], [ 104.9051, 21.1133 ], [ 104.8773, 21.1012 ], [ 104.8701, 21.0937 ], [ 104.8713, 21.087 ], [ 104.8677, 21.0818 ], [ 104.8665, 21.0763 ], [ 104.8558, 21.0808 ], [ 104.8508, 21.0774 ], [ 104.8521, 21.0712 ], [ 104.8633, 21.0408 ], [ 104.866, 21.0291 ], [ 104.8755, 21.0254 ], [ 104.8885, 21.0102 ], [ 104.8911, 20.9968 ], [ 104.8989, 20.9816 ], [ 104.9192, 20.9666 ], [ 104.9233, 20.9618 ], [ 104.9355, 20.9369 ], [ 104.9393, 20.9324 ], [ 104.9493, 20.9275 ], [ 104.959, 20.916 ], [ 104.9691, 20.9137 ], [ 104.9754, 20.907 ], [ 104.9786, 20.8903 ], [ 104.9876, 20.8809 ], [ 104.9913, 20.8681 ], [ 104.9986, 20.8581 ], [ 104.9957, 20.8472 ], [ 105.0025, 20.8467 ], [ 105.0044, 20.8453 ], [ 105.0019, 20.8382 ], [ 105.002, 20.8338 ], [ 104.9993, 20.8299 ], [ 105.0001, 20.8256 ], [ 104.9959, 20.816 ], [ 105.0013, 20.8147 ], [ 105.0109, 20.8062 ], [ 105.019, 20.8063 ], [ 105.0227, 20.8044 ], [ 105.0221, 20.8012 ], [ 105.0162, 20.7956 ], [ 105.0109, 20.7871 ], [ 105.0048, 20.7901 ], [ 105.0032, 20.7895 ], [ 105.0032, 20.7827 ], [ 104.9988, 20.7698 ], [ 104.9917, 20.7595 ], [ 104.9897, 20.7534 ], [ 104.9903, 20.7521 ], [ 105.0, 20.7503 ], [ 105.0124, 20.7418 ], [ 105.0, 20.7301 ], [ 104.9959, 20.724 ], [ 104.981, 20.7234 ], [ 104.9769, 20.7249 ], [ 104.9614, 20.7367 ], [ 104.9289, 20.7492 ], [ 104.9167, 20.7497 ], [ 104.9053, 20.7526 ], [ 104.8795, 20.768 ], [ 104.8729, 20.7684 ], [ 104.8684, 20.7659 ], [ 104.8569, 20.7551 ], [ 104.8433, 20.7548 ], [ 104.8358, 20.7481 ], [ 104.8351, 20.7357 ], [ 104.843, 20.7322 ], [ 104.8378, 20.7185 ], [ 104.8386, 20.7146 ], [ 104.8467, 20.7038 ], [ 104.8342, 20.7006 ], [ 104.8334, 20.6989 ], [ 104.8386, 20.6894 ], [ 104.8389, 20.6856 ], [ 104.8354, 20.66 ], [ 104.8452, 20.6518 ], [ 104.8392, 20.6503 ], [ 104.8307, 20.645 ], [ 104.8081, 20.6377 ], [ 104.8038, 20.6266 ], [ 104.7967, 20.6196 ], [ 104.7962, 20.6154 ], [ 104.7999, 20.6085 ], [ 104.7975, 20.5988 ], [ 104.8001, 20.5921 ], [ 104.8004, 20.5863 ], [ 104.7945, 20.5838 ], [ 104.7805, 20.5841 ], [ 104.7763, 20.5769 ], [ 104.7737, 20.576 ], [ 104.7676, 20.5779 ], [ 104.765, 20.5853 ], [ 104.7585, 20.5855 ], [ 104.7532, 20.5787 ], [ 104.7386, 20.5747 ], [ 104.7261, 20.5906 ], [ 104.7204, 20.6046 ], [ 104.7123, 20.6062 ], [ 104.7051, 20.604 ], [ 104.6932, 20.6042 ], [ 104.689, 20.5984 ], [ 104.682, 20.5981 ], [ 104.6814, 20.6087 ], [ 104.6828, 20.6167 ], [ 104.6689, 20.6247 ], [ 104.6597, 20.625 ], [ 104.6531, 20.6372 ], [ 104.6357, 20.6542 ], [ 104.6378, 20.6651 ], [ 104.6349, 20.6724 ], [ 104.6271, 20.6746 ], [ 104.601, 20.6736 ], [ 104.5952, 20.6764 ], [ 104.5902, 20.6762 ], [ 104.5834, 20.6831 ], [ 104.5826, 20.6999 ], [ 104.5763, 20.7072 ], [ 104.5673, 20.7133 ], [ 104.5645, 20.7174 ], [ 104.5502, 20.7217 ], [ 104.5336, 20.7186 ], [ 104.5268, 20.7126 ], [ 104.5256, 20.7059 ], [ 104.522, 20.7022 ], [ 104.5193, 20.7018 ], [ 104.5096, 20.7096 ], [ 104.4945, 20.7145 ], [ 104.4895, 20.7218 ], [ 104.4855, 20.7321 ], [ 104.487, 20.7462 ], [ 104.482, 20.7538 ], [ 104.48, 20.761 ], [ 104.4821, 20.7687 ], [ 104.4691, 20.7747 ], [ 104.4678, 20.7809 ], [ 104.4573, 20.7809 ], [ 104.4499, 20.7831 ], [ 104.447, 20.7911 ], [ 104.4464, 20.8 ], [ 104.4296, 20.7984 ], [ 104.4235, 20.7952 ], [ 104.4181, 20.7967 ], [ 104.4137, 20.8018 ], [ 104.4097, 20.8034 ], [ 104.4048, 20.8122 ], [ 104.3965, 20.8169 ], [ 104.3943, 20.8219 ], [ 104.3779, 20.8305 ], [ 104.3758, 20.8283 ], [ 104.378, 20.8259 ], [ 104.3762, 20.8216 ], [ 104.3678, 20.8255 ], [ 104.3597, 20.8379 ], [ 104.3453, 20.8466 ], [ 104.3455, 20.8523 ], [ 104.338, 20.8525 ], [ 104.3345, 20.8581 ], [ 104.3342, 20.8615 ], [ 104.3316, 20.8606 ], [ 104.329, 20.8565 ], [ 104.3264, 20.8575 ], [ 104.3243, 20.8607 ], [ 104.3337, 20.8737 ], [ 104.3302, 20.8773 ], [ 104.3296, 20.8843 ], [ 104.3251, 20.8904 ], [ 104.3167, 20.8944 ], [ 104.3165, 20.8981 ], [ 104.311, 20.9014 ], [ 104.3099, 20.9049 ], [ 104.3031, 20.9074 ], [ 104.3, 20.9104 ], [ 104.2965, 20.9092 ], [ 104.2934, 20.9104 ], [ 104.2916, 20.9136 ], [ 104.2926, 20.9176 ], [ 104.2892, 20.9245 ], [ 104.285, 20.9239 ], [ 104.2815, 20.9282 ], [ 104.2776, 20.928 ], [ 104.2732, 20.9226 ], [ 104.2691, 20.9228 ], [ 104.2596, 20.918 ], [ 104.2575, 20.9136 ], [ 104.2618, 20.9086 ], [ 104.2576, 20.905 ], [ 104.2567, 20.9008 ], [ 104.2543, 20.8994 ], [ 104.2457, 20.9023 ], [ 104.2439, 20.9063 ], [ 104.2368, 20.9118 ], [ 104.2334, 20.9183 ], [ 104.2397, 20.9262 ], [ 104.2394, 20.9337 ], [ 104.2288, 20.9355 ], [ 104.2254, 20.94 ], [ 104.2128, 20.9392 ], [ 104.211, 20.9436 ], [ 104.202, 20.9472 ], [ 104.1923, 20.9468 ], [ 104.1894, 20.9564 ], [ 104.1873, 20.9575 ], [ 104.1766, 20.9552 ], [ 104.1546, 20.9567 ], [ 104.1365, 20.9493 ], [ 104.1297, 20.9496 ], [ 104.1252, 20.9576 ], [ 104.1244, 20.9653 ], [ 104.1189, 20.9716 ], [ 104.1126, 20.9733 ], [ 104.1021, 20.9793 ], [ 104.0901, 20.9656 ], [ 104.0798, 20.9624 ], [ 104.0775, 20.9601 ], [ 104.0738, 20.9621 ], [ 104.0697, 20.962 ], [ 104.0636, 20.956 ], [ 104.0492, 20.9517 ], [ 104.0551, 20.9427 ], [ 104.0511, 20.9353 ], [ 104.0459, 20.9315 ], [ 104.0466, 20.9158 ], [ 104.0395, 20.9093 ], [ 104.035, 20.9094 ], [ 104.0277, 20.9032 ], [ 104.0182, 20.906 ], [ 103.9915, 20.9053 ], [ 103.9874, 20.9107 ], [ 103.9752, 20.9108 ], [ 103.9723, 20.9153 ], [ 103.97, 20.9148 ], [ 103.9672, 20.9068 ], [ 103.9584, 20.8997 ], [ 103.9423, 20.8951 ], [ 103.9367, 20.9024 ], [ 103.9283, 20.9052 ], [ 103.9167, 20.9018 ], [ 103.8945, 20.9078 ], [ 103.8865, 20.9013 ], [ 103.8796, 20.8989 ], [ 103.8767, 20.8921 ], [ 103.8703, 20.8874 ], [ 103.8669, 20.8818 ], [ 103.8557, 20.8732 ], [ 103.8481, 20.8624 ], [ 103.8377, 20.8651 ], [ 103.8311, 20.872 ], [ 103.8275, 20.8735 ], [ 103.8213, 20.8726 ], [ 103.8145, 20.8668 ], [ 103.8082, 20.8667 ], [ 103.8099, 20.8614 ], [ 103.8095, 20.8544 ], [ 103.8026, 20.8543 ], [ 103.7983, 20.851 ], [ 103.8023, 20.8325 ], [ 103.7956, 20.8237 ], [ 103.7734, 20.8063 ], [ 103.7771, 20.7977 ], [ 103.7758, 20.7921 ], [ 103.7863, 20.7794 ], [ 103.7834, 20.7607 ], [ 103.7905, 20.7501 ], [ 103.7878, 20.7475 ], [ 103.779, 20.7444 ], [ 103.7687, 20.7365 ], [ 103.763, 20.7396 ], [ 103.7517, 20.7338 ], [ 103.7383, 20.7358 ], [ 103.7305, 20.7346 ], [ 103.7284, 20.7304 ], [ 103.7297, 20.7251 ], [ 103.7276, 20.7213 ], [ 103.7351, 20.7096 ], [ 103.7324, 20.7031 ], [ 103.7329, 20.6947 ], [ 103.7396, 20.6904 ], [ 103.7446, 20.6798 ], [ 103.7345, 20.6695 ], [ 103.7284, 20.6678 ], [ 103.7216, 20.6671 ], [ 103.7124, 20.6693 ], [ 103.6975, 20.6644 ], [ 103.6818, 20.6627 ], [ 103.6729, 20.6697 ], [ 103.6708, 20.6797 ], [ 103.6721, 20.6835 ], [ 103.6664, 20.6937 ], [ 103.6659, 20.7009 ], [ 103.6622, 20.7008 ], [ 103.6551, 20.697 ], [ 103.6453, 20.7018 ], [ 103.6347, 20.722 ], [ 103.625, 20.7267 ], [ 103.6203, 20.7268 ], [ 103.6126, 20.7322 ], [ 103.6064, 20.7322 ], [ 103.6046, 20.7399 ], [ 103.5969, 20.7462 ], [ 103.5623, 20.7482 ], [ 103.5537, 20.7427 ], [ 103.5353, 20.7548 ], [ 103.5199, 20.7509 ], [ 103.5053, 20.7559 ], [ 103.5014, 20.7627 ], [ 103.4987, 20.7737 ], [ 103.4928, 20.7821 ], [ 103.4877, 20.7863 ], [ 103.4825, 20.7858 ], [ 103.4796, 20.7929 ], [ 103.4772, 20.7951 ], [ 103.4766, 20.7991 ], [ 103.4792, 20.8112 ], [ 103.4738, 20.8149 ], [ 103.4618, 20.8293 ], [ 103.4588, 20.8294 ], [ 103.4503, 20.824 ], [ 103.4442, 20.8226 ], [ 103.4397, 20.8116 ], [ 103.4387, 20.799 ], [ 103.4359, 20.7955 ], [ 103.4335, 20.7948 ], [ 103.4289, 20.7977 ], [ 103.4211, 20.7951 ], [ 103.4127, 20.7984 ], [ 103.4073, 20.7934 ], [ 103.4051, 20.7875 ], [ 103.3977, 20.7839 ], [ 103.393, 20.7871 ], [ 103.3867, 20.7858 ], [ 103.3803, 20.787 ], [ 103.362, 20.808 ], [ 103.3565, 20.8081 ], [ 103.3488, 20.8037 ], [ 103.3352, 20.8127 ], [ 103.3293, 20.8131 ], [ 103.3182, 20.8201 ], [ 103.3093, 20.822 ], [ 103.3011, 20.8206 ], [ 103.295, 20.8225 ], [ 103.2909, 20.8263 ], [ 103.293, 20.8358 ], [ 103.2873, 20.8398 ], [ 103.2832, 20.8393 ], [ 103.2823, 20.8362 ], [ 103.2604, 20.8241 ], [ 103.2547, 20.8247 ], [ 103.2518, 20.8281 ], [ 103.2415, 20.8343 ], [ 103.2339, 20.8353 ], [ 103.2312, 20.8424 ], [ 103.2248, 20.8443 ], [ 103.2266, 20.8625 ], [ 103.2327, 20.8737 ], [ 103.2244, 20.8806 ], [ 103.2227, 20.8852 ], [ 103.2144, 20.8899 ], [ 103.2123, 20.8932 ], [ 103.2142, 20.8954 ], [ 103.2248, 20.8964 ], [ 103.2331, 20.8947 ], [ 103.2496, 20.8958 ], [ 103.259, 20.9005 ], [ 103.2676, 20.9025 ], [ 103.2755, 20.9016 ], [ 103.2809, 20.9043 ], [ 103.2859, 20.9081 ], [ 103.2846, 20.9129 ], [ 103.2728, 20.93 ], [ 103.2727, 20.9348 ], [ 103.2757, 20.9419 ], [ 103.2818, 20.9479 ], [ 103.2932, 20.9478 ], [ 103.2959, 20.9505 ], [ 103.2936, 20.9826 ], [ 103.288, 20.9961 ], [ 103.2848, 20.998 ], [ 103.2834, 21.0032 ], [ 103.2854, 21.0102 ], [ 103.2904, 21.0187 ], [ 103.2904, 21.0229 ], [ 103.285, 21.0275 ], [ 103.2798, 21.0393 ], [ 103.2742, 21.0456 ], [ 103.2726, 21.0537 ], [ 103.2747, 21.0648 ], [ 103.2809, 21.0659 ], [ 103.2869, 21.0631 ], [ 103.2948, 21.0621 ], [ 103.3007, 21.0619 ], [ 103.3019, 21.0634 ], [ 103.3018, 21.0671 ], [ 103.2965, 21.0733 ], [ 103.2862, 21.0945 ], [ 103.2892, 21.0979 ], [ 103.2975, 21.0984 ], [ 103.3121, 21.0969 ], [ 103.3284, 21.0924 ], [ 103.3439, 21.0853 ], [ 103.3532, 21.0763 ], [ 103.3735, 21.0671 ], [ 103.3791, 21.0624 ], [ 103.4157, 21.0658 ], [ 103.4207, 21.0681 ], [ 103.4222, 21.0707 ], [ 103.4201, 21.0784 ], [ 103.4039, 21.1125 ], [ 103.4037, 21.1239 ], [ 103.3997, 21.1412 ], [ 103.3955, 21.1515 ], [ 103.4074, 21.1647 ], [ 103.4137, 21.1652 ], [ 103.4169, 21.1623 ], [ 103.4225, 21.1609 ], [ 103.4306, 21.1674 ], [ 103.4328, 21.1737 ], [ 103.435, 21.1974 ], [ 103.4303, 21.2147 ], [ 103.4324, 21.2414 ], [ 103.4295, 21.2483 ], [ 103.4293, 21.2557 ], [ 103.435, 21.2662 ], [ 103.4383, 21.2785 ], [ 103.4373, 21.2869 ], [ 103.426, 21.3137 ], [ 103.4128, 21.3215 ], [ 103.3963, 21.3179 ], [ 103.3767, 21.3293 ], [ 103.3708, 21.331 ], [ 103.3679, 21.3347 ], [ 103.369, 21.3391 ], [ 103.3793, 21.3515 ], [ 103.3854, 21.3624 ], [ 103.3853, 21.3679 ], [ 103.3812, 21.3712 ], [ 103.365, 21.3741 ], [ 103.3601, 21.3796 ], [ 103.3555, 21.3906 ], [ 103.3371, 21.4024 ], [ 103.3345, 21.4097 ], [ 103.3351, 21.4216 ], [ 103.3405, 21.425 ], [ 103.3547, 21.4264 ], [ 103.3895, 21.4371 ], [ 103.4082, 21.4298 ], [ 103.4096, 21.4274 ], [ 103.415, 21.4275 ], [ 103.44, 21.4322 ], [ 103.4477, 21.4379 ], [ 103.4463, 21.4442 ], [ 103.4531, 21.4571 ], [ 103.454, 21.4626 ], [ 103.4485, 21.4902 ], [ 103.4498, 21.5026 ], [ 103.4577, 21.5121 ], [ 103.4643, 21.517 ], [ 103.4708, 21.5203 ], [ 103.4797, 21.5212 ], [ 103.484, 21.5234 ], [ 103.489, 21.5297 ], [ 103.4956, 21.533 ], [ 103.504, 21.5352 ], [ 103.5148, 21.5344 ], [ 103.5199, 21.5451 ], [ 103.5173, 21.5556 ], [ 103.5178, 21.5651 ], [ 103.5214, 21.5677 ], [ 103.5288, 21.5657 ], [ 103.5302, 21.5804 ], [ 103.5272, 21.5856 ], [ 103.5348, 21.593 ], [ 103.5379, 21.602 ], [ 103.5461, 21.6042 ], [ 103.5469, 21.609 ], [ 103.5521, 21.6141 ], [ 103.5571, 21.6249 ], [ 103.5567, 21.6303 ], [ 103.5488, 21.6343 ], [ 103.5488, 21.639 ], [ 103.5406, 21.644 ], [ 103.5407, 21.6485 ], [ 103.5456, 21.6519 ], [ 103.5521, 21.6531 ], [ 103.5551, 21.656 ], [ 103.5595, 21.6691 ], [ 103.5646, 21.6727 ], [ 103.5664, 21.6782 ], [ 103.5713, 21.6822 ], [ 103.5815, 21.6865 ], [ 103.5917, 21.6758 ], [ 103.596, 21.6819 ], [ 103.596, 21.6841 ], [ 103.5831, 21.7055 ], [ 103.5844, 21.7089 ], [ 103.5749, 21.7259 ], [ 103.5702, 21.7376 ], [ 103.5705, 21.7413 ], [ 103.5597, 21.7511 ], [ 103.5585, 21.7579 ], [ 103.5552, 21.7645 ], [ 103.5419, 21.7741 ], [ 103.5391, 21.7782 ], [ 103.5397, 21.7835 ], [ 103.5456, 21.7989 ], [ 103.5353, 21.8152 ], [ 103.54, 21.8221 ], [ 103.5386, 21.8286 ], [ 103.526, 21.8362 ], [ 103.5279, 21.8418 ], [ 103.5274, 21.8455 ], [ 103.5215, 21.8555 ], [ 103.5202, 21.8633 ], [ 103.5104, 21.8675 ], [ 103.5054, 21.8744 ], [ 103.4955, 21.8751 ], [ 103.4925, 21.8767 ], [ 103.4847, 21.8964 ], [ 103.4853, 21.9058 ], [ 103.4808, 21.909 ], [ 103.4777, 21.9145 ], [ 103.4822, 21.9383 ], [ 103.4982, 21.9528 ], [ 103.5039, 21.9561 ], [ 103.5009, 21.9672 ], [ 103.495, 21.9711 ], [ 103.4983, 21.9794 ], [ 103.5063, 21.9843 ], [ 103.5119, 21.9921 ], [ 103.5102, 21.9989 ], [ 103.5135, 22.0031 ], [ 103.5139, 22.0079 ], [ 103.5112, 22.0124 ], [ 103.5223, 22.0242 ], [ 103.5439, 22.031 ], [ 103.552, 22.0238 ], [ 103.5587, 22.0242 ], [ 103.5698, 22.0196 ], [ 103.5996, 22.0134 ], [ 103.6149, 21.9998 ], [ 103.6324, 21.9903 ], [ 103.6416, 21.9951 ], [ 103.6497, 21.994 ], [ 103.6502, 21.9858 ], [ 103.6564, 21.9821 ], [ 103.659, 21.9753 ], [ 103.6578, 21.9668 ], [ 103.6642, 21.9517 ], [ 103.6698, 21.9477 ], [ 103.6864, 21.9433 ], [ 103.6876, 21.9328 ], [ 103.6813, 21.9219 ], [ 103.6862, 21.9203 ], [ 103.6884, 21.9148 ], [ 103.696, 21.9128 ], [ 103.7037, 21.9031 ], [ 103.7026, 21.8864 ], [ 103.7061, 21.8852 ], [ 103.7131, 21.8866 ], [ 103.7147, 21.8808 ], [ 103.7209, 21.8806 ], [ 103.7193, 21.8713 ], [ 103.7076, 21.8575 ], [ 103.7037, 21.8441 ], [ 103.6945, 21.8388 ], [ 103.6927, 21.8311 ], [ 103.6948, 21.8258 ], [ 103.7095, 21.8219 ], [ 103.7139, 21.8141 ], [ 103.722, 21.8075 ], [ 103.7333, 21.8106 ], [ 103.744, 21.8098 ], [ 103.7514, 21.8116 ], [ 103.7565, 21.8098 ], [ 103.7569, 21.8043 ], [ 103.7514, 21.7891 ], [ 103.7526, 21.7807 ], [ 103.7556, 21.7789 ], [ 103.7601, 21.7818 ], [ 103.7675, 21.7798 ], [ 103.7767, 21.7803 ], [ 103.7804, 21.7726 ], [ 103.7806, 21.7652 ], [ 103.7876, 21.7645 ], [ 103.8033, 21.7406 ], [ 103.8114, 21.7406 ], [ 103.8235, 21.7361 ], [ 103.8277, 21.7382 ], [ 103.8311, 21.7443 ], [ 103.835, 21.7383 ], [ 103.8312, 21.7305 ], [ 103.8367, 21.7081 ], [ 103.8407, 21.7023 ], [ 103.8467, 21.7023 ], [ 103.8514, 21.6925 ], [ 103.8589, 21.6942 ], [ 103.8708, 21.687 ], [ 103.8774, 21.6873 ], [ 103.8798, 21.6892 ], [ 103.8801, 21.7096 ], [ 103.8881, 21.7028 ], [ 103.8983, 21.6994 ], [ 103.9038, 21.6958 ], [ 103.9128, 21.6971 ], [ 103.9201, 21.7017 ] ] ] } },
{ "type": "Feature", "properties": { "name": "Tay Ninh", "epsg": 9209, "epsg_2025": 9210 }, "geometry": { "type": "Polygon", "coordinates": [ [ [ 106.4506, 11.6738 ], [ 106.4532, 11.6545 ], [ 106.4564, 11.646 ], [ 106.462, 11.6401 ], [ 106.4646, 11.6331 ], [ 106.4647, 11.6209 ], [ 106.4685, 11.6151 ], [ 106.4773, 11.6119 ], [ 106.4841, 11.606 ], [ 106.4847, 11.6036 ], [ 106.4813, 11.5977 ], [ 106.4878, 11.5763 ], [ 106.4867, 11.5664 ], [ 106.4774, 11.551 ], [ 106.4711, 11.5475 ], [ 106.4594, 11.5437 ], [ 106.4469, 11.5473 ], [ 106.441, 11.5473 ], [ 106.4321, 11.5403 ], [ 106.4212, 11.5065 ], [ 106.4234, 11.4952 ], [ 106.4177, 11.489 ], [ 106.4092, 11.4739 ], [ 106.4058, 11.4695 ], [ 106.3915, 11.4598 ], [ 106.3809, 11.4554 ], [ 106.3691, 11.4531 ], [ 106.3671, 11.4503 ], [ 106.3555, 11.3978 ], [ 106.3443, 11.3758 ], [ 106.3261, 11.3474 ], [ 106.3248, 11.3421 ], [ 106.337, 11.333 ], [ 106.342, 11.3273 ], [ 106.3429, 11.3223 ], [ 106.3339, 11.3002 ], [ 106.3338, 11.2962 ], [ 106.3421, 11.2834 ], [ 106.3437, 11.2842 ], [ 106.3458, 11.2912 ], [ 106.3502, 11.2912 ], [ 106.3533, 11.289 ], [ 106.3544, 11.2847 ], [ 106.3493, 11.2637 ], [ 106.361, 11.2639 ], [ 106.3624, 11.2612 ], [ 106.3596, 11.2577 ], [ 106.3501, 11.2526 ], [ 106.3496, 11.25 ], [ 106.3579, 11.2402 ], [ 106.3612, 11.2393 ], [ 106.369, 11.2448 ], [ 106.3755, 11.2361 ], [ 106.3838, 11.1908 ], [ 106.3866, 11.1866 ], [ 106.4085, 11.1745 ], [ 106.4278, 11.1701 ], [ 106.4353, 11.1599 ], [ 106.4345, 11.1558 ], [ 106.4301, 11.1491 ], [ 106.4312, 11.1455 ], [ 106.4377, 11.1388 ], [ 106.4457, 11.1367 ], [ 106.4349, 11.1136 ], [ 106.4276, 11.0938 ], [ 106.424, 11.0922 ], [ 106.4237, 11.0713 ], [ 106.4201, 11.0536 ], [ 106.4204, 11.0397 ], [ 106.4088, 11.0285 ], [ 106.4068, 11.021 ], [ 106.4105, 11.0092 ], [ 106.3935, 11.002 ], [ 106.3753, 11.0015 ], [ 106.3565, 10.9972 ], [ 106.3546, 10.9928 ], [ 106.3495, 10.9996 ], [ 106.3433, 10.9958 ], [ 106.3398, 11.0028 ], [ 106.3361, 11.0061 ], [ 106.3078, 11.0216 ], [ 106.2917, 11.0253 ], [ 106.2843, 11.0234 ], [ 106.2777, 11.0186 ], [ 106.2717, 11.0244 ], [ 106.2695, 11.0144 ], [ 106.2804, 11.006 ], [ 106.2848, 10.9958 ], [ 106.2839, 10.9904 ], [ 106.2801, 10.986 ], [ 106.2748, 10.9847 ], [ 106.2716, 10.9821 ], [ 106.2504, 10.9876 ], [ 106.2373, 10.987 ], [ 106.2211, 10.9794 ], [ 106.2066, 10.9756 ], [ 106.1995, 10.9698 ], [ 106.1769, 10.9638 ], [ 106.1661, 10.9642 ], [ 106.1618, 10.9715 ], [ 106.1615, 10.9804 ], [ 106.159, 10.9828 ], [ 106.1849, 10.9728 ], [ 106.2015, 10.9764 ], [ 106.2015, 10.9784 ], [ 106.1939, 10.9922 ], [ 106.1872, 11.0489 ], [ 106.1725, 11.0749 ], [ 106.1535, 11.1017 ], [ 106.1461, 11.1035 ], [ 106.1355, 11.0959 ], [ 106.1267, 11.092 ], [ 106.1052, 11.0705 ], [ 106.1026, 11.0705 ], [ 106.0991, 11.0733 ], [ 106.0981, 11.0836 ], [ 106.0846, 11.1019 ], [ 106.0777, 11.0978 ], [ 106.0745, 11.0978 ], [ 106.0639, 11.1136 ], [ 106.0505, 11.1254 ], [ 106.0251, 11.1386 ], [ 106.0187, 11.1438 ], [ 106.0129, 11.1872 ], [ 106.01, 11.1894 ], [ 105.9793, 11.1963 ], [ 105.9647, 11.1974 ], [ 105.9533, 11.2001 ], [ 105.9335, 11.2106 ], [ 105.9204, 11.2251 ], [ 105.9088, 11.2422 ], [ 105.9049, 11.2534 ], [ 105.9092, 11.2666 ], [ 105.9072, 11.2797 ], [ 105.8894, 11.2867 ], [ 105.8799, 11.287 ], [ 105.866, 11.2818 ], [ 105.8631, 11.2827 ], [ 105.8609, 11.288 ], [ 105.8681, 11.2972 ], [ 105.8686, 11.3025 ], [ 105.8644, 11.3175 ], [ 105.865, 11.3212 ], [ 105.8709, 11.3257 ], [ 105.8807, 11.357 ], [ 105.8803, 11.3686 ], [ 105.8714, 11.3738 ], [ 105.8681, 11.3816 ], [ 105.875, 11.3908 ], [ 105.8753, 11.3948 ], [ 105.8724, 11.4014 ], [ 105.8859, 11.4103 ], [ 105.8849, 11.4166 ], [ 105.8873, 11.4228 ], [ 105.8906, 11.4259 ], [ 105.8995, 11.4294 ], [ 105.9018, 11.4423 ], [ 105.8962, 11.4501 ], [ 105.8836, 11.4522 ], [ 105.8762, 11.4579 ], [ 105.8727, 11.4627 ], [ 105.8829, 11.4848 ], [ 105.8831, 11.4901 ], [ 105.8819, 11.4948 ], [ 105.8783, 11.4977 ], [ 105.8773, 11.5065 ], [ 105.8784, 11.5125 ], [ 105.8837, 11.5212 ], [ 105.8839, 11.533 ], [ 105.8812, 11.5397 ], [ 105.8757, 11.5501 ], [ 105.8637, 11.5609 ], [ 105.8592, 11.567 ], [ 105.8472, 11.561 ], [ 105.8257, 11.5642 ], [ 105.8147, 11.5702 ], [ 105.8151, 11.5839 ], [ 105.8078, 11.5972 ], [ 105.8117, 11.6007 ], [ 105.8143, 11.6107 ], [ 105.8092, 11.6194 ], [ 105.8104, 11.6213 ], [ 105.8257, 11.6199 ], [ 105.8298, 11.624 ], [ 105.8331, 11.6369 ], [ 105.8311, 11.6488 ], [ 105.8563, 11.6681 ], [ 105.8815, 11.6781 ], [ 105.9224, 11.6516 ], [ 105.9374, 11.6442 ], [ 105.9476, 11.6405 ], [ 105.9524, 11.6406 ], [ 105.9681, 11.6551 ], [ 105.9768, 11.6671 ], [ 105.9786, 11.6774 ], [ 105.9741, 11.6884 ], [ 105.9772, 11.6951 ], [ 105.9964, 11.708 ], [ 106.0055, 11.7199 ], [ 106.0092, 11.7306 ], [ 106.0067, 11.7569 ], [ 106.0111, 11.7688 ], [ 106.0208, 11.7764 ], [ 106.0367, 11.7803 ], [ 106.0697, 11.7775 ], [ 106.0943, 11.7611 ], [ 106.1062, 11.7484 ], [ 106.11, 11.7463 ], [ 106.1338, 11.7461 ], [ 106.1507, 11.7381 ], [ 106.1539, 11.7386 ], [ 106.1661, 11.75 ], [ 106.188, 11.7538 ], [ 106.1958, 11.7432 ], [ 106.2052, 11.7357 ], [ 106.2132, 11.7318 ], [ 106.2533, 11.7265 ], [ 106.2666, 11.7189 ], [ 106.2705, 11.7139 ], [ 106.2677, 11.7104 ], [ 106.2673, 11.7069 ], [ 106.2993, 11.6766 ], [ 106.3145, 11.6776 ], [ 106.3292, 11.6875 ], [ 106.3355, 11.6828 ], [ 106.3378, 11.6829 ], [ 106.3521, 11.6923 ], [ 106.3791, 11.7017 ], [ 106.4016, 11.6918 ], [ 106.4098, 11.6842 ], [ 106.4319, 11.6722 ], [ 106.4506, 11.6738 ] ] ] } },
{ "type": "Feature", "properties": { "name": "Thai Binh", "epsg": 9209, "epsg_2025": 9209 }, "geometry": { "type": "MultiPolygon", "coordinates": [ [ [ [ 106.6048, 20.2776 ], [ 106.6046, 20.2825 ], [ 106.6087, 20.2898 ], [ 106.6091, 20.2876 ], [ 106.6048, 20.2776 ] ] ], [ [ [ 106.5974, 20.2913 ], [ 106.6015, 20.2933 ], [ 106.6032, 20.2922 ], [ 106.6018, 20.2786 ], [ 106.6042, 20.276 ], [ 106.5957, 20.2594 ], [ 106.5915, 20.2546 ], [ 106.5891, 20.2543 ], [ 106.5792, 20.2709 ], [ 106.5791, 20.2812 ], [ 106.5848, 20.2899 ], [ 106.59, 20.2929 ], [ 106.5917, 20.3001 ], [ 106.5954, 20.2986 ], [ 106.5959, 20.2926 ], [ 106.5974, 20.2913 ] ] ], [ [ [ 106.5971, 20.4179 ], [ 106.5955, 20.4195 ], [ 106.6078, 20.4345 ], [ 106.6081, 20.4415 ], [ 106.6058, 20.4459 ], [ 106.6077, 20.4473 ], [ 106.6112, 20.4412 ], [ 106.6103, 20.4329 ], [ 106.5971, 20.4179 ] ] ], [ [ [ 106.6031, 20.4667 ], [ 106.6015, 20.4681 ], [ 106.6025, 20.4763 ], [ 106.5991, 20.4853 ], [ 106.6011, 20.4904 ], [ 106.5981, 20.499 ], [ 106.6007, 20.4978 ], [ 106.604, 20.492 ], [ 106.6056, 20.4726 ], [ 106.6031, 20.4667 ] ] ], [ [ [ 106.408, 20.7039 ], [ 106.4002, 20.6942 ], [ 106.3992, 20.69 ], [ 106.4065, 20.6868 ], [ 106.4189, 20.6773 ], [ 106.4231, 20.671 ], [ 106.4255, 20.6722 ], [ 106.4408, 20.6584 ], [ 106.4423, 20.6563 ], [ 106.4416, 20.6539 ], [ 106.4532, 20.6394 ], [ 106.4529, 20.6334 ], [ 106.4482, 20.6218 ], [ 106.4628, 20.6159 ], [ 106.4666, 20.6112 ], [ 106.4684, 20.6012 ], [ 106.4701, 20.5994 ], [ 106.4766, 20.5991 ], [ 106.4814, 20.6019 ], [ 106.4878, 20.6103 ], [ 106.4909, 20.6174 ], [ 106.5058, 20.6159 ], [ 106.5125, 20.6135 ], [ 106.5154, 20.6108 ], [ 106.5176, 20.6036 ], [ 106.5291, 20.6047 ], [ 106.5387, 20.6106 ], [ 106.5398, 20.6229 ], [ 106.5458, 20.6287 ], [ 106.5572, 20.6279 ], [ 106.563, 20.6225 ], [ 106.5667, 20.6213 ], [ 106.5836, 20.6288 ], [ 106.5898, 20.6368 ], [ 106.5972, 20.6403 ], [ 106.6004, 20.6404 ], [ 106.6059, 20.6321 ], [ 106.6103, 20.6287 ], [ 106.6184, 20.626 ], [ 106.6233, 20.6275 ], [ 106.628, 20.6217 ], [ 106.6287, 20.6126 ], [ 106.6264, 20.6063 ], [ 106.6179, 20.5947 ], [ 106.6038, 20.5857 ], [ 106.5947, 20.5739 ], [ 106.5864, 20.5667 ], [ 106.5724, 20.5589 ], [ 106.573, 20.5572 ], [ 106.5772, 20.5569 ], [ 106.5802, 20.5548 ], [ 106.5839, 20.5442 ], [ 106.5775, 20.5398 ], [ 106.5742, 20.525 ], [ 106.5872, 20.4812 ], [ 106.5848, 20.4718 ], [ 106.5853, 20.4621 ], [ 106.5916, 20.4558 ], [ 106.5973, 20.4412 ], [ 106.5908, 20.4307 ], [ 106.5914, 20.4283 ], [ 106.5952, 20.4268 ], [ 106.5829, 20.3941 ], [ 106.5778, 20.372 ], [ 106.5732, 20.3706 ], [ 106.5697, 20.3731 ], [ 106.5685, 20.384 ], [ 106.5663, 20.3844 ], [ 106.5648, 20.3812 ], [ 106.5643, 20.3749 ], [ 106.5673, 20.3684 ], [ 106.5742, 20.3667 ], [ 106.5771, 20.3637 ], [ 106.5787, 20.3504 ], [ 106.5778, 20.3463 ], [ 106.5822, 20.3445 ], [ 106.5828, 20.3322 ], [ 106.5874, 20.3172 ], [ 106.5875, 20.2983 ], [ 106.5795, 20.2867 ], [ 106.5724, 20.281 ], [ 106.5672, 20.2807 ], [ 106.5646, 20.2822 ], [ 106.5633, 20.28 ], [ 106.5359, 20.3061 ], [ 106.5289, 20.3151 ], [ 106.5249, 20.3174 ], [ 106.5213, 20.3168 ], [ 106.5098, 20.3098 ], [ 106.496, 20.3092 ], [ 106.4839, 20.2978 ], [ 106.4741, 20.2923 ], [ 106.4575, 20.2909 ], [ 106.4402, 20.2952 ], [ 106.4305, 20.301 ], [ 106.425, 20.3062 ], [ 106.4067, 20.3302 ], [ 106.3988, 20.3373 ], [ 106.3882, 20.3441 ], [ 106.3687, 20.3466 ], [ 106.3552, 20.3541 ], [ 106.338, 20.3782 ], [ 106.3329, 20.3765 ], [ 106.3167, 20.3607 ], [ 106.2856, 20.3363 ], [ 106.276, 20.3305 ], [ 106.2678, 20.3278 ], [ 106.2587, 20.3291 ], [ 106.2544, 20.3335 ], [ 106.2515, 20.3397 ], [ 106.2508, 20.3501 ], [ 106.2599, 20.3641 ], [ 106.2826, 20.3838 ], [ 106.2841, 20.389 ], [ 106.2828, 20.396 ], [ 106.2756, 20.4027 ], [ 106.2658, 20.4056 ], [ 106.2403, 20.4067 ], [ 106.2224, 20.4096 ], [ 106.2173, 20.413 ], [ 106.2113, 20.4203 ], [ 106.2081, 20.4294 ], [ 106.2205, 20.4511 ], [ 106.224, 20.4634 ], [ 106.2224, 20.4696 ], [ 106.2194, 20.4737 ], [ 106.2111, 20.4788 ], [ 106.1897, 20.4808 ], [ 106.1818, 20.4856 ], [ 106.1772, 20.495 ], [ 106.1779, 20.5189 ], [ 106.1759, 20.5302 ], [ 106.1707, 20.5455 ], [ 106.1545, 20.5672 ], [ 106.1398, 20.5702 ], [ 106.1314, 20.5753 ], [ 106.1276, 20.585 ], [ 106.1286, 20.6082 ], [ 106.1248, 20.6139 ], [ 106.1186, 20.6181 ], [ 106.1266, 20.624 ], [ 106.1277, 20.6277 ], [ 106.1166, 20.6372 ], [ 106.1103, 20.6373 ], [ 106.1084, 20.6392 ], [ 106.1089, 20.6441 ], [ 106.1108, 20.6456 ], [ 106.1229, 20.6483 ], [ 106.1324, 20.6581 ], [ 106.1372, 20.6605 ], [ 106.1453, 20.6597 ], [ 106.1566, 20.6492 ], [ 106.1626, 20.6462 ], [ 106.167, 20.647 ], [ 106.1696, 20.6568 ], [ 106.1745, 20.6593 ], [ 106.2014, 20.6449 ], [ 106.222, 20.6423 ], [ 106.2235, 20.6432 ], [ 106.2229, 20.6465 ], [ 106.2158, 20.6534 ], [ 106.2162, 20.6568 ], [ 106.2289, 20.6593 ], [ 106.242, 20.6722 ], [ 106.2639, 20.6806 ], [ 106.2676, 20.6837 ], [ 106.2664, 20.6882 ], [ 106.2526, 20.6909 ], [ 106.247, 20.6965 ], [ 106.2521, 20.7008 ], [ 106.2601, 20.7045 ], [ 106.2649, 20.7042 ], [ 106.2711, 20.6959 ], [ 106.2749, 20.6933 ], [ 106.2825, 20.6938 ], [ 106.2918, 20.6968 ], [ 106.3008, 20.6905 ], [ 106.3199, 20.7009 ], [ 106.3332, 20.7121 ], [ 106.3388, 20.7122 ], [ 106.3474, 20.7022 ], [ 106.3575, 20.7026 ], [ 106.371, 20.711 ], [ 106.3809, 20.7127 ], [ 106.3975, 20.7258 ], [ 106.4, 20.7303 ], [ 106.4051, 20.7331 ], [ 106.407, 20.7241 ], [ 106.4142, 20.7191 ], [ 106.4145, 20.7165 ], [ 106.408, 20.7039 ] ] ] ] } },
{ "type": "Feature", "properties": { "name": "Thai Nguyen", "epsg": 9213, "epsg_2025": 9213 }, "geometry": { "type": "Polygon", "coordinates": [ [ [ 106.0968, 21.9392 ], [ 106.1099, 21.9311 ], [ 106.1264, 21.9258 ], [ 106.1298, 21.9224 ], [ 106.1303, 21.9195 ], [ 106.1296, 21.9163 ], [ 106.1255, 21.9126 ], [ 106.128, 21.9052 ], [ 106.1271, 21.9011 ], [ 106.1138, 21.896 ], [ 106.1119, 21.8912 ], [ 106.1145, 21.8763 ], [ 106.1086, 21.8656 ], [ 106.1077, 21.8597 ], [ 106.1158, 21.8439 ], [ 106.1053, 21.8325 ], [ 106.0987, 21.8313 ], [ 106.093, 21.8231 ], [ 106.093, 21.8206 ], [ 106.1048, 21.8044 ], [ 106.1047, 21.7899 ], [ 106.1111, 21.7825 ], [ 106.1347, 21.7863 ], [ 106.138, 21.7789 ], [ 106.1465, 21.7678 ], [ 106.1475, 21.762 ], [ 106.1563, 21.757 ], [ 106.166, 21.7549 ], [ 106.1806, 21.7427 ], [ 106.1924, 21.7426 ], [ 106.1954, 21.7358 ], [ 106.214, 21.7278 ], [ 106.2175, 21.7285 ], [ 106.223, 21.7338 ], [ 106.231, 21.73 ], [ 106.235, 21.7248 ], [ 106.236, 21.7178 ], [ 106.2324, 21.7094 ], [ 106.2309, 21.7006 ], [ 106.2224, 21.6923 ], [ 106.2247, 21.6835 ], [ 106.2238, 21.6803 ], [ 106.2061, 21.6669 ], [ 106.2042, 21.6642 ], [ 106.2037, 21.658 ], [ 106.1899, 21.6479 ], [ 106.1928, 21.626 ], [ 106.1955, 21.6202 ], [ 106.183, 21.6053 ], [ 106.1736, 21.6099 ], [ 106.16, 21.6263 ], [ 106.1575, 21.627 ], [ 106.1419, 21.6243 ], [ 106.1312, 21.6177 ], [ 106.1274, 21.6169 ], [ 106.1166, 21.6175 ], [ 106.0982, 21.6242 ], [ 106.0909, 21.6234 ], [ 106.0771, 21.6195 ], [ 106.0659, 21.6067 ], [ 106.0541, 21.6023 ], [ 106.0473, 21.5815 ], [ 106.0329, 21.5732 ], [ 106.0312, 21.5714 ], [ 106.0316, 21.5658 ], [ 106.0291, 21.5635 ], [ 106.0323, 21.5608 ], [ 106.036, 21.5622 ], [ 106.0454, 21.5597 ], [ 106.0492, 21.5539 ], [ 106.0536, 21.5519 ], [ 106.0494, 21.5464 ], [ 106.0519, 21.5394 ], [ 106.0499, 21.5355 ], [ 106.0469, 21.5339 ], [ 106.042, 21.5197 ], [ 106.0397, 21.5176 ], [ 106.0402, 21.5156 ], [ 106.0433, 21.5142 ], [ 106.0435, 21.5076 ], [ 106.0412, 21.4994 ], [ 106.0363, 21.4924 ], [ 106.0387, 21.4882 ], [ 106.0473, 21.481 ], [ 106.043, 21.4751 ], [ 106.0394, 21.4742 ], [ 106.0391, 21.4712 ], [ 106.0426, 21.4646 ], [ 106.0492, 21.4619 ], [ 106.0496, 21.4543 ], [ 106.0438, 21.4425 ], [ 106.0369, 21.4391 ], [ 106.031, 21.4394 ], [ 106.0245, 21.432 ], [ 106.0299, 21.4257 ], [ 106.0331, 21.4099 ], [ 106.0292, 21.4077 ], [ 106.0229, 21.3958 ], [ 106.0187, 21.3967 ], [ 106.0161, 21.4036 ], [ 106.0065, 21.4071 ], [ 105.9923, 21.4062 ], [ 105.9885, 21.4137 ], [ 105.9855, 21.4142 ], [ 105.9837, 21.4121 ], [ 105.9764, 21.415 ], [ 105.9738, 21.4197 ], [ 105.97, 21.4215 ], [ 105.9628, 21.4361 ], [ 105.9611, 21.4381 ], [ 105.9587, 21.4376 ], [ 105.9565, 21.4229 ], [ 105.9511, 21.4086 ], [ 105.9481, 21.4049 ], [ 105.9384, 21.3999 ], [ 105.9425, 21.3892 ], [ 105.9415, 21.3799 ], [ 105.9379, 21.373 ], [ 105.9348, 21.3722 ], [ 105.9079, 21.3766 ], [ 105.8995, 21.3602 ], [ 105.8932, 21.3525 ], [ 105.8958, 21.351 ], [ 105.9051, 21.3537 ], [ 105.9065, 21.3515 ], [ 105.9043, 21.3485 ], [ 105.9015, 21.3461 ], [ 105.8942, 21.3442 ], [ 105.8852, 21.3472 ], [ 105.8797, 21.3407 ], [ 105.8789, 21.3383 ], [ 105.8836, 21.3328 ], [ 105.895, 21.3276 ], [ 105.8877, 21.3264 ], [ 105.8668, 21.3287 ], [ 105.8631, 21.331 ], [ 105.8553, 21.341 ], [ 105.8506, 21.3512 ], [ 105.8498, 21.3574 ], [ 105.851, 21.3622 ], [ 105.8575, 21.3678 ], [ 105.8574, 21.374 ], [ 105.8546, 21.3774 ], [ 105.8475, 21.3755 ], [ 105.845, 21.3786 ], [ 105.8365, 21.3782 ], [ 105.8307, 21.3739 ], [ 105.813, 21.384 ], [ 105.7983, 21.386 ], [ 105.7889, 21.3784 ], [ 105.7867, 21.3748 ], [ 105.783, 21.3603 ], [ 105.7743, 21.3615 ], [ 105.7717, 21.3703 ], [ 105.7664, 21.376 ], [ 105.7579, 21.3797 ], [ 105.7633, 21.3906 ], [ 105.7624, 21.3976 ], [ 105.7606, 21.4022 ], [ 105.751, 21.4142 ], [ 105.7471, 21.4169 ], [ 105.7436, 21.4171 ], [ 105.7277, 21.4103 ], [ 105.7193, 21.4164 ], [ 105.7229, 21.4265 ], [ 105.7224, 21.4341 ], [ 105.712, 21.4311 ], [ 105.7025, 21.4407 ], [ 105.6944, 21.4405 ], [ 105.6865, 21.4432 ], [ 105.6765, 21.4564 ], [ 105.6725, 21.459 ], [ 105.6624, 21.4609 ], [ 105.6503, 21.4583 ], [ 105.6444, 21.4651 ], [ 105.6417, 21.471 ], [ 105.6296, 21.4802 ], [ 105.6304, 21.488 ], [ 105.6329, 21.4939 ], [ 105.6247, 21.4971 ], [ 105.6096, 21.5072 ], [ 105.6095, 21.5135 ], [ 105.6056, 21.518 ], [ 105.6052, 21.5246 ], [ 105.6016, 21.5302 ], [ 105.5973, 21.5332 ], [ 105.5832, 21.5362 ], [ 105.5808, 21.541 ], [ 105.5641, 21.5571 ], [ 105.5571, 21.5685 ], [ 105.5523, 21.5732 ], [ 105.5402, 21.575 ], [ 105.5339, 21.5825 ], [ 105.5246, 21.5838 ], [ 105.5203, 21.592 ], [ 105.5043, 21.6129 ], [ 105.4976, 21.6162 ], [ 105.4952, 21.6193 ], [ 105.4983, 21.6312 ], [ 105.4974, 21.6354 ], [ 105.4953, 21.64 ], [ 105.4891, 21.6439 ], [ 105.478, 21.6742 ], [ 105.4793, 21.6794 ], [ 105.4848, 21.682 ], [ 105.4859, 21.6906 ], [ 105.4757, 21.6981 ], [ 105.4825, 21.7035 ], [ 105.4882, 21.7052 ], [ 105.4928, 21.718 ], [ 105.4979, 21.7247 ], [ 105.503, 21.7307 ], [ 105.5134, 21.7368 ], [ 105.5144, 21.7406 ], [ 105.5102, 21.744 ], [ 105.5077, 21.7513 ], [ 105.5168, 21.7579 ], [ 105.5237, 21.7692 ], [ 105.5141, 21.7753 ], [ 105.4999, 21.7713 ], [ 105.4933, 21.7793 ], [ 105.4956, 21.7944 ], [ 105.4918, 21.805 ], [ 105.4922, 21.8282 ], [ 105.4941, 21.8321 ], [ 105.506, 21.8341 ], [ 105.5096, 21.833 ], [ 105.5142, 21.8278 ], [ 105.5261, 21.8367 ], [ 105.5266, 21.8523 ], [ 105.5169, 21.8773 ], [ 105.5182, 21.8845 ], [ 105.5225, 21.8884 ], [ 105.5409, 21.8919 ], [ 105.5429, 21.8936 ], [ 105.5447, 21.8972 ], [ 105.5433, 21.9052 ], [ 105.5504, 21.909 ], [ 105.5521, 21.9139 ], [ 105.5519, 21.919 ], [ 105.5491, 21.9237 ], [ 105.5495, 21.9448 ], [ 105.5476, 21.9484 ], [ 105.5496, 21.9531 ], [ 105.5538, 21.959 ], [ 105.5606, 21.957 ], [ 105.5728, 21.9588 ], [ 105.5708, 21.9673 ], [ 105.5733, 21.9674 ], [ 105.5767, 21.9647 ], [ 105.5785, 21.9663 ], [ 105.5759, 21.9768 ], [ 105.5801, 21.9814 ], [ 105.5778, 21.9863 ], [ 105.5836, 21.9989 ], [ 105.5842, 22.0035 ], [ 105.5884, 22.008 ], [ 105.5976, 22.0114 ], [ 105.5998, 22.0141 ], [ 105.6081, 22.0127 ], [ 105.6141, 22.0135 ], [ 105.6197, 22.0192 ], [ 105.6324, 22.0204 ], [ 105.6381, 22.0271 ], [ 105.6506, 22.0263 ], [ 105.6583, 22.0298 ], [ 105.6601, 22.0319 ], [ 105.6618, 22.042 ], [ 105.666, 22.0476 ], [ 105.6694, 22.0487 ], [ 105.6917, 22.0392 ], [ 105.7038, 22.0247 ], [ 105.7094, 22.023 ], [ 105.7215, 22.0239 ], [ 105.7291, 22.0171 ], [ 105.741, 22.0182 ], [ 105.7497, 22.0134 ], [ 105.7541, 21.993 ], [ 105.7616, 21.9861 ], [ 105.7585, 21.97 ], [ 105.7685, 21.9561 ], [ 105.7731, 21.9528 ], [ 105.7756, 21.936 ], [ 105.7745, 21.9307 ], [ 105.7628, 21.9153 ], [ 105.7693, 21.9106 ], [ 105.7704, 21.8984 ], [ 105.7787, 21.8902 ], [ 105.7705, 21.8878 ], [ 105.7686, 21.8849 ], [ 105.7709, 21.8778 ], [ 105.7667, 21.8693 ], [ 105.7676, 21.8588 ], [ 105.7587, 21.8426 ], [ 105.7562, 21.8342 ], [ 105.7598, 21.8269 ], [ 105.7576, 21.8201 ], [ 105.766, 21.8142 ], [ 105.7769, 21.8117 ], [ 105.785, 21.8056 ], [ 105.7985, 21.8072 ], [ 105.8033, 21.8332 ], [ 105.8128, 21.8447 ], [ 105.8196, 21.8471 ], [ 105.8473, 21.8452 ], [ 105.8571, 21.8466 ], [ 105.8596, 21.8478 ], [ 105.8624, 21.853 ], [ 105.861, 21.8613 ], [ 105.8709, 21.857 ], [ 105.88, 21.8588 ], [ 105.8909, 21.8776 ], [ 105.9083, 21.8958 ], [ 105.9145, 21.8973 ], [ 105.9227, 21.8956 ], [ 105.9299, 21.896 ], [ 105.9362, 21.9011 ], [ 105.9463, 21.9043 ], [ 105.9543, 21.9095 ], [ 105.9581, 21.9145 ], [ 105.9593, 21.9233 ], [ 105.9684, 21.9253 ], [ 105.9679, 21.933 ], [ 105.9714, 21.9403 ], [ 105.9917, 21.938 ], [ 106.0009, 21.9343 ], [ 106.0136, 21.9436 ], [ 106.0171, 21.9553 ], [ 106.0255, 21.967 ], [ 106.0279, 21.9675 ], [ 106.0359, 21.9644 ], [ 106.043, 21.9599 ], [ 106.0489, 21.9543 ], [ 106.0514, 21.9455 ], [ 106.0543, 21.9437 ], [ 106.0594, 21.9424 ], [ 106.0761, 21.9437 ], [ 106.0968, 21.9392 ] ] ] } },
{ "type": "Feature", "properties": { "name": "Thanh Hoa", "epsg": 5897, "epsg_2025": 5897 }, "geometry": { "type": "MultiPolygon", "coordinates": [ [ [ [ 105.8226, 19.3069 ], [ 105.8199, 19.3067 ], [ 105.8182, 19.3097 ], [ 105.8191, 19.316 ], [ 105.813, 19.3329 ], [ 105.8133, 19.3351 ], [ 105.8216, 19.3433 ], [ 105.8233, 19.3417 ], [ 105.8238, 19.3335 ], [ 105.8213, 19.326 ], [ 105.8253, 19.3134 ], [ 105.8254, 19.3098 ], [ 105.8226, 19.3069 ] ] ], [ [ [ 105.903, 19.3423 ], [ 105.8962, 19.3463 ], [ 105.8969, 19.35 ], [ 105.9006, 19.3472 ], [ 105.903, 19.3423 ] ] ], [ [ [ 105.8767, 19.3514 ], [ 105.8749, 19.3531 ], [ 105.8756, 19.3556 ], [ 105.8773, 19.3542 ], [ 105.8767, 19.3514 ] ] ], [ [ [ 105.9336, 19.3477 ], [ 105.9278, 19.3509 ], [ 105.9294, 19.358 ], [ 105.9342, 19.3559 ], [ 105.9336, 19.3477 ] ] ], [ [ [ 105.8719, 19.3568 ], [ 105.8695, 19.3581 ], [ 105.8696, 19.359 ], [ 105.873, 19.3595 ], [ 105.8719, 19.3568 ] ] ], [ [ [ 105.908, 19.3677 ], [ 105.906, 19.3688 ], [ 105.9052, 19.3722 ], [ 105.908, 19.3709 ], [ 105.908, 19.3677 ] ] ], [ [ [ 105.9262, 19.3851 ], [ 105.9357, 19.3781 ], [ 105.9356, 19.3752 ], [ 105.9312, 19.3643 ], [ 105.9243, 19.3598 ], [ 105.9166, 19.3683 ], [ 105.9121, 19.3704 ], [ 105.9125, 19.3834 ], [ 105.9139, 19.3841 ], [ 105.9174, 19.3797 ], [ 105.9262, 19.3851 ] ] ], [ [ [ 106.0102, 19.9123 ], [ 106.0044, 19.9123 ], [ 106.0028, 19.9144 ], [ 106.0079, 19.9165 ], [ 106.0106, 19.9152 ], [ 106.0102, 19.9123 ] ] ], [ [ [ 104.9104, 20.6626 ], [ 104.9302, 20.6484 ], [ 104.9443, 20.6442 ], [ 104.9494, 20.6368 ], [ 104.9579, 20.629 ], [ 104.9589, 20.6236 ], [ 104.9563, 20.6163 ], [ 104.9594, 20.6089 ], [ 104.9695, 20.6027 ], [ 104.9747, 20.595 ], [ 104.9802, 20.5944 ], [ 104.9828, 20.5913 ], [ 104.9826, 20.5837 ], [ 104.9785, 20.5775 ], [ 104.9813, 20.5742 ], [ 104.986, 20.5773 ], [ 104.995, 20.5787 ], [ 105.0055, 20.5726 ], [ 105.0201, 20.5597 ], [ 105.0392, 20.5612 ], [ 105.0437, 20.5589 ], [ 105.0518, 20.5629 ], [ 105.054, 20.5709 ], [ 105.06, 20.575 ], [ 105.0802, 20.5768 ], [ 105.0929, 20.5681 ], [ 105.1033, 20.5737 ], [ 105.1095, 20.5649 ], [ 105.1201, 20.5625 ], [ 105.1291, 20.5575 ], [ 105.138, 20.5461 ], [ 105.1516, 20.5436 ], [ 105.159, 20.5357 ], [ 105.1603, 20.5303 ], [ 105.1593, 20.5242 ], [ 105.1642, 20.5216 ], [ 105.1676, 20.5165 ], [ 105.1739, 20.5179 ], [ 105.181, 20.5222 ], [ 105.1885, 20.5188 ], [ 105.2001, 20.5194 ], [ 105.2099, 20.5152 ], [ 105.2193, 20.507 ], [ 105.2278, 20.5054 ], [ 105.2286, 20.4986 ], [ 105.2391, 20.4929 ], [ 105.2427, 20.4886 ], [ 105.2378, 20.48 ], [ 105.239, 20.4766 ], [ 105.2592, 20.4669 ], [ 105.2646, 20.4557 ], [ 105.2621, 20.4453 ], [ 105.2568, 20.4354 ], [ 105.2689, 20.4297 ], [ 105.276, 20.4316 ], [ 105.2801, 20.4259 ], [ 105.2945, 20.4182 ], [ 105.3018, 20.4214 ], [ 105.3135, 20.4108 ], [ 105.3362, 20.3991 ], [ 105.3449, 20.3916 ], [ 105.3509, 20.3907 ], [ 105.355, 20.393 ], [ 105.3625, 20.391 ], [ 105.3686, 20.3858 ], [ 105.4029, 20.3746 ], [ 105.4095, 20.3756 ], [ 105.4244, 20.3878 ], [ 105.4588, 20.3765 ], [ 105.4755, 20.3756 ], [ 105.502, 20.3617 ], [ 105.52, 20.3613 ], [ 105.5253, 20.3709 ], [ 105.5322, 20.3718 ], [ 105.5366, 20.3701 ], [ 105.5411, 20.3635 ], [ 105.5426, 20.3544 ], [ 105.5479, 20.347 ], [ 105.5485, 20.3344 ], [ 105.5617, 20.3264 ], [ 105.5624, 20.3172 ], [ 105.5694, 20.3184 ], [ 105.5791, 20.3125 ], [ 105.592, 20.3148 ], [ 105.5961, 20.314 ], [ 105.6066, 20.3015 ], [ 105.6103, 20.2914 ], [ 105.6152, 20.2858 ], [ 105.6209, 20.2823 ], [ 105.6426, 20.2771 ], [ 105.6487, 20.2739 ], [ 105.6641, 20.2593 ], [ 105.6685, 20.2494 ], [ 105.6768, 20.2474 ], [ 105.6801, 20.2384 ], [ 105.6922, 20.2305 ], [ 105.6916, 20.2231 ], [ 105.7355, 20.1949 ], [ 105.7382, 20.1926 ], [ 105.7401, 20.1856 ], [ 105.7706, 20.1774 ], [ 105.7803, 20.172 ], [ 105.792, 20.1704 ], [ 105.813, 20.1577 ], [ 105.8275, 20.152 ], [ 105.8332, 20.1451 ], [ 105.8471, 20.1406 ], [ 105.8685, 20.1258 ], [ 105.892, 20.119 ], [ 105.9056, 20.1082 ], [ 105.9199, 20.105 ], [ 105.9291, 20.0913 ], [ 105.959, 20.0673 ], [ 105.99, 20.0697 ], [ 106.0091, 20.0668 ], [ 106.0151, 20.0622 ], [ 106.0198, 20.0609 ], [ 106.0333, 20.061 ], [ 106.0425, 20.0639 ], [ 106.068, 20.0675 ], [ 106.0699, 20.0674 ], [ 106.0733, 20.0634 ], [ 106.0724, 20.0562 ], [ 106.0639, 20.0371 ], [ 106.0593, 20.0199 ], [ 106.053, 20.0086 ], [ 106.0468, 20.0033 ], [ 106.0317, 20.0006 ], [ 106.0254, 19.9935 ], [ 106.023, 19.9857 ], [ 106.0232, 19.9709 ], [ 106.0099, 19.9624 ], [ 106.0075, 19.9681 ], [ 105.9979, 19.9713 ], [ 105.9986, 19.9587 ], [ 105.9941, 19.9515 ], [ 105.9614, 19.9317 ], [ 105.9528, 19.922 ], [ 105.948, 19.9083 ], [ 105.946, 19.8919 ], [ 105.9295, 19.8909 ], [ 105.9132, 19.8846 ], [ 105.9101, 19.8883 ], [ 105.9082, 19.8876 ], [ 105.9087, 19.883 ], [ 105.9131, 19.8802 ], [ 105.9285, 19.8862 ], [ 105.9454, 19.8872 ], [ 105.9608, 19.8914 ], [ 105.9635, 19.8905 ], [ 105.9432, 19.8625 ], [ 105.9306, 19.8306 ], [ 105.9289, 19.8116 ], [ 105.9346, 19.7947 ], [ 105.9318, 19.7906 ], [ 105.9306, 19.7782 ], [ 105.9086, 19.7514 ], [ 105.895, 19.7224 ], [ 105.8873, 19.7232 ], [ 105.8821, 19.7295 ], [ 105.8783, 19.7316 ], [ 105.8761, 19.731 ], [ 105.8627, 19.7188 ], [ 105.8474, 19.6956 ], [ 105.8344, 19.6636 ], [ 105.8285, 19.6442 ], [ 105.8232, 19.6231 ], [ 105.8172, 19.5873 ], [ 105.8109, 19.5819 ], [ 105.8063, 19.5822 ], [ 105.8125, 19.5926 ], [ 105.8164, 19.6053 ], [ 105.8132, 19.6178 ], [ 105.8106, 19.6215 ], [ 105.8031, 19.6216 ], [ 105.7956, 19.616 ], [ 105.7923, 19.6116 ], [ 105.7916, 19.6037 ], [ 105.7887, 19.599 ], [ 105.7849, 19.5992 ], [ 105.7785, 19.6067 ], [ 105.7753, 19.6075 ], [ 105.778, 19.6004 ], [ 105.7874, 19.589 ], [ 105.7973, 19.601 ], [ 105.7989, 19.6097 ], [ 105.8033, 19.6133 ], [ 105.8064, 19.6131 ], [ 105.8093, 19.6053 ], [ 105.8024, 19.5945 ], [ 105.8002, 19.586 ], [ 105.8043, 19.5716 ], [ 105.8088, 19.5693 ], [ 105.8075, 19.5744 ], [ 105.81, 19.575 ], [ 105.8121, 19.5738 ], [ 105.8132, 19.57 ], [ 105.8073, 19.5458 ], [ 105.8038, 19.4964 ], [ 105.8048, 19.4625 ], [ 105.8069, 19.4446 ], [ 105.8109, 19.429 ], [ 105.8088, 19.427 ], [ 105.8017, 19.4313 ], [ 105.7958, 19.4278 ], [ 105.7916, 19.4201 ], [ 105.7906, 19.4056 ], [ 105.7878, 19.403 ], [ 105.7855, 19.4085 ], [ 105.7878, 19.4155 ], [ 105.786, 19.418 ], [ 105.7775, 19.4186 ], [ 105.7721, 19.4149 ], [ 105.7784, 19.4109 ], [ 105.7817, 19.4058 ], [ 105.7849, 19.3749 ], [ 105.7911, 19.3547 ], [ 105.7976, 19.3428 ], [ 105.8133, 19.3259 ], [ 105.8157, 19.3188 ], [ 105.8138, 19.317 ], [ 105.8032, 19.316 ], [ 105.8015, 19.3177 ], [ 105.8031, 19.3231 ], [ 105.802, 19.3249 ], [ 105.7933, 19.3244 ], [ 105.7981, 19.3121 ], [ 105.8061, 19.3111 ], [ 105.8096, 19.3088 ], [ 105.8022, 19.2925 ], [ 105.7987, 19.303 ], [ 105.7876, 19.2987 ], [ 105.7798, 19.2987 ], [ 105.7696, 19.2928 ], [ 105.7637, 19.2939 ], [ 105.7597, 19.3023 ], [ 105.7539, 19.3074 ], [ 105.7522, 19.3075 ], [ 105.7486, 19.3025 ], [ 105.7468, 19.3021 ], [ 105.7415, 19.3135 ], [ 105.7402, 19.3242 ], [ 105.7308, 19.3188 ], [ 105.7207, 19.3194 ], [ 105.7223, 19.3111 ], [ 105.7107, 19.3035 ], [ 105.6948, 19.3055 ], [ 105.6891, 19.3021 ], [ 105.685, 19.3023 ], [ 105.6765, 19.3162 ], [ 105.6755, 19.3226 ], [ 105.674, 19.3231 ], [ 105.6627, 19.3159 ], [ 105.6627, 19.3264 ], [ 105.6659, 19.3408 ], [ 105.6613, 19.3433 ], [ 105.6548, 19.3432 ], [ 105.6497, 19.3524 ], [ 105.6413, 19.3549 ], [ 105.637, 19.3675 ], [ 105.6296, 19.3656 ], [ 105.6273, 19.3712 ], [ 105.6278, 19.3795 ], [ 105.6236, 19.3827 ], [ 105.6197, 19.3829 ], [ 105.6158, 19.3807 ], [ 105.6107, 19.376 ], [ 105.6102, 19.3718 ], [ 105.608, 19.3699 ], [ 105.5989, 19.372 ], [ 105.5883, 19.3716 ], [ 105.5811, 19.3804 ], [ 105.58, 19.3916 ], [ 105.567, 19.4026 ], [ 105.5411, 19.437 ], [ 105.533, 19.4564 ], [ 105.5219, 19.465 ], [ 105.4987, 19.4633 ], [ 105.4782, 19.4462 ], [ 105.4736, 19.4477 ], [ 105.4633, 19.4561 ], [ 105.4563, 19.4479 ], [ 105.444, 19.4437 ], [ 105.429, 19.4563 ], [ 105.4229, 19.4575 ], [ 105.4079, 19.4581 ], [ 105.4011, 19.4509 ], [ 105.3933, 19.4514 ], [ 105.3874, 19.4593 ], [ 105.3903, 19.4654 ], [ 105.3888, 19.4691 ], [ 105.3724, 19.4925 ], [ 105.3564, 19.5082 ], [ 105.3607, 19.5154 ], [ 105.3602, 19.5262 ], [ 105.3522, 19.5385 ], [ 105.3491, 19.5398 ], [ 105.3398, 19.5396 ], [ 105.3331, 19.5348 ], [ 105.3255, 19.5207 ], [ 105.322, 19.5099 ], [ 105.3142, 19.5064 ], [ 105.309, 19.5016 ], [ 105.2965, 19.4848 ], [ 105.2953, 19.4798 ], [ 105.2914, 19.476 ], [ 105.2868, 19.4912 ], [ 105.2819, 19.4937 ], [ 105.2751, 19.4937 ], [ 105.2772, 19.5069 ], [ 105.2737, 19.5173 ], [ 105.2663, 19.53 ], [ 105.2718, 19.5472 ], [ 105.2699, 19.5572 ], [ 105.272, 19.5611 ], [ 105.2779, 19.5638 ], [ 105.2793, 19.5669 ], [ 105.2789, 19.5762 ], [ 105.2716, 19.5901 ], [ 105.2795, 19.5937 ], [ 105.2817, 19.6031 ], [ 105.2782, 19.6059 ], [ 105.27, 19.6083 ], [ 105.2663, 19.6218 ], [ 105.2603, 19.6301 ], [ 105.2589, 19.6398 ], [ 105.2443, 19.6578 ], [ 105.2396, 19.657 ], [ 105.2377, 19.6497 ], [ 105.2353, 19.6467 ], [ 105.2328, 19.6464 ], [ 105.2278, 19.6494 ], [ 105.2209, 19.6509 ], [ 105.2137, 19.6565 ], [ 105.2088, 19.6635 ], [ 105.1801, 19.6818 ], [ 105.1705, 19.6814 ], [ 105.1629, 19.6861 ], [ 105.1628, 19.6998 ], [ 105.1517, 19.7095 ], [ 105.1588, 19.7175 ], [ 105.1603, 19.7234 ], [ 105.1532, 19.7249 ], [ 105.1463, 19.7327 ], [ 105.1359, 19.7398 ], [ 105.132, 19.7442 ], [ 105.1343, 19.7503 ], [ 105.1307, 19.7616 ], [ 105.1352, 19.7675 ], [ 105.1291, 19.779 ], [ 105.1299, 19.7874 ], [ 105.1258, 19.8042 ], [ 105.1296, 19.8107 ], [ 105.1281, 19.8181 ], [ 105.1287, 19.8253 ], [ 105.1303, 19.8279 ], [ 105.139, 19.8323 ], [ 105.1432, 19.8363 ], [ 105.1456, 19.8527 ], [ 105.1478, 19.8564 ], [ 105.1587, 19.8556 ], [ 105.1751, 19.857 ], [ 105.1837, 19.8597 ], [ 105.1858, 19.8632 ], [ 105.1855, 19.8692 ], [ 105.181, 19.8753 ], [ 105.1816, 19.8792 ], [ 105.1759, 19.8836 ], [ 105.172, 19.9126 ], [ 105.1676, 19.9189 ], [ 105.1548, 19.9237 ], [ 105.1514, 19.9222 ], [ 105.1477, 19.9236 ], [ 105.1444, 19.9216 ], [ 105.1352, 19.9246 ], [ 105.1331, 19.9224 ], [ 105.1228, 19.927 ], [ 105.1141, 19.9345 ], [ 105.1052, 19.9379 ], [ 105.0988, 19.9375 ], [ 105.0918, 19.9403 ], [ 105.0605, 19.9336 ], [ 105.0446, 19.9326 ], [ 105.043, 19.9388 ], [ 105.0397, 19.9431 ], [ 105.0346, 19.9405 ], [ 105.0324, 19.9455 ], [ 105.0246, 19.9473 ], [ 105.0144, 19.9543 ], [ 105.0022, 19.9533 ], [ 105.0, 19.9554 ], [ 104.9979, 19.9623 ], [ 104.9761, 19.9773 ], [ 104.9678, 19.9756 ], [ 104.9639, 19.9766 ], [ 104.9621, 19.9889 ], [ 104.9576, 19.9938 ], [ 104.9446, 19.9897 ], [ 104.934, 19.9897 ], [ 104.923, 19.9914 ], [ 104.919, 19.9987 ], [ 104.9145, 19.9969 ], [ 104.9122, 19.9986 ], [ 104.9104, 20.003 ], [ 104.9169, 20.0168 ], [ 104.9232, 20.0222 ], [ 104.9252, 20.0272 ], [ 104.9344, 20.039 ], [ 104.9478, 20.0481 ], [ 104.9584, 20.0517 ], [ 104.9616, 20.0585 ], [ 104.9705, 20.0629 ], [ 104.9743, 20.0798 ], [ 104.9795, 20.0869 ], [ 104.9905, 20.0956 ], [ 104.963, 20.1012 ], [ 104.9589, 20.1057 ], [ 104.9591, 20.1131 ], [ 104.952, 20.1157 ], [ 104.9463, 20.1226 ], [ 104.9338, 20.1267 ], [ 104.9199, 20.1422 ], [ 104.9211, 20.1473 ], [ 104.9295, 20.1515 ], [ 104.9261, 20.1594 ], [ 104.91, 20.156 ], [ 104.9056, 20.1518 ], [ 104.8973, 20.1484 ], [ 104.8609, 20.1434 ], [ 104.8491, 20.1499 ], [ 104.8394, 20.1501 ], [ 104.8347, 20.1571 ], [ 104.8293, 20.1566 ], [ 104.8221, 20.1616 ], [ 104.8186, 20.1718 ], [ 104.8005, 20.1811 ], [ 104.7852, 20.1936 ], [ 104.7779, 20.1954 ], [ 104.7699, 20.2007 ], [ 104.7631, 20.1999 ], [ 104.7559, 20.2014 ], [ 104.7508, 20.1998 ], [ 104.741, 20.1998 ], [ 104.7307, 20.2032 ], [ 104.7184, 20.2016 ], [ 104.7137, 20.2066 ], [ 104.7055, 20.2073 ], [ 104.6992, 20.2135 ], [ 104.6863, 20.2176 ], [ 104.671, 20.2175 ], [ 104.6672, 20.2193 ], [ 104.6652, 20.2281 ], [ 104.6588, 20.2347 ], [ 104.6497, 20.2338 ], [ 104.6412, 20.2355 ], [ 104.6293, 20.2303 ], [ 104.6114, 20.2446 ], [ 104.6109, 20.2528 ], [ 104.6074, 20.2573 ], [ 104.6097, 20.2634 ], [ 104.6091, 20.2776 ], [ 104.61, 20.2809 ], [ 104.6145, 20.284 ], [ 104.615, 20.2931 ], [ 104.6196, 20.298 ], [ 104.6174, 20.2976 ], [ 104.6152, 20.3001 ], [ 104.6136, 20.3118 ], [ 104.6182, 20.3226 ], [ 104.6162, 20.3303 ], [ 104.6198, 20.3428 ], [ 104.6135, 20.3489 ], [ 104.6144, 20.3617 ], [ 104.6199, 20.3666 ], [ 104.6368, 20.3738 ], [ 104.6471, 20.3814 ], [ 104.6687, 20.3909 ], [ 104.6752, 20.3961 ], [ 104.6813, 20.4041 ], [ 104.6975, 20.3999 ], [ 104.7101, 20.3998 ], [ 104.7145, 20.4029 ], [ 104.7165, 20.4077 ], [ 104.7088, 20.411 ], [ 104.7033, 20.4159 ], [ 104.6954, 20.4299 ], [ 104.687, 20.4337 ], [ 104.6835, 20.4432 ], [ 104.6765, 20.4459 ], [ 104.67, 20.4509 ], [ 104.6631, 20.4529 ], [ 104.6615, 20.4602 ], [ 104.669, 20.4654 ], [ 104.6669, 20.4704 ], [ 104.6559, 20.4751 ], [ 104.6524, 20.4751 ], [ 104.6313, 20.4643 ], [ 104.6247, 20.4629 ], [ 104.6113, 20.4469 ], [ 104.6167, 20.4416 ], [ 104.6159, 20.4349 ], [ 104.6126, 20.4287 ], [ 104.6093, 20.4243 ], [ 104.5972, 20.4178 ], [ 104.5828, 20.4156 ], [ 104.571, 20.4176 ], [ 104.5634, 20.4172 ], [ 104.5445, 20.4095 ], [ 104.5324, 20.4112 ], [ 104.5267, 20.4148 ], [ 104.5254, 20.413 ], [ 104.5257, 20.3993 ], [ 104.5184, 20.389 ], [ 104.5113, 20.3863 ], [ 104.4944, 20.3841 ], [ 104.4903, 20.379 ], [ 104.4799, 20.3742 ], [ 104.4729, 20.3685 ], [ 104.4679, 20.3671 ], [ 104.4632, 20.3673 ], [ 104.4551, 20.3714 ], [ 104.4503, 20.3793 ], [ 104.4455, 20.381 ], [ 104.4379, 20.3771 ], [ 104.4251, 20.3799 ], [ 104.419, 20.3775 ], [ 104.4157, 20.3796 ], [ 104.4057, 20.3899 ], [ 104.4031, 20.4029 ], [ 104.4044, 20.4147 ], [ 104.4125, 20.4273 ], [ 104.3954, 20.4356 ], [ 104.3889, 20.442 ], [ 104.3849, 20.4437 ], [ 104.3804, 20.4442 ], [ 104.3763, 20.4426 ], [ 104.3748, 20.4436 ], [ 104.3802, 20.4495 ], [ 104.3771, 20.4602 ], [ 104.3729, 20.4649 ], [ 104.3726, 20.468 ], [ 104.3788, 20.4755 ], [ 104.3895, 20.48 ], [ 104.3854, 20.4859 ], [ 104.3855, 20.4907 ], [ 104.3918, 20.4885 ], [ 104.4165, 20.4918 ], [ 104.4319, 20.5029 ], [ 104.4364, 20.5101 ], [ 104.4427, 20.5082 ], [ 104.4483, 20.5117 ], [ 104.4724, 20.518 ], [ 104.4757, 20.5221 ], [ 104.481, 20.5247 ], [ 104.483, 20.5325 ], [ 104.4851, 20.535 ], [ 104.4903, 20.5369 ], [ 104.4906, 20.5418 ], [ 104.4922, 20.5434 ], [ 104.4969, 20.5458 ], [ 104.5067, 20.5449 ], [ 104.5126, 20.5504 ], [ 104.5189, 20.5499 ], [ 104.5246, 20.5537 ], [ 104.5263, 20.5573 ], [ 104.5221, 20.5637 ], [ 104.5245, 20.5713 ], [ 104.5329, 20.5786 ], [ 104.5331, 20.5877 ], [ 104.5406, 20.6001 ], [ 104.5523, 20.6035 ], [ 104.5559, 20.6077 ], [ 104.5591, 20.6088 ], [ 104.5763, 20.6081 ], [ 104.5802, 20.6108 ], [ 104.584, 20.6112 ], [ 104.5947, 20.6095 ], [ 104.6001, 20.6068 ], [ 104.6109, 20.6221 ], [ 104.6247, 20.6274 ], [ 104.6291, 20.6352 ], [ 104.6304, 20.6451 ], [ 104.6357, 20.6542 ], [ 104.6531, 20.6372 ], [ 104.6597, 20.625 ], [ 104.6689, 20.6247 ], [ 104.6828, 20.6167 ], [ 104.6814, 20.6087 ], [ 104.682, 20.5981 ], [ 104.689, 20.5984 ], [ 104.6932, 20.6042 ], [ 104.7051, 20.604 ], [ 104.7123, 20.6062 ], [ 104.7204, 20.6046 ], [ 104.7261, 20.5906 ], [ 104.7386, 20.5747 ], [ 104.7532, 20.5787 ], [ 104.7585, 20.5855 ], [ 104.765, 20.5853 ], [ 104.7676, 20.5779 ], [ 104.7737, 20.576 ], [ 104.7763, 20.5769 ], [ 104.7805, 20.5841 ], [ 104.7945, 20.5838 ], [ 104.8004, 20.5863 ], [ 104.8001, 20.5921 ], [ 104.7975, 20.5988 ], [ 104.7999, 20.6085 ], [ 104.7962, 20.6154 ], [ 104.7967, 20.6196 ], [ 104.8038, 20.6266 ], [ 104.8081, 20.6377 ], [ 104.8307, 20.645 ], [ 104.8392, 20.6503 ], [ 104.8452, 20.6518 ], [ 104.8514, 20.6631 ], [ 104.8627, 20.6618 ], [ 104.8767, 20.6636 ], [ 104.8872, 20.6711 ], [ 104.8961, 20.6704 ], [ 104.9104, 20.6626 ] ] ] ] } },
{ "type": "Feature", "properties": { "name": "Thua Thien - Hue", "epsg": 9214, "epsg_2025": 9214 }, "geometry": { "type": "Polygon", "coordinates": [ [ [ 108.1924, 16.2114 ], [ 108.1676, 16.204 ], [ 108.155, 16.2065 ], [ 108.1432, 16.1999 ], [ 108.127, 16.1866 ], [ 108.1203, 16.183 ], [ 108.1141, 16.1824 ], [ 108.0988, 16.1877 ], [ 108.0899, 16.1813 ], [ 108.0814, 16.1837 ], [ 108.0644, 16.1845 ], [ 108.0569, 16.1801 ], [ 108.0345, 16.1922 ], [ 108.0122, 16.1952 ], [ 108.0036, 16.2061 ], [ 107.9911, 16.211 ], [ 107.9874, 16.2144 ], [ 107.982, 16.2118 ], [ 107.9773, 16.2036 ], [ 107.9708, 16.1999 ], [ 107.9663, 16.1946 ], [ 107.9543, 16.1902 ], [ 107.9282, 16.1987 ], [ 107.9107, 16.216 ], [ 107.905, 16.2153 ], [ 107.8948, 16.2069 ], [ 107.8881, 16.2067 ], [ 107.8853, 16.2013 ], [ 107.8741, 16.1975 ], [ 107.8732, 16.1954 ], [ 107.8754, 16.1894 ], [ 107.8656, 16.1847 ], [ 107.8741, 16.1713 ], [ 107.8732, 16.161 ], [ 107.8702, 16.1587 ], [ 107.8614, 16.1568 ], [ 107.8578, 16.1541 ], [ 107.8559, 16.1416 ], [ 107.858, 16.1359 ], [ 107.8533, 16.1261 ], [ 107.8543, 16.1155 ], [ 107.8336, 16.0997 ], [ 107.8207, 16.0838 ], [ 107.8199, 16.0806 ], [ 107.8229, 16.0713 ], [ 107.8136, 16.0542 ], [ 107.8051, 16.0546 ], [ 107.8003, 16.0601 ], [ 107.7878, 16.0675 ], [ 107.7721, 16.0678 ], [ 107.7718, 16.0602 ], [ 107.7663, 16.0531 ], [ 107.7352, 16.0386 ], [ 107.7249, 16.0314 ], [ 107.7238, 16.0273 ], [ 107.7251, 16.0168 ], [ 107.7242, 16.0119 ], [ 107.7216, 16.0084 ], [ 107.7038, 15.9965 ], [ 107.6919, 15.9963 ], [ 107.6775, 15.9993 ], [ 107.668, 16.0141 ], [ 107.6645, 16.0172 ], [ 107.6486, 16.021 ], [ 107.6337, 16.0302 ], [ 107.6193, 16.0333 ], [ 107.618, 16.0385 ], [ 107.6238, 16.0503 ], [ 107.6217, 16.0588 ], [ 107.6181, 16.065 ], [ 107.5993, 16.0585 ], [ 107.5723, 16.0552 ], [ 107.5601, 16.0513 ], [ 107.5511, 16.0432 ], [ 107.5587, 16.0312 ], [ 107.5586, 16.0227 ], [ 107.5507, 16.0139 ], [ 107.5411, 16.0118 ], [ 107.5242, 16.0173 ], [ 107.5152, 16.0161 ], [ 107.5082, 16.0188 ], [ 107.4991, 16.0351 ], [ 107.4888, 16.0414 ], [ 107.4866, 16.0416 ], [ 107.4813, 16.0366 ], [ 107.4738, 16.0332 ], [ 107.4654, 16.026 ], [ 107.4614, 16.0293 ], [ 107.457, 16.0297 ], [ 107.4542, 16.0359 ], [ 107.445, 16.0407 ], [ 107.4446, 16.0549 ], [ 107.4522, 16.069 ], [ 107.4594, 16.0732 ], [ 107.4569, 16.0802 ], [ 107.4466, 16.091 ], [ 107.4417, 16.0842 ], [ 107.4276, 16.0795 ], [ 107.4191, 16.0793 ], [ 107.4117, 16.0847 ], [ 107.4072, 16.085 ], [ 107.4019, 16.079 ], [ 107.4013, 16.0674 ], [ 107.3993, 16.0642 ], [ 107.387, 16.0633 ], [ 107.3761, 16.0747 ], [ 107.372, 16.0719 ], [ 107.3684, 16.0652 ], [ 107.3645, 16.0623 ], [ 107.3448, 16.0626 ], [ 107.3382, 16.0569 ], [ 107.3321, 16.0559 ], [ 107.3279, 16.061 ], [ 107.3265, 16.0691 ], [ 107.3158, 16.072 ], [ 107.3057, 16.0823 ], [ 107.2938, 16.0999 ], [ 107.29, 16.1096 ], [ 107.2838, 16.1147 ], [ 107.2822, 16.1197 ], [ 107.2758, 16.1169 ], [ 107.2683, 16.1184 ], [ 107.2631, 16.1281 ], [ 107.2611, 16.1376 ], [ 107.2527, 16.137 ], [ 107.2461, 16.1425 ], [ 107.244, 16.1476 ], [ 107.2418, 16.1487 ], [ 107.2375, 16.1484 ], [ 107.2196, 16.1415 ], [ 107.2126, 16.1424 ], [ 107.2048, 16.1464 ], [ 107.1925, 16.1461 ], [ 107.1743, 16.1594 ], [ 107.1695, 16.1667 ], [ 107.1576, 16.1696 ], [ 107.1557, 16.1727 ], [ 107.1537, 16.1839 ], [ 107.1477, 16.1902 ], [ 107.1477, 16.2007 ], [ 107.145, 16.2046 ], [ 107.1428, 16.2133 ], [ 107.1439, 16.22 ], [ 107.1529, 16.2319 ], [ 107.1495, 16.2388 ], [ 107.1549, 16.2544 ], [ 107.1541, 16.2586 ], [ 107.1474, 16.2696 ], [ 107.0856, 16.3125 ], [ 107.0803, 16.3144 ], [ 107.069, 16.3047 ], [ 107.0503, 16.3077 ], [ 107.045, 16.3019 ], [ 107.0422, 16.3009 ], [ 107.0258, 16.3121 ], [ 107.017, 16.3037 ], [ 107.0161, 16.31 ], [ 107.0121, 16.3172 ], [ 107.0058, 16.3247 ], [ 106.9878, 16.3396 ], [ 106.9858, 16.3456 ], [ 106.9902, 16.3571 ], [ 106.998, 16.3586 ], [ 107.0077, 16.3637 ], [ 107.0134, 16.3603 ], [ 107.0176, 16.366 ], [ 107.0342, 16.376 ], [ 107.0341, 16.3868 ], [ 107.0396, 16.3949 ], [ 107.0389, 16.4051 ], [ 107.0415, 16.4078 ], [ 107.046, 16.4196 ], [ 107.0552, 16.4306 ], [ 107.0763, 16.4386 ], [ 107.0971, 16.4404 ], [ 107.1261, 16.4455 ], [ 107.1342, 16.4556 ], [ 107.1296, 16.4723 ], [ 107.119, 16.4872 ], [ 107.1024, 16.4963 ], [ 107.0974, 16.492 ], [ 107.0934, 16.5052 ], [ 107.0824, 16.5041 ], [ 107.0782, 16.5088 ], [ 107.0683, 16.5108 ], [ 107.0581, 16.5185 ], [ 107.0548, 16.5257 ], [ 107.0597, 16.537 ], [ 107.0589, 16.5461 ], [ 107.0707, 16.5447 ], [ 107.0761, 16.5472 ], [ 107.0853, 16.547 ], [ 107.0901, 16.5511 ], [ 107.0993, 16.5533 ], [ 107.1102, 16.5521 ], [ 107.1187, 16.553 ], [ 107.1205, 16.5544 ], [ 107.1214, 16.561 ], [ 107.126, 16.5662 ], [ 107.1399, 16.5728 ], [ 107.1517, 16.5759 ], [ 107.1559, 16.5749 ], [ 107.1709, 16.5798 ], [ 107.1904, 16.581 ], [ 107.1997, 16.5835 ], [ 107.2052, 16.58 ], [ 107.2253, 16.5804 ], [ 107.2445, 16.5878 ], [ 107.246, 16.5872 ], [ 107.2468, 16.5826 ], [ 107.25, 16.5781 ], [ 107.2686, 16.5675 ], [ 107.2753, 16.5734 ], [ 107.2847, 16.5765 ], [ 107.3079, 16.5912 ], [ 107.324, 16.6041 ], [ 107.3265, 16.6096 ], [ 107.3207, 16.6193 ], [ 107.3101, 16.6259 ], [ 107.3115, 16.633 ], [ 107.3155, 16.6389 ], [ 107.3151, 16.6416 ], [ 107.3121, 16.6431 ], [ 107.3105, 16.6384 ], [ 107.3084, 16.6373 ], [ 107.3045, 16.6417 ], [ 107.3148, 16.6517 ], [ 107.3205, 16.6543 ], [ 107.3208, 16.6573 ], [ 107.3177, 16.6602 ], [ 107.3172, 16.663 ], [ 107.3204, 16.6662 ], [ 107.3287, 16.6675 ], [ 107.3296, 16.6761 ], [ 107.3345, 16.6843 ], [ 107.3456, 16.695 ], [ 107.3554, 16.7005 ], [ 107.3559, 16.7038 ], [ 107.3502, 16.7088 ], [ 107.3528, 16.7118 ], [ 107.3542, 16.7107 ], [ 107.3684, 16.7351 ], [ 107.3862, 16.7437 ], [ 107.5069, 16.649 ], [ 107.5818, 16.5961 ], [ 107.6057, 16.5823 ], [ 107.6126, 16.5755 ], [ 107.6358, 16.5695 ], [ 107.6506, 16.5625 ], [ 107.6553, 16.5571 ], [ 107.6659, 16.5543 ], [ 107.707, 16.5261 ], [ 107.7813, 16.4684 ], [ 107.8849, 16.3776 ], [ 107.8976, 16.3693 ], [ 107.9067, 16.3655 ], [ 107.9211, 16.3551 ], [ 107.933, 16.3421 ], [ 107.941, 16.341 ], [ 107.943, 16.3427 ], [ 107.9438, 16.348 ], [ 107.946, 16.3476 ], [ 107.9588, 16.3316 ], [ 107.9743, 16.3187 ], [ 107.9897, 16.3148 ], [ 108.0088, 16.3151 ], [ 108.022, 16.3237 ], [ 108.024, 16.3281 ], [ 108.0233, 16.3297 ], [ 108.0142, 16.3381 ], [ 108.0157, 16.3435 ], [ 108.0176, 16.345 ], [ 108.0219, 16.3444 ], [ 108.0271, 16.338 ], [ 108.0318, 16.3368 ], [ 108.0394, 16.32 ], [ 108.0399, 16.3159 ], [ 108.0366, 16.3114 ], [ 108.0409, 16.3002 ], [ 108.087, 16.2303 ], [ 108.0864, 16.228 ], [ 108.0848, 16.2279 ], [ 108.0806, 16.23 ], [ 108.0752, 16.2412 ], [ 108.0672, 16.253 ], [ 108.0617, 16.2528 ], [ 108.0561, 16.263 ], [ 108.045, 16.2655 ], [ 108.0348, 16.2614 ], [ 108.0321, 16.2561 ], [ 108.0329, 16.2474 ], [ 108.0384, 16.2307 ], [ 108.0548, 16.2175 ], [ 108.0567, 16.2173 ], [ 108.0714, 16.2259 ], [ 108.0789, 16.2247 ], [ 108.0852, 16.2218 ], [ 108.0931, 16.2255 ], [ 108.1178, 16.2132 ], [ 108.1251, 16.2168 ], [ 108.1301, 16.2172 ], [ 108.1406, 16.2138 ], [ 108.143, 16.2203 ], [ 108.1468, 16.2219 ], [ 108.1675, 16.2103 ], [ 108.179, 16.2139 ], [ 108.1812, 16.2168 ], [ 108.1924, 16.2114 ] ] ] } },
{ "type": "Feature", "properties": { "name": "Tien Giang", "epsg": 9210, "epsg_2025": 5897 }, "geometry": { "type": "Polygon", "coordinates": [ [ [ 106.7337, 10.4977 ], [ 106.7635, 10.4477 ], [ 106.7984, 10.41 ], [ 106.8088, 10.3835 ], [ 106.8257, 10.3294 ], [ 106.7974, 10.3167 ], [ 106.7809, 10.3073 ], [ 106.7807, 10.298 ], [ 106.7789, 10.2914 ], [ 106.7736, 10.2833 ], [ 106.7676, 10.2783 ], [ 106.769, 10.2429 ], [ 106.7753, 10.2359 ], [ 106.7796, 10.2269 ], [ 106.7784, 10.2212 ], [ 106.7735, 10.2172 ], [ 106.7725, 10.1915 ], [ 106.7539, 10.1916 ], [ 106.7384, 10.1964 ], [ 106.7142, 10.2096 ], [ 106.686, 10.2328 ], [ 106.6786, 10.2366 ], [ 106.5932, 10.2504 ], [ 106.535, 10.2686 ], [ 106.5266, 10.2732 ], [ 106.5174, 10.2831 ], [ 106.5017, 10.2892 ], [ 106.4798, 10.3043 ], [ 106.4695, 10.3082 ], [ 106.4447, 10.3082 ], [ 106.4048, 10.333 ], [ 106.3911, 10.3388 ], [ 106.3708, 10.341 ], [ 106.365, 10.34 ], [ 106.3025, 10.32 ], [ 106.297, 10.3207 ], [ 106.2858, 10.3294 ], [ 106.2495, 10.322 ], [ 106.219, 10.3187 ], [ 106.2025, 10.3146 ], [ 106.1412, 10.2853 ], [ 106.1059, 10.2848 ], [ 106.0863, 10.2777 ], [ 106.0737, 10.2798 ], [ 106.0327, 10.2998 ], [ 105.9896, 10.3318 ], [ 105.9781, 10.3302 ], [ 105.9239, 10.2852 ], [ 105.8992, 10.275 ], [ 105.8922, 10.2769 ], [ 105.8721, 10.2927 ], [ 105.8545, 10.2974 ], [ 105.8365, 10.2991 ], [ 105.8328, 10.3064 ], [ 105.8251, 10.3081 ], [ 105.82, 10.3114 ], [ 105.8206, 10.3149 ], [ 105.8275, 10.3195 ], [ 105.8152, 10.3236 ], [ 105.8174, 10.3366 ], [ 105.814, 10.3716 ], [ 105.8342, 10.3707 ], [ 105.8428, 10.367 ], [ 105.8579, 10.4092 ], [ 105.9401, 10.4957 ], [ 105.941, 10.5373 ], [ 106.1005, 10.5237 ], [ 106.0997, 10.5766 ], [ 106.1981, 10.5812 ], [ 106.2033, 10.5802 ], [ 106.285, 10.5881 ], [ 106.2944, 10.578 ], [ 106.3088, 10.5664 ], [ 106.318, 10.5711 ], [ 106.3338, 10.5515 ], [ 106.3466, 10.5454 ], [ 106.3462, 10.5291 ], [ 106.3559, 10.5233 ], [ 106.3591, 10.5251 ], [ 106.3679, 10.5186 ], [ 106.3679, 10.49 ], [ 106.3894, 10.4761 ], [ 106.398, 10.4859 ], [ 106.4014, 10.4948 ], [ 106.4152, 10.4892 ], [ 106.4156, 10.4834 ], [ 106.43, 10.4739 ], [ 106.4362, 10.4683 ], [ 106.4415, 10.4585 ], [ 106.4522, 10.452 ], [ 106.4431, 10.4498 ], [ 106.4345, 10.4417 ], [ 106.4265, 10.4376 ], [ 106.4129, 10.4359 ], [ 106.4122, 10.4334 ], [ 106.423, 10.4144 ], [ 106.4253, 10.4126 ], [ 106.4429, 10.4157 ], [ 106.4501, 10.4142 ], [ 106.454, 10.411 ], [ 106.4582, 10.4061 ], [ 106.4525, 10.4035 ], [ 106.4453, 10.4042 ], [ 106.4453, 10.4019 ], [ 106.4502, 10.3974 ], [ 106.4564, 10.3963 ], [ 106.4635, 10.4028 ], [ 106.4783, 10.3978 ], [ 106.4948, 10.4162 ], [ 106.5086, 10.4258 ], [ 106.5191, 10.4278 ], [ 106.5278, 10.4345 ], [ 106.5355, 10.4221 ], [ 106.5428, 10.4303 ], [ 106.5468, 10.4301 ], [ 106.5556, 10.426 ], [ 106.5567, 10.4245 ], [ 106.5561, 10.4145 ], [ 106.5574, 10.4134 ], [ 106.5825, 10.4176 ], [ 106.586, 10.4219 ], [ 106.5853, 10.4273 ], [ 106.5825, 10.4315 ], [ 106.583, 10.4368 ], [ 106.5873, 10.438 ], [ 106.5956, 10.4373 ], [ 106.6099, 10.4462 ], [ 106.6256, 10.4529 ], [ 106.6311, 10.4595 ], [ 106.636, 10.4786 ], [ 106.6393, 10.4823 ], [ 106.6456, 10.4848 ], [ 106.6522, 10.4828 ], [ 106.6575, 10.4754 ], [ 106.658, 10.45 ], [ 106.6605, 10.4444 ], [ 106.6636, 10.4415 ], [ 106.6697, 10.4395 ], [ 106.6806, 10.441 ], [ 106.6876, 10.4472 ], [ 106.6997, 10.4688 ], [ 106.7039, 10.4735 ], [ 106.7179, 10.4862 ], [ 106.7337, 10.4977 ] ] ] } },
{ "type": "Feature", "properties": { "name": "Ho Chi Minh city", "epsg": 9210, "epsg_2025": 9210 }, "geometry": { "type": "MultiPolygon", "coordinates": [ [ [ [ 106.9686, 10.4535 ], [ 106.9658, 10.454 ], [ 106.9717, 10.4622 ], [ 106.9709, 10.4693 ], [ 106.9728, 10.4731 ], [ 106.9759, 10.4748 ], [ 106.9741, 10.4694 ], [ 106.9751, 10.4614 ], [ 106.9686, 10.4535 ] ] ], [ [ [ 106.4738, 11.1433 ], [ 106.4901, 11.1444 ], [ 106.499, 11.1416 ], [ 106.5065, 11.1366 ], [ 106.5164, 11.1267 ], [ 106.5249, 11.1218 ], [ 106.526, 11.116 ], [ 106.5238, 11.1057 ], [ 106.5164, 11.1029 ], [ 106.5145, 11.0997 ], [ 106.5189, 11.0926 ], [ 106.5238, 11.0916 ], [ 106.5286, 11.0932 ], [ 106.5318, 11.0918 ], [ 106.5235, 11.079 ], [ 106.5228, 11.0732 ], [ 106.531, 11.0606 ], [ 106.5407, 11.0524 ], [ 106.5495, 11.0473 ], [ 106.5643, 11.0457 ], [ 106.5663, 11.0468 ], [ 106.5677, 11.0531 ], [ 106.5712, 11.0559 ], [ 106.5766, 11.051 ], [ 106.5807, 11.0393 ], [ 106.5828, 11.0375 ], [ 106.5892, 11.0384 ], [ 106.5914, 11.0446 ], [ 106.5947, 11.0467 ], [ 106.5992, 11.0459 ], [ 106.601, 11.0439 ], [ 106.6013, 11.04 ], [ 106.5939, 11.0293 ], [ 106.5946, 11.0209 ], [ 106.5998, 11.0154 ], [ 106.6133, 11.0134 ], [ 106.6177, 11.0104 ], [ 106.6193, 11.0043 ], [ 106.6142, 10.9918 ], [ 106.6239, 10.9816 ], [ 106.6318, 10.9785 ], [ 106.6432, 10.9819 ], [ 106.6474, 10.9799 ], [ 106.6495, 10.9329 ], [ 106.6566, 10.9254 ], [ 106.6659, 10.9216 ], [ 106.6778, 10.9245 ], [ 106.6833, 10.9226 ], [ 106.6925, 10.9031 ], [ 106.6923, 10.8953 ], [ 106.6869, 10.885 ], [ 106.6873, 10.8824 ], [ 106.7003, 10.8684 ], [ 106.7105, 10.8669 ], [ 106.7142, 10.8725 ], [ 106.711, 10.8808 ], [ 106.7145, 10.8957 ], [ 106.7164, 10.8976 ], [ 106.7295, 10.8924 ], [ 106.743, 10.8814 ], [ 106.7465, 10.8655 ], [ 106.7603, 10.8706 ], [ 106.7573, 10.8826 ], [ 106.7675, 10.8951 ], [ 106.7787, 10.8832 ], [ 106.7799, 10.8764 ], [ 106.7781, 10.8702 ], [ 106.7857, 10.8685 ], [ 106.8057, 10.8749 ], [ 106.8203, 10.8918 ], [ 106.8371, 10.903 ], [ 106.842, 10.8856 ], [ 106.8491, 10.8773 ], [ 106.8452, 10.8652 ], [ 106.846, 10.8604 ], [ 106.8536, 10.8452 ], [ 106.8777, 10.818 ], [ 106.8805, 10.8111 ], [ 106.877, 10.8027 ], [ 106.8641, 10.7924 ], [ 106.8628, 10.7897 ], [ 106.8638, 10.786 ], [ 106.8726, 10.7732 ], [ 106.8726, 10.7691 ], [ 106.8683, 10.7662 ], [ 106.8611, 10.7664 ], [ 106.852, 10.775 ], [ 106.8439, 10.7761 ], [ 106.8347, 10.7709 ], [ 106.826, 10.7609 ], [ 106.8233, 10.7609 ], [ 106.821, 10.7633 ], [ 106.824, 10.778 ], [ 106.8201, 10.7815 ], [ 106.8151, 10.781 ], [ 106.8062, 10.7739 ], [ 106.7997, 10.7618 ], [ 106.7753, 10.7505 ], [ 106.7645, 10.7414 ], [ 106.754, 10.7272 ], [ 106.7499, 10.7187 ], [ 106.7502, 10.7065 ], [ 106.7527, 10.6988 ], [ 106.7594, 10.6898 ], [ 106.7717, 10.6785 ], [ 106.7859, 10.6713 ], [ 106.8059, 10.6577 ], [ 106.8115, 10.6426 ], [ 106.8237, 10.6293 ], [ 106.8312, 10.6278 ], [ 106.8359, 10.6291 ], [ 106.8408, 10.6388 ], [ 106.8508, 10.6402 ], [ 106.8594, 10.6381 ], [ 106.8723, 10.6494 ], [ 106.8801, 10.649 ], [ 106.8836, 10.6413 ], [ 106.903, 10.6237 ], [ 106.9078, 10.6114 ], [ 106.9105, 10.6088 ], [ 106.9194, 10.6108 ], [ 106.9298, 10.6028 ], [ 106.9649, 10.5917 ], [ 106.9735, 10.5828 ], [ 106.9776, 10.5828 ], [ 106.9821, 10.58 ], [ 106.9777, 10.5644 ], [ 106.9862, 10.5542 ], [ 106.9831, 10.5407 ], [ 106.9849, 10.5329 ], [ 106.9902, 10.5295 ], [ 107.0032, 10.5312 ], [ 107.0115, 10.525 ], [ 107.0075, 10.5151 ], [ 106.998, 10.5072 ], [ 106.9964, 10.5036 ], [ 106.9925, 10.4727 ], [ 106.9707, 10.4808 ], [ 106.9649, 10.4641 ], [ 106.9618, 10.4643 ], [ 106.9461, 10.4296 ], [ 106.961, 10.4205 ], [ 106.9719, 10.4182 ], [ 106.9731, 10.4154 ], [ 106.9717, 10.4105 ], [ 106.9693, 10.4079 ], [ 106.9029, 10.3801 ], [ 106.8884, 10.3777 ], [ 106.8768, 10.378 ], [ 106.8642, 10.3436 ], [ 106.8257, 10.3294 ], [ 106.8088, 10.3835 ], [ 106.7984, 10.41 ], [ 106.7635, 10.4477 ], [ 106.7337, 10.4977 ], [ 106.7444, 10.5173 ], [ 106.7468, 10.5251 ], [ 106.7414, 10.5605 ], [ 106.7412, 10.5698 ], [ 106.744, 10.5772 ], [ 106.735, 10.5869 ], [ 106.7313, 10.5819 ], [ 106.7268, 10.5814 ], [ 106.7195, 10.5955 ], [ 106.7183, 10.6036 ], [ 106.7201, 10.6089 ], [ 106.727, 10.6187 ], [ 106.729, 10.6321 ], [ 106.7278, 10.6359 ], [ 106.7215, 10.6436 ], [ 106.7108, 10.6511 ], [ 106.6834, 10.6569 ], [ 106.6811, 10.6501 ], [ 106.6665, 10.6407 ], [ 106.6592, 10.6421 ], [ 106.6516, 10.6398 ], [ 106.6438, 10.6329 ], [ 106.6388, 10.626 ], [ 106.6277, 10.6278 ], [ 106.6276, 10.6428 ], [ 106.6161, 10.6545 ], [ 106.604, 10.6603 ], [ 106.6, 10.6517 ], [ 106.5942, 10.6541 ], [ 106.5829, 10.6559 ], [ 106.5585, 10.65 ], [ 106.5555, 10.6507 ], [ 106.547, 10.6595 ], [ 106.5511, 10.6665 ], [ 106.5519, 10.6722 ], [ 106.5474, 10.6885 ], [ 106.5338, 10.6869 ], [ 106.5182, 10.7246 ], [ 106.5076, 10.7187 ], [ 106.4874, 10.729 ], [ 106.4637, 10.7589 ], [ 106.499, 10.7865 ], [ 106.508, 10.807 ], [ 106.525, 10.8742 ], [ 106.5341, 10.9029 ], [ 106.4514, 10.9428 ], [ 106.4093, 10.9752 ], [ 106.3713, 10.9704 ], [ 106.3546, 10.9928 ], [ 106.3565, 10.9972 ], [ 106.3753, 11.0015 ], [ 106.3935, 11.002 ], [ 106.4105, 11.0092 ], [ 106.4068, 11.021 ], [ 106.4088, 11.0285 ], [ 106.4204, 11.0397 ], [ 106.4201, 11.0536 ], [ 106.4237, 11.0713 ], [ 106.424, 11.0922 ], [ 106.4276, 11.0938 ], [ 106.4349, 11.1136 ], [ 106.4457, 11.1367 ], [ 106.4508, 11.1378 ], [ 106.4542, 11.1417 ], [ 106.4552, 11.1454 ], [ 106.4495, 11.1531 ], [ 106.4497, 11.158 ], [ 106.4546, 11.1607 ], [ 106.4606, 11.1607 ], [ 106.4664, 11.1581 ], [ 106.4688, 11.1546 ], [ 106.4662, 11.1474 ], [ 106.4738, 11.1433 ] ] ] ] } },
{ "type": "Feature", "properties": { "name": "Tra Vinh", "epsg": 9209, "epsg_2025": 9209 }, "geometry": { "type": "Polygon", "coordinates": [ [ [ 106.2875, 10.0515 ], [ 106.3089, 10.0244 ], [ 106.3289, 10.0122 ], [ 106.3548, 10.0 ], [ 106.3734, 9.982 ], [ 106.3968, 9.9688 ], [ 106.4105, 9.9584 ], [ 106.4346, 9.9445 ], [ 106.4687, 9.9298 ], [ 106.4798, 9.9223 ], [ 106.49, 9.9134 ], [ 106.5266, 9.8722 ], [ 106.5701, 9.8335 ], [ 106.5876, 9.8085 ], [ 106.5962, 9.8002 ], [ 106.5606, 9.7454 ], [ 106.5642, 9.7428 ], [ 106.5689, 9.7315 ], [ 106.5687, 9.6971 ], [ 106.5747, 9.696 ], [ 106.5764, 9.6943 ], [ 106.5778, 9.6744 ], [ 106.5764, 9.666 ], [ 106.5652, 9.6351 ], [ 106.5522, 9.6109 ], [ 106.527, 9.5788 ], [ 106.4984, 9.5574 ], [ 106.4611, 9.5435 ], [ 106.4145, 9.5289 ], [ 106.4074, 9.5287 ], [ 106.4063, 9.53 ], [ 106.411, 9.5362 ], [ 106.405, 9.5374 ], [ 106.4035, 9.5394 ], [ 106.3933, 9.532 ], [ 106.3762, 9.5288 ], [ 106.3743, 9.5301 ], [ 106.3744, 9.5357 ], [ 106.379, 9.5412 ], [ 106.3675, 9.5554 ], [ 106.3414, 9.5804 ], [ 106.3281, 9.5893 ], [ 106.3138, 9.5939 ], [ 106.3019, 9.5842 ], [ 106.245, 9.6194 ], [ 106.2106, 9.6487 ], [ 106.1728, 9.684 ], [ 106.1512, 9.708 ], [ 106.1306, 9.7278 ], [ 106.1114, 9.7506 ], [ 106.0918, 9.7656 ], [ 106.0759, 9.7727 ], [ 106.0685, 9.7783 ], [ 106.0504, 9.802 ], [ 106.012, 9.8381 ], [ 105.9974, 9.8568 ], [ 105.9944, 9.8646 ], [ 105.9726, 9.895 ], [ 105.9519, 9.9206 ], [ 105.9524, 9.9224 ], [ 105.956, 9.9237 ], [ 105.9622, 9.9215 ], [ 105.9769, 9.9106 ], [ 105.9833, 9.9033 ], [ 105.9942, 9.9056 ], [ 106.0002, 9.9108 ], [ 106.012, 9.9171 ], [ 106.0184, 9.934 ], [ 106.0288, 9.9286 ], [ 106.0353, 9.9285 ], [ 106.0436, 9.9386 ], [ 106.0521, 9.9434 ], [ 106.052, 9.9481 ], [ 106.0725, 9.9444 ], [ 106.0834, 9.9623 ], [ 106.1111, 9.9396 ], [ 106.13, 9.9624 ], [ 106.1318, 9.9815 ], [ 106.1292, 9.9922 ], [ 106.1319, 9.9999 ], [ 106.1332, 10.0254 ], [ 106.1487, 10.0182 ], [ 106.1874, 10.0264 ], [ 106.1913, 10.0261 ], [ 106.2009, 10.0116 ], [ 106.206, 10.0064 ], [ 106.2122, 10.0047 ], [ 106.2192, 10.0151 ], [ 106.2301, 10.0246 ], [ 106.2296, 10.0422 ], [ 106.221, 10.0451 ], [ 106.2283, 10.0738 ], [ 106.2315, 10.0785 ], [ 106.2394, 10.0828 ], [ 106.2569, 10.0753 ], [ 106.2739, 10.0608 ], [ 106.2875, 10.0515 ] ] ] } },
{ "type": "Feature", "properties": { "name": "Tuyen Quang", "epsg": 9211, "epsg_2025": 9211 }, "geometry": { "type": "Polygon", "coordinates": [ [ [ 105.4963, 22.635 ], [ 105.5147, 22.6372 ], [ 105.5298, 22.6346 ], [ 105.5275, 22.6208 ], [ 105.5471, 22.6007 ], [ 105.5455, 22.5919 ], [ 105.5462, 22.5848 ], [ 105.5584, 22.5717 ], [ 105.5636, 22.5616 ], [ 105.5736, 22.5608 ], [ 105.5862, 22.5489 ], [ 105.5931, 22.5339 ], [ 105.596, 22.5214 ], [ 105.5957, 22.5182 ], [ 105.5904, 22.5099 ], [ 105.5912, 22.4995 ], [ 105.5955, 22.4894 ], [ 105.588, 22.4862 ], [ 105.5757, 22.4777 ], [ 105.5585, 22.4633 ], [ 105.5558, 22.455 ], [ 105.5542, 22.4393 ], [ 105.5471, 22.4382 ], [ 105.552, 22.4299 ], [ 105.5486, 22.4208 ], [ 105.5508, 22.4138 ], [ 105.5571, 22.4113 ], [ 105.566, 22.4194 ], [ 105.5685, 22.4202 ], [ 105.5694, 22.4191 ], [ 105.5591, 22.4036 ], [ 105.5552, 22.403 ], [ 105.534, 22.4086 ], [ 105.5175, 22.4021 ], [ 105.5152, 22.3857 ], [ 105.5121, 22.3764 ], [ 105.5149, 22.368 ], [ 105.5129, 22.3503 ], [ 105.5109, 22.3476 ], [ 105.4957, 22.3437 ], [ 105.4946, 22.341 ], [ 105.4963, 22.3314 ], [ 105.4944, 22.3209 ], [ 105.4835, 22.3195 ], [ 105.4808, 22.3178 ], [ 105.4773, 22.3106 ], [ 105.4775, 22.3048 ], [ 105.4793, 22.3025 ], [ 105.4896, 22.295 ], [ 105.4734, 22.288 ], [ 105.4592, 22.2851 ], [ 105.46, 22.2828 ], [ 105.4707, 22.2752 ], [ 105.4623, 22.2664 ], [ 105.4598, 22.2661 ], [ 105.4523, 22.2694 ], [ 105.4498, 22.2664 ], [ 105.4345, 22.261 ], [ 105.4394, 22.2322 ], [ 105.4341, 22.2288 ], [ 105.4331, 22.22 ], [ 105.4299, 22.2173 ], [ 105.431, 22.2125 ], [ 105.4429, 22.2003 ], [ 105.4493, 22.1912 ], [ 105.4532, 22.1888 ], [ 105.4582, 22.1905 ], [ 105.462, 22.1823 ], [ 105.4599, 22.1788 ], [ 105.4598, 22.1739 ], [ 105.4682, 22.1617 ], [ 105.4747, 22.1646 ], [ 105.491, 22.1582 ], [ 105.4907, 22.1522 ], [ 105.4809, 22.1473 ], [ 105.4733, 22.1387 ], [ 105.4738, 22.1281 ], [ 105.468, 22.1256 ], [ 105.4627, 22.1188 ], [ 105.4616, 22.1128 ], [ 105.4633, 22.1048 ], [ 105.4687, 22.1037 ], [ 105.4725, 22.0977 ], [ 105.4669, 22.0909 ], [ 105.4664, 22.0815 ], [ 105.4614, 22.0757 ], [ 105.4674, 22.0699 ], [ 105.475, 22.0583 ], [ 105.4877, 22.0452 ], [ 105.4875, 22.0372 ], [ 105.4913, 22.0255 ], [ 105.492, 22.0141 ], [ 105.4942, 22.0107 ], [ 105.5037, 22.0088 ], [ 105.5034, 21.9933 ], [ 105.5215, 21.9837 ], [ 105.531, 21.9687 ], [ 105.5383, 21.9654 ], [ 105.5491, 21.9638 ], [ 105.5538, 21.959 ], [ 105.5476, 21.9484 ], [ 105.5495, 21.9448 ], [ 105.5491, 21.9237 ], [ 105.5519, 21.919 ], [ 105.5509, 21.9096 ], [ 105.5433, 21.9052 ], [ 105.5447, 21.8972 ], [ 105.542, 21.8927 ], [ 105.5225, 21.8884 ], [ 105.5187, 21.8853 ], [ 105.5172, 21.8805 ], [ 105.5174, 21.8757 ], [ 105.5261, 21.8547 ], [ 105.5261, 21.8367 ], [ 105.5142, 21.8278 ], [ 105.5096, 21.833 ], [ 105.506, 21.8341 ], [ 105.4941, 21.8321 ], [ 105.4922, 21.8282 ], [ 105.4918, 21.805 ], [ 105.4956, 21.7944 ], [ 105.4933, 21.7793 ], [ 105.4999, 21.7713 ], [ 105.5141, 21.7753 ], [ 105.5229, 21.7702 ], [ 105.5236, 21.7677 ], [ 105.5168, 21.7579 ], [ 105.5077, 21.7513 ], [ 105.5102, 21.744 ], [ 105.5144, 21.7406 ], [ 105.5134, 21.7368 ], [ 105.503, 21.7307 ], [ 105.4979, 21.7247 ], [ 105.4928, 21.718 ], [ 105.4882, 21.7052 ], [ 105.4825, 21.7035 ], [ 105.4757, 21.6981 ], [ 105.4859, 21.6906 ], [ 105.4848, 21.682 ], [ 105.4793, 21.6794 ], [ 105.478, 21.6742 ], [ 105.4891, 21.6439 ], [ 105.4953, 21.64 ], [ 105.4974, 21.6354 ], [ 105.4983, 21.6312 ], [ 105.4952, 21.6193 ], [ 105.4976, 21.6162 ], [ 105.5043, 21.6129 ], [ 105.5203, 21.592 ], [ 105.5242, 21.5843 ], [ 105.5339, 21.5825 ], [ 105.5401, 21.5744 ], [ 105.5285, 21.5591 ], [ 105.5259, 21.5492 ], [ 105.5184, 21.5353 ], [ 105.511, 21.5368 ], [ 105.5027, 21.5291 ], [ 105.4957, 21.526 ], [ 105.4931, 21.5294 ], [ 105.4885, 21.5203 ], [ 105.4854, 21.5183 ], [ 105.4718, 21.524 ], [ 105.4688, 21.5197 ], [ 105.4656, 21.5181 ], [ 105.4611, 21.5171 ], [ 105.4567, 21.5192 ], [ 105.4542, 21.5171 ], [ 105.4531, 21.5116 ], [ 105.4382, 21.5105 ], [ 105.4285, 21.5069 ], [ 105.4217, 21.4982 ], [ 105.4162, 21.5089 ], [ 105.4102, 21.5135 ], [ 105.4009, 21.5146 ], [ 105.3945, 21.5113 ], [ 105.3885, 21.5122 ], [ 105.3845, 21.5206 ], [ 105.3689, 21.5256 ], [ 105.3637, 21.5248 ], [ 105.3599, 21.5206 ], [ 105.3567, 21.5196 ], [ 105.3456, 21.5198 ], [ 105.3419, 21.5185 ], [ 105.3359, 21.5113 ], [ 105.3372, 21.5047 ], [ 105.3229, 21.5077 ], [ 105.3214, 21.5119 ], [ 105.3175, 21.5142 ], [ 105.3011, 21.5097 ], [ 105.2941, 21.5163 ], [ 105.2931, 21.5242 ], [ 105.2947, 21.5324 ], [ 105.2917, 21.5381 ], [ 105.2802, 21.543 ], [ 105.2677, 21.5445 ], [ 105.265, 21.5471 ], [ 105.2647, 21.5497 ], [ 105.2722, 21.5575 ], [ 105.2728, 21.5603 ], [ 105.2696, 21.5645 ], [ 105.2551, 21.5748 ], [ 105.2473, 21.5841 ], [ 105.2452, 21.5956 ], [ 105.2421, 21.5994 ], [ 105.249, 21.6053 ], [ 105.2453, 21.6161 ], [ 105.231, 21.6193 ], [ 105.2245, 21.6281 ], [ 105.2241, 21.6329 ], [ 105.2316, 21.6393 ], [ 105.2355, 21.6458 ], [ 105.2324, 21.6598 ], [ 105.2075, 21.6623 ], [ 105.2021, 21.6642 ], [ 105.192, 21.6702 ], [ 105.1896, 21.6782 ], [ 105.1797, 21.6797 ], [ 105.1759, 21.6881 ], [ 105.1639, 21.6893 ], [ 105.1551, 21.683 ], [ 105.1541, 21.6884 ], [ 105.1492, 21.6934 ], [ 105.1481, 21.6997 ], [ 105.1429, 21.7013 ], [ 105.1312, 21.6978 ], [ 105.1223, 21.7053 ], [ 105.1123, 21.7062 ], [ 105.1025, 21.7094 ], [ 105.0998, 21.7173 ], [ 105.0892, 21.721 ], [ 105.0851, 21.7195 ], [ 105.0721, 21.7377 ], [ 105.0649, 21.7428 ], [ 105.0548, 21.7465 ], [ 105.0564, 21.7501 ], [ 105.0598, 21.7494 ], [ 105.067, 21.7523 ], [ 105.0727, 21.7589 ], [ 105.0723, 21.763 ], [ 105.0787, 21.772 ], [ 105.071, 21.7789 ], [ 105.0707, 21.7823 ], [ 105.0749, 21.7868 ], [ 105.078, 21.7878 ], [ 105.0865, 21.8079 ], [ 105.098, 21.8144 ], [ 105.0961, 21.8186 ], [ 105.0905, 21.8225 ], [ 105.0868, 21.8289 ], [ 105.0768, 21.8306 ], [ 105.0694, 21.8377 ], [ 105.0606, 21.8491 ], [ 105.0564, 21.8592 ], [ 105.0507, 21.86 ], [ 105.0434, 21.8653 ], [ 105.0404, 21.8735 ], [ 105.0398, 21.8858 ], [ 105.0349, 21.8921 ], [ 105.0245, 21.8928 ], [ 105.0209, 21.8952 ], [ 105.0172, 21.8951 ], [ 105.0119, 21.9 ], [ 105.0125, 21.9077 ], [ 105.0195, 21.9178 ], [ 105.0205, 21.9253 ], [ 105.0167, 21.9288 ], [ 105.0174, 21.936 ], [ 105.0074, 21.9377 ], [ 105.0021, 21.9354 ], [ 104.9953, 21.9297 ], [ 104.9876, 21.9321 ], [ 104.9854, 21.937 ], [ 104.9857, 21.9441 ], [ 104.9879, 21.95 ], [ 104.9912, 21.9529 ], [ 104.9933, 21.9622 ], [ 104.9906, 21.9733 ], [ 104.9979, 21.9883 ], [ 104.9943, 21.9941 ], [ 104.9893, 21.9949 ], [ 104.991, 21.9978 ], [ 104.988, 22.0032 ], [ 104.9943, 22.0154 ], [ 104.9909, 22.0213 ], [ 104.9956, 22.0449 ], [ 104.9865, 22.0457 ], [ 104.9719, 22.0426 ], [ 104.9697, 22.041 ], [ 104.9656, 22.0324 ], [ 104.9603, 22.0307 ], [ 104.9442, 22.0371 ], [ 104.939, 22.0453 ], [ 104.939, 22.0539 ], [ 104.9342, 22.0586 ], [ 104.926, 22.062 ], [ 104.9161, 22.06 ], [ 104.9005, 22.0656 ], [ 104.8926, 22.0732 ], [ 104.8842, 22.072 ], [ 104.8777, 22.0751 ], [ 104.8721, 22.0811 ], [ 104.8627, 22.0981 ], [ 104.8635, 22.1117 ], [ 104.8583, 22.1287 ], [ 104.8585, 22.1366 ], [ 104.8618, 22.143 ], [ 104.8568, 22.1541 ], [ 104.8532, 22.1582 ], [ 104.847, 22.1862 ], [ 104.8531, 22.1912 ], [ 104.8549, 22.1991 ], [ 104.8637, 22.2035 ], [ 104.874, 22.2013 ], [ 104.8747, 22.1991 ], [ 104.8725, 22.1965 ], [ 104.8778, 22.1873 ], [ 104.8862, 22.187 ], [ 104.8924, 22.1842 ], [ 104.8947, 22.1868 ], [ 104.8958, 22.1973 ], [ 104.902, 22.2137 ], [ 104.9037, 22.215 ], [ 104.908, 22.2122 ], [ 104.9118, 22.2162 ], [ 104.9103, 22.2239 ], [ 104.9108, 22.2375 ], [ 104.9163, 22.2413 ], [ 104.9074, 22.2508 ], [ 104.9044, 22.2608 ], [ 104.89, 22.2731 ], [ 104.8939, 22.2771 ], [ 104.9035, 22.2758 ], [ 104.9087, 22.2824 ], [ 104.9115, 22.291 ], [ 104.9188, 22.2903 ], [ 104.9198, 22.2933 ], [ 104.916, 22.3056 ], [ 104.9093, 22.3136 ], [ 104.9002, 22.3168 ], [ 104.8951, 22.3169 ], [ 104.8898, 22.3243 ], [ 104.8953, 22.3304 ], [ 104.8947, 22.3396 ], [ 104.8974, 22.3509 ], [ 104.9042, 22.3509 ], [ 104.9076, 22.3494 ], [ 104.9122, 22.3349 ], [ 104.9146, 22.3325 ], [ 104.9221, 22.3318 ], [ 104.9371, 22.3344 ], [ 104.9501, 22.3214 ], [ 104.966, 22.3202 ], [ 104.9782, 22.3259 ], [ 104.9826, 22.3244 ], [ 104.9918, 22.3157 ], [ 104.9941, 22.3034 ], [ 105.0033, 22.2998 ], [ 105.0056, 22.2969 ], [ 105.002, 22.284 ], [ 105.0059, 22.2796 ], [ 105.0064, 22.2717 ], [ 105.011, 22.2676 ], [ 105.0136, 22.2683 ], [ 105.0192, 22.2764 ], [ 105.0271, 22.2823 ], [ 105.0446, 22.289 ], [ 105.0466, 22.2914 ], [ 105.0471, 22.3005 ], [ 105.042, 22.3096 ], [ 105.0448, 22.3135 ], [ 105.0575, 22.3146 ], [ 105.0586, 22.3319 ], [ 105.0549, 22.3357 ], [ 105.05, 22.3377 ], [ 105.0472, 22.3443 ], [ 105.0392, 22.3532 ], [ 105.0466, 22.3582 ], [ 105.0604, 22.3576 ], [ 105.0762, 22.3534 ], [ 105.0814, 22.3549 ], [ 105.0833, 22.3571 ], [ 105.0841, 22.3647 ], [ 105.0707, 22.3857 ], [ 105.0735, 22.3944 ], [ 105.0757, 22.3966 ], [ 105.0853, 22.3958 ], [ 105.0889, 22.3969 ], [ 105.0981, 22.4137 ], [ 105.0982, 22.4213 ], [ 105.0948, 22.4298 ], [ 105.087, 22.4366 ], [ 105.0862, 22.4399 ], [ 105.1141, 22.4554 ], [ 105.116, 22.4577 ], [ 105.1154, 22.4612 ], [ 105.1092, 22.4662 ], [ 105.11, 22.4854 ], [ 105.1062, 22.4942 ], [ 105.1165, 22.5108 ], [ 105.125, 22.5327 ], [ 105.1254, 22.5392 ], [ 105.1234, 22.5479 ], [ 105.1188, 22.556 ], [ 105.1191, 22.5657 ], [ 105.1138, 22.5772 ], [ 105.1219, 22.5851 ], [ 105.132, 22.5913 ], [ 105.1279, 22.5976 ], [ 105.1261, 22.6068 ], [ 105.1377, 22.6154 ], [ 105.1393, 22.625 ], [ 105.1431, 22.6257 ], [ 105.1511, 22.6205 ], [ 105.1577, 22.6237 ], [ 105.1443, 22.6524 ], [ 105.1389, 22.6569 ], [ 105.1378, 22.6647 ], [ 105.1289, 22.6703 ], [ 105.1374, 22.6879 ], [ 105.1465, 22.6965 ], [ 105.1659, 22.6903 ], [ 105.1743, 22.6833 ], [ 105.2038, 22.6774 ], [ 105.2121, 22.6652 ], [ 105.2174, 22.6623 ], [ 105.2298, 22.6635 ], [ 105.2403, 22.6569 ], [ 105.2431, 22.6505 ], [ 105.2489, 22.654 ], [ 105.2746, 22.6463 ], [ 105.282, 22.6397 ], [ 105.284, 22.6359 ], [ 105.2861, 22.6287 ], [ 105.2857, 22.6175 ], [ 105.3088, 22.6138 ], [ 105.3111, 22.6084 ], [ 105.3143, 22.6053 ], [ 105.3164, 22.6064 ], [ 105.3148, 22.6142 ], [ 105.3162, 22.6233 ], [ 105.3234, 22.6274 ], [ 105.3244, 22.6374 ], [ 105.3271, 22.6393 ], [ 105.3435, 22.6409 ], [ 105.3588, 22.64 ], [ 105.3636, 22.6358 ], [ 105.3813, 22.629 ], [ 105.3934, 22.6303 ], [ 105.4016, 22.6248 ], [ 105.4101, 22.6129 ], [ 105.4286, 22.6096 ], [ 105.433, 22.6069 ], [ 105.4357, 22.61 ], [ 105.4388, 22.6104 ], [ 105.4405, 22.6057 ], [ 105.4485, 22.6109 ], [ 105.4531, 22.6092 ], [ 105.4575, 22.61 ], [ 105.4651, 22.6161 ], [ 105.4749, 22.6211 ], [ 105.4853, 22.6199 ], [ 105.494, 22.6282 ], [ 105.4963, 22.635 ] ] ] } },
{ "type": "Feature", "properties": { "name": "Vinh Long", "epsg": 9209, "epsg_2025": 9209 }, "geometry": { "type": "Polygon", "coordinates": [ [ [ 106.0327, 10.2998 ], [ 106.0271, 10.2863 ], [ 106.027, 10.2746 ], [ 106.0333, 10.2719 ], [ 106.0327, 10.2573 ], [ 106.0365, 10.2509 ], [ 106.0461, 10.2462 ], [ 106.0904, 10.2434 ], [ 106.1008, 10.2415 ], [ 106.1214, 10.2318 ], [ 106.1329, 10.2205 ], [ 106.1459, 10.2009 ], [ 106.1639, 10.1895 ], [ 106.1734, 10.1759 ], [ 106.1778, 10.1749 ], [ 106.1871, 10.1769 ], [ 106.1978, 10.1698 ], [ 106.2257, 10.141 ], [ 106.2461, 10.1104 ], [ 106.2631, 10.0909 ], [ 106.2775, 10.0698 ], [ 106.2875, 10.0515 ], [ 106.2739, 10.0608 ], [ 106.2569, 10.0753 ], [ 106.2394, 10.0828 ], [ 106.2315, 10.0785 ], [ 106.2283, 10.0738 ], [ 106.221, 10.0451 ], [ 106.2296, 10.0422 ], [ 106.2301, 10.0246 ], [ 106.2192, 10.0151 ], [ 106.2122, 10.0047 ], [ 106.206, 10.0064 ], [ 106.2009, 10.0116 ], [ 106.1913, 10.0261 ], [ 106.1874, 10.0264 ], [ 106.1487, 10.0182 ], [ 106.1332, 10.0254 ], [ 106.1319, 9.9999 ], [ 106.1292, 9.9922 ], [ 106.1318, 9.9815 ], [ 106.13, 9.9624 ], [ 106.1111, 9.9396 ], [ 106.0834, 9.9623 ], [ 106.0725, 9.9444 ], [ 106.052, 9.9481 ], [ 106.0521, 9.9434 ], [ 106.0436, 9.9386 ], [ 106.0353, 9.9285 ], [ 106.0288, 9.9286 ], [ 106.0184, 9.934 ], [ 106.012, 9.9171 ], [ 106.0002, 9.9108 ], [ 105.9942, 9.9056 ], [ 105.9833, 9.9033 ], [ 105.9769, 9.9106 ], [ 105.9622, 9.9215 ], [ 105.956, 9.9237 ], [ 105.9524, 9.9224 ], [ 105.9522, 9.9193 ], [ 105.9726, 9.895 ], [ 105.979, 9.8845 ], [ 105.9714, 9.8882 ], [ 105.9592, 9.9025 ], [ 105.9471, 9.91 ], [ 105.9193, 9.9313 ], [ 105.9147, 9.933 ], [ 105.9046, 9.9327 ], [ 105.9011, 9.9348 ], [ 105.8817, 9.9482 ], [ 105.8568, 9.9691 ], [ 105.8233, 10.008 ], [ 105.8047, 10.039 ], [ 105.7829, 10.0682 ], [ 105.7642, 10.0793 ], [ 105.7511, 10.0901 ], [ 105.7323, 10.0993 ], [ 105.7093, 10.1171 ], [ 105.6808, 10.135 ], [ 105.6839, 10.1393 ], [ 105.6824, 10.1425 ], [ 105.726, 10.206 ], [ 105.7462, 10.1984 ], [ 105.7575, 10.1837 ], [ 105.7629, 10.1795 ], [ 105.7731, 10.1906 ], [ 105.7996, 10.1565 ], [ 105.8165, 10.1505 ], [ 105.8237, 10.1499 ], [ 105.847, 10.151 ], [ 105.8496, 10.1611 ], [ 105.8645, 10.1549 ], [ 105.8688, 10.1553 ], [ 105.8724, 10.1673 ], [ 105.8682, 10.1698 ], [ 105.875, 10.1834 ], [ 105.8745, 10.1904 ], [ 105.8873, 10.1902 ], [ 105.8936, 10.187 ], [ 105.8974, 10.1927 ], [ 105.9116, 10.1935 ], [ 105.9179, 10.2119 ], [ 105.9108, 10.227 ], [ 105.9001, 10.2349 ], [ 105.9002, 10.2455 ], [ 105.8888, 10.2451 ], [ 105.8752, 10.2654 ], [ 105.8825, 10.2676 ], [ 105.8922, 10.2769 ], [ 105.8992, 10.275 ], [ 105.9223, 10.2841 ], [ 105.9715, 10.3255 ], [ 105.9783, 10.3304 ], [ 105.9843, 10.3319 ], [ 105.9896, 10.3318 ], [ 105.9951, 10.3287 ], [ 106.0327, 10.2998 ] ] ] } },
{ "type": "Feature", "properties": { "name": "Vinh Phuc", "epsg": 5897, "epsg_2025": 9208 }, "geometry": { "type": "Polygon", "coordinates": [ [ [ 105.783, 21.3603 ], [ 105.7883, 21.3462 ], [ 105.781, 21.3434 ], [ 105.775, 21.3389 ], [ 105.7699, 21.326 ], [ 105.7593, 21.3121 ], [ 105.7596, 21.3044 ], [ 105.7457, 21.2939 ], [ 105.7445, 21.2947 ], [ 105.74, 21.2887 ], [ 105.7353, 21.2884 ], [ 105.733, 21.2848 ], [ 105.7334, 21.2805 ], [ 105.7317, 21.2774 ], [ 105.7216, 21.2676 ], [ 105.7213, 21.2635 ], [ 105.7266, 21.2495 ], [ 105.7235, 21.2429 ], [ 105.7323, 21.2429 ], [ 105.7355, 21.2374 ], [ 105.7315, 21.2366 ], [ 105.7219, 21.2261 ], [ 105.7178, 21.2304 ], [ 105.7146, 21.2262 ], [ 105.7083, 21.2256 ], [ 105.7031, 21.2274 ], [ 105.7005, 21.2205 ], [ 105.6963, 21.2259 ], [ 105.6945, 21.2248 ], [ 105.6971, 21.2149 ], [ 105.6962, 21.2137 ], [ 105.6841, 21.2269 ], [ 105.6833, 21.231 ], [ 105.6864, 21.2353 ], [ 105.6794, 21.2355 ], [ 105.6771, 21.2304 ], [ 105.6741, 21.2284 ], [ 105.6698, 21.2313 ], [ 105.6651, 21.2401 ], [ 105.6598, 21.2362 ], [ 105.6562, 21.2358 ], [ 105.649, 21.2389 ], [ 105.6425, 21.2357 ], [ 105.6432, 21.2289 ], [ 105.6471, 21.2273 ], [ 105.6526, 21.2283 ], [ 105.6564, 21.2241 ], [ 105.6563, 21.2216 ], [ 105.6455, 21.2171 ], [ 105.6352, 21.2173 ], [ 105.6369, 21.2085 ], [ 105.6261, 21.211 ], [ 105.6196, 21.2104 ], [ 105.6148, 21.2051 ], [ 105.6181, 21.1967 ], [ 105.6233, 21.1928 ], [ 105.6264, 21.1878 ], [ 105.6254, 21.1738 ], [ 105.6173, 21.1764 ], [ 105.6107, 21.1757 ], [ 105.5717, 21.1631 ], [ 105.5722, 21.1577 ], [ 105.5568, 21.1533 ], [ 105.5125, 21.1574 ], [ 105.4917, 21.1618 ], [ 105.4818, 21.1664 ], [ 105.4669, 21.1782 ], [ 105.4691, 21.1806 ], [ 105.4646, 21.2018 ], [ 105.4568, 21.2258 ], [ 105.4467, 21.2423 ], [ 105.4411, 21.2476 ], [ 105.441, 21.261 ], [ 105.4388, 21.2658 ], [ 105.4471, 21.2658 ], [ 105.4511, 21.2941 ], [ 105.4474, 21.2973 ], [ 105.4483, 21.2998 ], [ 105.4538, 21.3042 ], [ 105.454, 21.3121 ], [ 105.4454, 21.3242 ], [ 105.4357, 21.3322 ], [ 105.4025, 21.3499 ], [ 105.3934, 21.3605 ], [ 105.3903, 21.3683 ], [ 105.3899, 21.386 ], [ 105.3966, 21.4133 ], [ 105.387, 21.429 ], [ 105.3824, 21.4325 ], [ 105.3722, 21.4353 ], [ 105.3629, 21.4318 ], [ 105.3497, 21.4191 ], [ 105.3445, 21.4195 ], [ 105.3413, 21.4223 ], [ 105.3395, 21.4289 ], [ 105.3415, 21.4451 ], [ 105.3308, 21.4842 ], [ 105.3213, 21.4967 ], [ 105.3208, 21.5004 ], [ 105.3229, 21.5077 ], [ 105.3375, 21.5048 ], [ 105.3359, 21.5113 ], [ 105.3419, 21.5185 ], [ 105.3456, 21.5198 ], [ 105.3567, 21.5196 ], [ 105.3599, 21.5206 ], [ 105.3637, 21.5248 ], [ 105.3689, 21.5256 ], [ 105.3845, 21.5206 ], [ 105.3885, 21.5122 ], [ 105.3945, 21.5113 ], [ 105.4009, 21.5146 ], [ 105.4102, 21.5135 ], [ 105.4162, 21.5089 ], [ 105.4217, 21.4982 ], [ 105.4285, 21.5069 ], [ 105.4382, 21.5105 ], [ 105.4531, 21.5116 ], [ 105.4542, 21.5171 ], [ 105.4567, 21.5192 ], [ 105.4611, 21.5171 ], [ 105.4656, 21.5181 ], [ 105.4688, 21.5197 ], [ 105.4718, 21.524 ], [ 105.4854, 21.5183 ], [ 105.4885, 21.5203 ], [ 105.4931, 21.5294 ], [ 105.4957, 21.526 ], [ 105.5027, 21.5291 ], [ 105.511, 21.5368 ], [ 105.5184, 21.5353 ], [ 105.5259, 21.5492 ], [ 105.5285, 21.5591 ], [ 105.5371, 21.5688 ], [ 105.5402, 21.575 ], [ 105.5503, 21.574 ], [ 105.5549, 21.5714 ], [ 105.5641, 21.5571 ], [ 105.5808, 21.541 ], [ 105.5832, 21.5362 ], [ 105.5973, 21.5332 ], [ 105.6016, 21.5302 ], [ 105.6052, 21.5246 ], [ 105.6056, 21.518 ], [ 105.6095, 21.5135 ], [ 105.6096, 21.5072 ], [ 105.6247, 21.4971 ], [ 105.6329, 21.4939 ], [ 105.6304, 21.488 ], [ 105.6296, 21.4802 ], [ 105.6417, 21.471 ], [ 105.6444, 21.4651 ], [ 105.6503, 21.4583 ], [ 105.6624, 21.4609 ], [ 105.6725, 21.459 ], [ 105.6765, 21.4564 ], [ 105.6865, 21.4432 ], [ 105.6944, 21.4405 ], [ 105.7025, 21.4407 ], [ 105.712, 21.4311 ], [ 105.7224, 21.4341 ], [ 105.7229, 21.4265 ], [ 105.7193, 21.4164 ], [ 105.7277, 21.4103 ], [ 105.7436, 21.4171 ], [ 105.7471, 21.4169 ], [ 105.751, 21.4142 ], [ 105.7606, 21.4022 ], [ 105.7624, 21.3976 ], [ 105.7633, 21.3906 ], [ 105.7579, 21.3797 ], [ 105.7664, 21.376 ], [ 105.7717, 21.3703 ], [ 105.7743, 21.3615 ], [ 105.783, 21.3603 ] ] ] } },
{ "type": "Feature", "properties": { "name": "Yen Bai", "epsg": 9208, "epsg_2025": 9208 }, "geometry": { "type": "Polygon", "coordinates": [ [ [ 104.847, 22.1862 ], [ 104.8532, 22.1582 ], [ 104.8568, 22.1541 ], [ 104.8618, 22.143 ], [ 104.8585, 22.1366 ], [ 104.8583, 22.1287 ], [ 104.8635, 22.1117 ], [ 104.8627, 22.0981 ], [ 104.8721, 22.0811 ], [ 104.8777, 22.0751 ], [ 104.8842, 22.072 ], [ 104.8926, 22.0732 ], [ 104.9005, 22.0656 ], [ 104.9161, 22.06 ], [ 104.926, 22.062 ], [ 104.9342, 22.0586 ], [ 104.939, 22.0539 ], [ 104.939, 22.0453 ], [ 104.9442, 22.0371 ], [ 104.9603, 22.0307 ], [ 104.9656, 22.0324 ], [ 104.9697, 22.041 ], [ 104.9719, 22.0426 ], [ 104.9865, 22.0457 ], [ 104.9956, 22.0449 ], [ 104.9909, 22.0213 ], [ 104.9943, 22.0154 ], [ 104.988, 22.0032 ], [ 104.991, 21.9978 ], [ 104.9893, 21.9949 ], [ 104.9943, 21.9941 ], [ 104.9979, 21.9883 ], [ 104.9906, 21.9733 ], [ 104.9933, 21.9622 ], [ 104.9912, 21.9529 ], [ 104.9879, 21.95 ], [ 104.9857, 21.9441 ], [ 104.9854, 21.937 ], [ 104.9876, 21.9321 ], [ 104.9953, 21.9297 ], [ 105.0021, 21.9354 ], [ 105.0074, 21.9377 ], [ 105.0174, 21.936 ], [ 105.0167, 21.9288 ], [ 105.0205, 21.9253 ], [ 105.0195, 21.9178 ], [ 105.0125, 21.9077 ], [ 105.0119, 21.9 ], [ 105.0172, 21.8951 ], [ 105.0209, 21.8952 ], [ 105.0245, 21.8928 ], [ 105.0349, 21.8921 ], [ 105.0398, 21.8858 ], [ 105.0404, 21.8735 ], [ 105.0434, 21.8653 ], [ 105.0507, 21.86 ], [ 105.0564, 21.8592 ], [ 105.0606, 21.8491 ], [ 105.0694, 21.8377 ], [ 105.0768, 21.8306 ], [ 105.0868, 21.8289 ], [ 105.0905, 21.8225 ], [ 105.0961, 21.8186 ], [ 105.098, 21.8144 ], [ 105.0865, 21.8079 ], [ 105.078, 21.7878 ], [ 105.0749, 21.7868 ], [ 105.0707, 21.7823 ], [ 105.071, 21.7789 ], [ 105.0787, 21.772 ], [ 105.0723, 21.763 ], [ 105.0727, 21.7589 ], [ 105.067, 21.7523 ], [ 105.0598, 21.7494 ], [ 105.0564, 21.7501 ], [ 105.0548, 21.7472 ], [ 105.0649, 21.7428 ], [ 105.0721, 21.7377 ], [ 105.0831, 21.7229 ], [ 105.0887, 21.7131 ], [ 105.0846, 21.7042 ], [ 105.0941, 21.6997 ], [ 105.0973, 21.6885 ], [ 105.0964, 21.6832 ], [ 105.0766, 21.6833 ], [ 105.066, 21.6859 ], [ 105.0593, 21.691 ], [ 105.0565, 21.6872 ], [ 105.0528, 21.6871 ], [ 105.0445, 21.6905 ], [ 105.03, 21.7018 ], [ 105.0242, 21.6966 ], [ 105.0186, 21.6962 ], [ 105.017, 21.6893 ], [ 104.9976, 21.6886 ], [ 104.9973, 21.6866 ], [ 104.9995, 21.6843 ], [ 104.9981, 21.6804 ], [ 104.9944, 21.6802 ], [ 104.9785, 21.6741 ], [ 104.9839, 21.6691 ], [ 104.9838, 21.6619 ], [ 104.9767, 21.6608 ], [ 104.9632, 21.6534 ], [ 104.9604, 21.6546 ], [ 104.9553, 21.6611 ], [ 104.952, 21.6619 ], [ 104.9407, 21.6539 ], [ 104.9361, 21.6525 ], [ 104.9357, 21.6482 ], [ 104.9317, 21.6434 ], [ 104.9192, 21.6411 ], [ 104.9065, 21.633 ], [ 104.9018, 21.6271 ], [ 104.9039, 21.61 ], [ 104.8922, 21.6099 ], [ 104.8867, 21.6113 ], [ 104.8911, 21.6038 ], [ 104.8915, 21.5947 ], [ 104.8961, 21.5777 ], [ 104.8959, 21.5653 ], [ 104.8889, 21.5602 ], [ 104.8716, 21.5571 ], [ 104.8663, 21.5498 ], [ 104.8674, 21.5421 ], [ 104.8774, 21.5347 ], [ 104.8827, 21.5238 ], [ 104.8805, 21.5095 ], [ 104.885, 21.4959 ], [ 104.8918, 21.4854 ], [ 104.8921, 21.4786 ], [ 104.896, 21.469 ], [ 104.9093, 21.4494 ], [ 104.9107, 21.441 ], [ 104.9099, 21.4334 ], [ 104.9043, 21.4295 ], [ 104.9065, 21.419 ], [ 104.9059, 21.4144 ], [ 104.8998, 21.4092 ], [ 104.8931, 21.394 ], [ 104.8858, 21.3944 ], [ 104.8816, 21.3918 ], [ 104.8804, 21.3891 ], [ 104.8801, 21.3841 ], [ 104.8831, 21.3803 ], [ 104.8824, 21.3734 ], [ 104.8924, 21.365 ], [ 104.8987, 21.3536 ], [ 104.8946, 21.3451 ], [ 104.8802, 21.3436 ], [ 104.8717, 21.349 ], [ 104.8613, 21.3661 ], [ 104.8527, 21.3654 ], [ 104.8525, 21.3531 ], [ 104.8444, 21.3532 ], [ 104.8431, 21.3517 ], [ 104.8479, 21.3405 ], [ 104.8462, 21.3391 ], [ 104.8407, 21.3378 ], [ 104.8192, 21.3392 ], [ 104.8092, 21.3324 ], [ 104.8049, 21.3313 ], [ 104.8004, 21.3317 ], [ 104.7936, 21.3362 ], [ 104.7757, 21.3266 ], [ 104.7676, 21.3309 ], [ 104.7668, 21.3473 ], [ 104.7587, 21.3473 ], [ 104.7553, 21.35 ], [ 104.7553, 21.3532 ], [ 104.7494, 21.352 ], [ 104.7474, 21.353 ], [ 104.7454, 21.363 ], [ 104.7471, 21.3642 ], [ 104.7473, 21.3671 ], [ 104.7429, 21.3689 ], [ 104.7329, 21.3828 ], [ 104.7315, 21.3927 ], [ 104.7338, 21.4025 ], [ 104.7323, 21.407 ], [ 104.7236, 21.4019 ], [ 104.7087, 21.4011 ], [ 104.7027, 21.4065 ], [ 104.6954, 21.4012 ], [ 104.6881, 21.4011 ], [ 104.6866, 21.3952 ], [ 104.6874, 21.3863 ], [ 104.6853, 21.3818 ], [ 104.6817, 21.3776 ], [ 104.6735, 21.3765 ], [ 104.6579, 21.3815 ], [ 104.6507, 21.3855 ], [ 104.6445, 21.3841 ], [ 104.6369, 21.3882 ], [ 104.6297, 21.3943 ], [ 104.623, 21.3967 ], [ 104.6129, 21.4032 ], [ 104.6036, 21.417 ], [ 104.5873, 21.4238 ], [ 104.582, 21.4212 ], [ 104.5796, 21.4168 ], [ 104.5789, 21.4109 ], [ 104.5772, 21.4093 ], [ 104.5691, 21.413 ], [ 104.5618, 21.4106 ], [ 104.5539, 21.4102 ], [ 104.5366, 21.415 ], [ 104.5281, 21.4145 ], [ 104.5209, 21.4077 ], [ 104.5165, 21.3993 ], [ 104.513, 21.3963 ], [ 104.5125, 21.39 ], [ 104.5031, 21.3784 ], [ 104.4986, 21.3753 ], [ 104.493, 21.3739 ], [ 104.4828, 21.3662 ], [ 104.4813, 21.3604 ], [ 104.4744, 21.3536 ], [ 104.466, 21.3524 ], [ 104.445, 21.3578 ], [ 104.4332, 21.3551 ], [ 104.4267, 21.3557 ], [ 104.4181, 21.3618 ], [ 104.4192, 21.375 ], [ 104.4109, 21.3866 ], [ 104.3968, 21.3918 ], [ 104.3917, 21.3999 ], [ 104.3814, 21.4036 ], [ 104.368, 21.3993 ], [ 104.3611, 21.403 ], [ 104.3527, 21.4148 ], [ 104.3452, 21.4205 ], [ 104.3408, 21.4186 ], [ 104.3422, 21.4131 ], [ 104.3376, 21.4092 ], [ 104.3285, 21.4105 ], [ 104.3216, 21.4188 ], [ 104.3179, 21.4286 ], [ 104.3017, 21.4346 ], [ 104.3009, 21.4381 ], [ 104.2967, 21.4396 ], [ 104.3011, 21.4545 ], [ 104.3001, 21.4572 ], [ 104.2918, 21.4599 ], [ 104.2868, 21.4635 ], [ 104.2807, 21.4714 ], [ 104.2812, 21.4855 ], [ 104.2841, 21.4882 ], [ 104.2825, 21.4911 ], [ 104.283, 21.494 ], [ 104.2908, 21.5034 ], [ 104.293, 21.5124 ], [ 104.291, 21.5189 ], [ 104.2918, 21.5253 ], [ 104.2875, 21.5322 ], [ 104.2811, 21.5379 ], [ 104.2753, 21.552 ], [ 104.2802, 21.5575 ], [ 104.2805, 21.5603 ], [ 104.2861, 21.5685 ], [ 104.2955, 21.573 ], [ 104.2913, 21.5903 ], [ 104.2857, 21.6007 ], [ 104.3041, 21.6096 ], [ 104.3078, 21.6143 ], [ 104.3166, 21.6203 ], [ 104.3207, 21.6283 ], [ 104.3249, 21.6303 ], [ 104.3293, 21.638 ], [ 104.3376, 21.6422 ], [ 104.3384, 21.6478 ], [ 104.3366, 21.6546 ], [ 104.3197, 21.655 ], [ 104.3137, 21.6577 ], [ 104.2962, 21.6533 ], [ 104.2865, 21.662 ], [ 104.2698, 21.6658 ], [ 104.2565, 21.6642 ], [ 104.254, 21.6669 ], [ 104.2538, 21.6706 ], [ 104.2515, 21.6722 ], [ 104.2369, 21.6707 ], [ 104.2152, 21.6734 ], [ 104.211, 21.6706 ], [ 104.2086, 21.6649 ], [ 104.1921, 21.6483 ], [ 104.1713, 21.6498 ], [ 104.1597, 21.6559 ], [ 104.1549, 21.6565 ], [ 104.1208, 21.6526 ], [ 104.1136, 21.6477 ], [ 104.107, 21.6464 ], [ 104.103, 21.6464 ], [ 104.0999, 21.6484 ], [ 104.0912, 21.643 ], [ 104.0855, 21.6445 ], [ 104.0774, 21.6507 ], [ 104.048, 21.6583 ], [ 104.0419, 21.6637 ], [ 104.0355, 21.6662 ], [ 104.0314, 21.6707 ], [ 104.0246, 21.6728 ], [ 104.0219, 21.6698 ], [ 104.0038, 21.667 ], [ 104.0042, 21.6714 ], [ 104.0026, 21.6733 ], [ 103.9936, 21.6767 ], [ 103.9858, 21.6753 ], [ 103.9809, 21.6791 ], [ 103.9679, 21.6654 ], [ 103.9662, 21.6654 ], [ 103.9644, 21.6698 ], [ 103.9626, 21.6705 ], [ 103.9343, 21.6716 ], [ 103.9357, 21.692 ], [ 103.9201, 21.7017 ], [ 103.921, 21.7044 ], [ 103.9197, 21.7088 ], [ 103.9107, 21.7169 ], [ 103.9176, 21.7281 ], [ 103.9142, 21.736 ], [ 103.9294, 21.7434 ], [ 103.9367, 21.7449 ], [ 103.9459, 21.7447 ], [ 103.9515, 21.7423 ], [ 103.95, 21.7575 ], [ 103.9617, 21.7578 ], [ 103.965, 21.7707 ], [ 103.9576, 21.7787 ], [ 103.9536, 21.7881 ], [ 103.9492, 21.7906 ], [ 103.9499, 21.8005 ], [ 103.937, 21.8139 ], [ 103.9337, 21.8201 ], [ 103.9163, 21.8301 ], [ 103.9157, 21.832 ], [ 103.9188, 21.8342 ], [ 103.9184, 21.8379 ], [ 103.888, 21.8661 ], [ 103.8847, 21.9069 ], [ 103.8904, 21.9217 ], [ 103.8965, 21.9215 ], [ 103.9082, 21.9243 ], [ 103.917, 21.9327 ], [ 103.9212, 21.9316 ], [ 103.9331, 21.9223 ], [ 103.9419, 21.9194 ], [ 103.9611, 21.9399 ], [ 103.9622, 21.9487 ], [ 103.9681, 21.9589 ], [ 103.9759, 21.9614 ], [ 103.9829, 21.9679 ], [ 103.9871, 21.9661 ], [ 103.993, 21.9592 ], [ 103.9952, 21.9501 ], [ 103.9897, 21.9411 ], [ 103.9905, 21.9365 ], [ 103.9978, 21.9261 ], [ 104.0092, 21.9198 ], [ 104.0425, 21.9164 ], [ 104.0713, 21.9059 ], [ 104.0781, 21.9051 ], [ 104.08, 21.9057 ], [ 104.0876, 21.9162 ], [ 104.0922, 21.9169 ], [ 104.1079, 21.9112 ], [ 104.1212, 21.9088 ], [ 104.1409, 21.8967 ], [ 104.1939, 21.8896 ], [ 104.2117, 21.894 ], [ 104.2282, 21.9025 ], [ 104.2295, 21.9211 ], [ 104.2259, 21.9271 ], [ 104.2169, 21.9361 ], [ 104.2092, 21.9404 ], [ 104.2066, 21.9442 ], [ 104.2079, 21.9478 ], [ 104.2115, 21.9501 ], [ 104.2152, 21.9499 ], [ 104.2401, 21.9412 ], [ 104.251, 21.9339 ], [ 104.2554, 21.9327 ], [ 104.2644, 21.9337 ], [ 104.2819, 21.9412 ], [ 104.291, 21.9292 ], [ 104.323, 21.9192 ], [ 104.324, 21.9134 ], [ 104.3379, 21.8865 ], [ 104.3511, 21.8774 ], [ 104.3539, 21.8775 ], [ 104.3746, 21.8921 ], [ 104.3842, 21.9008 ], [ 104.3854, 21.9123 ], [ 104.3939, 21.9205 ], [ 104.4011, 21.9208 ], [ 104.425, 21.9363 ], [ 104.4306, 21.9482 ], [ 104.4254, 21.9572 ], [ 104.4278, 21.9761 ], [ 104.4195, 21.998 ], [ 104.4188, 22.0052 ], [ 104.4156, 22.0105 ], [ 104.4139, 22.0263 ], [ 104.3855, 22.0634 ], [ 104.3783, 22.0684 ], [ 104.3771, 22.0828 ], [ 104.3777, 22.0921 ], [ 104.3875, 22.0961 ], [ 104.3885, 22.1043 ], [ 104.3945, 22.1148 ], [ 104.4047, 22.1182 ], [ 104.4016, 22.1289 ], [ 104.3943, 22.1393 ], [ 104.3979, 22.1408 ], [ 104.3999, 22.146 ], [ 104.4004, 22.1501 ], [ 104.3976, 22.1581 ], [ 104.3943, 22.1605 ], [ 104.3896, 22.1613 ], [ 104.3823, 22.1765 ], [ 104.3948, 22.1786 ], [ 104.4028, 22.1919 ], [ 104.4137, 22.2007 ], [ 104.4176, 22.2013 ], [ 104.4265, 22.1989 ], [ 104.4336, 22.1939 ], [ 104.4397, 22.1859 ], [ 104.4521, 22.1861 ], [ 104.4545, 22.1824 ], [ 104.4565, 22.1696 ], [ 104.4669, 22.1655 ], [ 104.4839, 22.1454 ], [ 104.5179, 22.1249 ], [ 104.5435, 22.1009 ], [ 104.5476, 22.0942 ], [ 104.5604, 22.0881 ], [ 104.5629, 22.0892 ], [ 104.5697, 22.099 ], [ 104.5694, 22.1039 ], [ 104.5739, 22.111 ], [ 104.5824, 22.1133 ], [ 104.5787, 22.1169 ], [ 104.577, 22.1213 ], [ 104.579, 22.1395 ], [ 104.5835, 22.1449 ], [ 104.5796, 22.1566 ], [ 104.587, 22.1609 ], [ 104.5828, 22.1682 ], [ 104.5816, 22.1781 ], [ 104.5886, 22.1826 ], [ 104.5916, 22.1816 ], [ 104.598, 22.1839 ], [ 104.6015, 22.1764 ], [ 104.6135, 22.1764 ], [ 104.6173, 22.1792 ], [ 104.6241, 22.1732 ], [ 104.6228, 22.1798 ], [ 104.6173, 22.1891 ], [ 104.6135, 22.2074 ], [ 104.6268, 22.2202 ], [ 104.6185, 22.225 ], [ 104.6124, 22.2263 ], [ 104.5962, 22.2196 ], [ 104.5936, 22.2198 ], [ 104.5849, 22.225 ], [ 104.5826, 22.2328 ], [ 104.585, 22.2518 ], [ 104.5845, 22.2648 ], [ 104.588, 22.27 ], [ 104.5926, 22.2732 ], [ 104.6021, 22.288 ], [ 104.6065, 22.2907 ], [ 104.6252, 22.2888 ], [ 104.6372, 22.2808 ], [ 104.6589, 22.2744 ], [ 104.6621, 22.2749 ], [ 104.6644, 22.2779 ], [ 104.6673, 22.2779 ], [ 104.6769, 22.2665 ], [ 104.6859, 22.2622 ], [ 104.7018, 22.2646 ], [ 104.7148, 22.262 ], [ 104.7199, 22.2595 ], [ 104.7221, 22.2566 ], [ 104.7281, 22.2359 ], [ 104.7274, 22.2258 ], [ 104.719, 22.2171 ], [ 104.7223, 22.201 ], [ 104.7275, 22.197 ], [ 104.7355, 22.1946 ], [ 104.7389, 22.1866 ], [ 104.7465, 22.1878 ], [ 104.7539, 22.1855 ], [ 104.7545, 22.1747 ], [ 104.7595, 22.1712 ], [ 104.7761, 22.1667 ], [ 104.7784, 22.1681 ], [ 104.778, 22.1722 ], [ 104.7797, 22.1732 ], [ 104.7916, 22.1737 ], [ 104.798, 22.1713 ], [ 104.8111, 22.174 ], [ 104.8166, 22.1798 ], [ 104.8157, 22.1868 ], [ 104.8223, 22.1844 ], [ 104.8287, 22.1788 ], [ 104.8382, 22.1812 ], [ 104.847, 22.1862 ] ] ] } },
{ "type": "Feature", "properties": { "name": "Da Nang city", "epsg": 5899, "epsg_2025": 5899 }, "geometry": { "type": "MultiPolygon", "coordinates": [ [ [ [ 107.9107, 16.216 ], [ 107.9282, 16.1987 ], [ 107.9543, 16.1902 ], [ 107.9663, 16.1946 ], [ 107.9708, 16.1999 ], [ 107.9773, 16.2036 ], [ 107.982, 16.2118 ], [ 107.9874, 16.2144 ], [ 107.9911, 16.211 ], [ 108.0036, 16.2061 ], [ 108.0122, 16.1952 ], [ 108.0345, 16.1922 ], [ 108.0569, 16.1801 ], [ 108.0644, 16.1845 ], [ 108.0814, 16.1837 ], [ 108.0899, 16.1813 ], [ 108.0988, 16.1877 ], [ 108.1141, 16.1824 ], [ 108.1203, 16.183 ], [ 108.127, 16.1866 ], [ 108.1432, 16.1999 ], [ 108.155, 16.2065 ], [ 108.1676, 16.204 ], [ 108.1924, 16.2114 ], [ 108.1914, 16.2018 ], [ 108.1781, 16.2006 ], [ 108.1727, 16.1954 ], [ 108.1641, 16.1942 ], [ 108.1544, 16.1903 ], [ 108.1514, 16.183 ], [ 108.1518, 16.1624 ], [ 108.1466, 16.1616 ], [ 108.1433, 16.1662 ], [ 108.1369, 16.1636 ], [ 108.1345, 16.154 ], [ 108.1376, 16.1461 ], [ 108.1334, 16.1415 ], [ 108.1238, 16.1421 ], [ 108.1211, 16.1372 ], [ 108.1211, 16.1322 ], [ 108.123, 16.1243 ], [ 108.1322, 16.1194 ], [ 108.13, 16.1149 ], [ 108.1308, 16.112 ], [ 108.1421, 16.0986 ], [ 108.1526, 16.09 ], [ 108.1677, 16.0813 ], [ 108.1848, 16.075 ], [ 108.197, 16.0741 ], [ 108.2049, 16.0777 ], [ 108.2129, 16.0893 ], [ 108.2166, 16.0891 ], [ 108.2207, 16.0862 ], [ 108.2227, 16.0825 ], [ 108.2216, 16.0524 ], [ 108.228, 16.049 ], [ 108.2316, 16.0413 ], [ 108.2324, 16.0339 ], [ 108.2306, 16.0314 ], [ 108.2225, 16.029 ], [ 108.2164, 16.0223 ], [ 108.209, 16.0177 ], [ 108.205, 16.0121 ], [ 108.2044, 16.0087 ], [ 108.2135, 16.0122 ], [ 108.2154, 16.0169 ], [ 108.2222, 16.0238 ], [ 108.2336, 16.0228 ], [ 108.237, 16.0251 ], [ 108.2349, 16.0429 ], [ 108.2294, 16.0537 ], [ 108.2257, 16.089 ], [ 108.2221, 16.0971 ], [ 108.2246, 16.0989 ], [ 108.2304, 16.0979 ], [ 108.2322, 16.0951 ], [ 108.2294, 16.0935 ], [ 108.2293, 16.0908 ], [ 108.2345, 16.0912 ], [ 108.241, 16.0992 ], [ 108.2403, 16.1094 ], [ 108.2376, 16.1127 ], [ 108.2306, 16.1166 ], [ 108.2206, 16.1185 ], [ 108.2151, 16.1173 ], [ 108.2111, 16.1234 ], [ 108.2127, 16.1258 ], [ 108.2184, 16.1262 ], [ 108.2198, 16.132 ], [ 108.2262, 16.1364 ], [ 108.2305, 16.1473 ], [ 108.2452, 16.1562 ], [ 108.2504, 16.1557 ], [ 108.258, 16.1522 ], [ 108.2709, 16.135 ], [ 108.2734, 16.1347 ], [ 108.2817, 16.1387 ], [ 108.2857, 16.1381 ], [ 108.2927, 16.1333 ], [ 108.2982, 16.1267 ], [ 108.3037, 16.124 ], [ 108.3085, 16.1262 ], [ 108.3108, 16.1425 ], [ 108.3155, 16.1457 ], [ 108.3194, 16.1437 ], [ 108.3365, 16.1217 ], [ 108.3371, 16.1187 ], [ 108.3178, 16.1157 ], [ 108.311, 16.1121 ], [ 108.3087, 16.1084 ], [ 108.3081, 16.0984 ], [ 108.3053, 16.0966 ], [ 108.3018, 16.0971 ], [ 108.2975, 16.105 ], [ 108.2938, 16.1063 ], [ 108.2833, 16.1037 ], [ 108.2788, 16.0983 ], [ 108.2678, 16.0969 ], [ 108.2646, 16.0985 ], [ 108.2623, 16.103 ], [ 108.2585, 16.1032 ], [ 108.2519, 16.0986 ], [ 108.2468, 16.0873 ], [ 108.2445, 16.0718 ], [ 108.2453, 16.0612 ], [ 108.2494, 16.0463 ], [ 108.2721, 15.9963 ], [ 108.2876, 15.9685 ], [ 108.2779, 15.9644 ], [ 108.2725, 15.9646 ], [ 108.2712, 15.961 ], [ 108.2699, 15.9609 ], [ 108.2588, 15.9677 ], [ 108.255, 15.9754 ], [ 108.2452, 15.9758 ], [ 108.2389, 15.9711 ], [ 108.2286, 15.9591 ], [ 108.2226, 15.9586 ], [ 108.2207, 15.955 ], [ 108.2215, 15.9487 ], [ 108.2091, 15.9438 ], [ 108.2028, 15.9526 ], [ 108.2042, 15.9614 ], [ 108.2013, 15.9653 ], [ 108.192, 15.9643 ], [ 108.183, 15.9662 ], [ 108.1805, 15.9574 ], [ 108.1802, 15.948 ], [ 108.1773, 15.9416 ], [ 108.1699, 15.9407 ], [ 108.1671, 15.9422 ], [ 108.1611, 15.9508 ], [ 108.1517, 15.9548 ], [ 108.1486, 15.9476 ], [ 108.1483, 15.935 ], [ 108.1434, 15.9332 ], [ 108.1335, 15.9325 ], [ 108.1123, 15.9457 ], [ 108.1058, 15.947 ], [ 108.0896, 15.9376 ], [ 108.0865, 15.9347 ], [ 108.0845, 15.9287 ], [ 108.081, 15.9271 ], [ 108.0688, 15.927 ], [ 108.0643, 15.9285 ], [ 108.0579, 15.9348 ], [ 108.0552, 15.9355 ], [ 108.038, 15.9352 ], [ 108.0147, 15.9291 ], [ 108.0021, 15.923 ], [ 107.9816, 15.9207 ], [ 107.9581, 15.9391 ], [ 107.9489, 15.9497 ], [ 107.9485, 15.9531 ], [ 107.9536, 15.9623 ], [ 107.9552, 15.9689 ], [ 107.9778, 15.9882 ], [ 107.9794, 15.9911 ], [ 107.9816, 16.0089 ], [ 107.9814, 16.0112 ], [ 107.9704, 16.021 ], [ 107.9571, 16.0389 ], [ 107.9574, 16.0495 ], [ 107.961, 16.0657 ], [ 107.9554, 16.0654 ], [ 107.9419, 16.0603 ], [ 107.9111, 16.044 ], [ 107.9005, 16.0351 ], [ 107.8876, 16.0461 ], [ 107.8717, 16.0537 ], [ 107.8616, 16.062 ], [ 107.8376, 16.0608 ], [ 107.8289, 16.0551 ], [ 107.8167, 16.0584 ], [ 107.8187, 16.0654 ], [ 107.8229, 16.0713 ], [ 107.8199, 16.0806 ], [ 107.8207, 16.0838 ], [ 107.8336, 16.0997 ], [ 107.8543, 16.1155 ], [ 107.8533, 16.1261 ], [ 107.858, 16.1359 ], [ 107.8559, 16.1416 ], [ 107.8578, 16.1541 ], [ 107.8614, 16.1568 ], [ 107.8702, 16.1587 ], [ 107.8732, 16.161 ], [ 107.8741, 16.1713 ], [ 107.8656, 16.1847 ], [ 107.8754, 16.1894 ], [ 107.8733, 16.1965 ], [ 107.8853, 16.2013 ], [ 107.8881, 16.2067 ], [ 107.8948, 16.2069 ], [ 107.905, 16.2153 ], [ 107.9107, 16.216 ] ] ], [ [ [ 108.2058, 16.2111 ], [ 108.2026, 16.2109 ], [ 108.197, 16.2144 ], [ 108.1986, 16.2244 ], [ 108.2032, 16.2271 ], [ 108.2071, 16.2258 ], [ 108.2091, 16.221 ], [ 108.2085, 16.2159 ], [ 108.2058, 16.2111 ] ] ] ] } },
{ "type": "Feature", "properties": { "name": "Khanh Hoa", "epsg": 9217, "epsg_2025": 9217 }, "geometry": { "type": "MultiPolygon", "coordinates": [ [ [ [ 109.22, 11.7734 ], [ 109.2177, 11.7733 ], [ 109.212, 11.7782 ], [ 109.2096, 11.785 ], [ 109.2113, 11.7877 ], [ 109.2201, 11.7849 ], [ 109.22, 11.7734 ] ] ], [ [ [ 109.2226, 11.852 ], [ 109.2377, 11.8394 ], [ 109.2406, 11.842 ], [ 109.2415, 11.844 ], [ 109.2398, 11.8495 ], [ 109.2419, 11.8522 ], [ 109.2452, 11.8526 ], [ 109.2475, 11.8508 ], [ 109.2467, 11.8447 ], [ 109.2501, 11.8367 ], [ 109.2458, 11.834 ], [ 109.2396, 11.8354 ], [ 109.2383, 11.8303 ], [ 109.2364, 11.8294 ], [ 109.2311, 11.8303 ], [ 109.2223, 11.8364 ], [ 109.2215, 11.8447 ], [ 109.2191, 11.8484 ], [ 109.2196, 11.853 ], [ 109.2226, 11.852 ] ] ], [ [ [ 109.3205, 12.0035 ], [ 109.3179, 12.0053 ], [ 109.3199, 12.008 ], [ 109.3225, 12.0059 ], [ 109.3205, 12.0035 ] ] ], [ [ [ 109.3251, 12.0353 ], [ 109.3229, 12.0356 ], [ 109.3195, 12.0409 ], [ 109.3241, 12.0471 ], [ 109.3259, 12.0474 ], [ 109.324, 12.0416 ], [ 109.3251, 12.0353 ] ] ], [ [ [ 109.3153, 12.1644 ], [ 109.3123, 12.163 ], [ 109.2994, 12.1645 ], [ 109.2959, 12.1665 ], [ 109.2948, 12.1703 ], [ 109.2968, 12.1725 ], [ 109.3033, 12.1729 ], [ 109.3148, 12.1666 ], [ 109.3153, 12.1644 ] ] ], [ [ [ 109.2495, 12.1703 ], [ 109.2353, 12.1759 ], [ 109.2326, 12.1788 ], [ 109.2346, 12.1802 ], [ 109.2444, 12.1803 ], [ 109.2474, 12.1776 ], [ 109.2495, 12.1703 ] ] ], [ [ [ 109.2738, 12.1748 ], [ 109.2685, 12.1761 ], [ 109.2697, 12.1825 ], [ 109.2748, 12.1821 ], [ 109.2755, 12.1774 ], [ 109.2738, 12.1748 ] ] ], [ [ [ 109.223, 12.1865 ], [ 109.2206, 12.1865 ], [ 109.2168, 12.1908 ], [ 109.2214, 12.1988 ], [ 109.2298, 12.1944 ], [ 109.223, 12.1865 ] ] ], [ [ [ 109.2777, 12.2286 ], [ 109.2874, 12.2316 ], [ 109.2954, 12.2315 ], [ 109.3037, 12.2143 ], [ 109.3103, 12.2159 ], [ 109.313, 12.2274 ], [ 109.3145, 12.2287 ], [ 109.3269, 12.2228 ], [ 109.3292, 12.2171 ], [ 109.3269, 12.2047 ], [ 109.3336, 12.1957 ], [ 109.3209, 12.186 ], [ 109.2895, 12.1984 ], [ 109.2869, 12.1916 ], [ 109.2923, 12.1871 ], [ 109.293, 12.1849 ], [ 109.2819, 12.1819 ], [ 109.2743, 12.1862 ], [ 109.2682, 12.1975 ], [ 109.2564, 12.2007 ], [ 109.2416, 12.2117 ], [ 109.2383, 12.2167 ], [ 109.2386, 12.2252 ], [ 109.2299, 12.2266 ], [ 109.2285, 12.2286 ], [ 109.2319, 12.2335 ], [ 109.2364, 12.2341 ], [ 109.251, 12.2228 ], [ 109.2541, 12.215 ], [ 109.2569, 12.2135 ], [ 109.2594, 12.2181 ], [ 109.263, 12.2373 ], [ 109.2644, 12.2376 ], [ 109.2732, 12.2297 ], [ 109.2777, 12.2286 ] ] ], [ [ [ 109.3598, 12.2682 ], [ 109.3571, 12.2687 ], [ 109.3553, 12.271 ], [ 109.3568, 12.2747 ], [ 109.3613, 12.2735 ], [ 109.3598, 12.2682 ] ] ], [ [ [ 109.3685, 12.2809 ], [ 109.3662, 12.283 ], [ 109.3669, 12.2873 ], [ 109.3683, 12.2862 ], [ 109.3685, 12.2809 ] ] ], [ [ [ 109.2419, 12.2882 ], [ 109.2393, 12.29 ], [ 109.241, 12.2927 ], [ 109.2438, 12.2909 ], [ 109.2419, 12.2882 ] ] ], [ [ [ 109.2146, 12.3595 ], [ 109.212, 12.3593 ], [ 109.2089, 12.362 ], [ 109.2147, 12.3633 ], [ 109.2159, 12.3616 ], [ 109.2146, 12.3595 ] ] ], [ [ [ 109.3779, 12.3579 ], [ 109.3725, 12.3597 ], [ 109.3661, 12.3692 ], [ 109.3704, 12.3711 ], [ 109.3782, 12.3614 ], [ 109.3779, 12.3579 ] ] ], [ [ [ 109.2351, 12.3829 ], [ 109.2326, 12.3821 ], [ 109.2203, 12.3881 ], [ 109.2259, 12.3991 ], [ 109.2299, 12.3992 ], [ 109.2372, 12.3938 ], [ 109.2384, 12.389 ], [ 109.2351, 12.3829 ] ] ], [ [ [ 109.2218, 12.3992 ], [ 109.2192, 12.401 ], [ 109.2208, 12.4037 ], [ 109.2237, 12.4019 ], [ 109.2218, 12.3992 ] ] ], [ [ [ 109.217, 12.401 ], [ 109.2144, 12.4028 ], [ 109.216, 12.4055 ], [ 109.2189, 12.4037 ], [ 109.217, 12.401 ] ] ], [ [ [ 109.3756, 12.4764 ], [ 109.373, 12.478 ], [ 109.3745, 12.4808 ], [ 109.3774, 12.4792 ], [ 109.3756, 12.4764 ] ] ], [ [ [ 109.3588, 12.4807 ], [ 109.3509, 12.4786 ], [ 109.3465, 12.4831 ], [ 109.3445, 12.4861 ], [ 109.3444, 12.4902 ], [ 109.3532, 12.4881 ], [ 109.3579, 12.4846 ], [ 109.3588, 12.4807 ] ] ], [ [ [ 109.3005, 12.4876 ], [ 109.2896, 12.4874 ], [ 109.2924, 12.4948 ], [ 109.3128, 12.4988 ], [ 109.3131, 12.4976 ], [ 109.3069, 12.4946 ], [ 109.3005, 12.4876 ] ] ], [ [ [ 109.3914, 12.5471 ], [ 109.3888, 12.5489 ], [ 109.3908, 12.5516 ], [ 109.3934, 12.5494 ], [ 109.3914, 12.5471 ] ] ], [ [ [ 109.4472, 12.5953 ], [ 109.4447, 12.5971 ], [ 109.4467, 12.5998 ], [ 109.4492, 12.5976 ], [ 109.4472, 12.5953 ] ] ], [ [ [ 109.3458, 12.628 ], [ 109.3536, 12.6273 ], [ 109.3596, 12.6333 ], [ 109.3624, 12.634 ], [ 109.3784, 12.628 ], [ 109.383, 12.6247 ], [ 109.3832, 12.6067 ], [ 109.3887, 12.5989 ], [ 109.3948, 12.5958 ], [ 109.399, 12.5745 ], [ 109.4113, 12.5588 ], [ 109.4062, 12.5522 ], [ 109.3996, 12.5503 ], [ 109.3952, 12.5522 ], [ 109.384, 12.5623 ], [ 109.3825, 12.5676 ], [ 109.372, 12.569 ], [ 109.3599, 12.5798 ], [ 109.3434, 12.5908 ], [ 109.3366, 12.5915 ], [ 109.3373, 12.6035 ], [ 109.3305, 12.6093 ], [ 109.3256, 12.6108 ], [ 109.3162, 12.6085 ], [ 109.3095, 12.6108 ], [ 109.3065, 12.6123 ], [ 109.3009, 12.6211 ], [ 109.3025, 12.631 ], [ 109.317, 12.638 ], [ 109.3308, 12.6366 ], [ 109.3458, 12.628 ] ] ], [ [ [ 109.3061, 12.6364 ], [ 109.3035, 12.6382 ], [ 109.3055, 12.6409 ], [ 109.3081, 12.6388 ], [ 109.3061, 12.6364 ] ] ], [ [ [ 109.2931, 12.6372 ], [ 109.2905, 12.639 ], [ 109.2925, 12.6417 ], [ 109.2951, 12.6395 ], [ 109.2931, 12.6372 ] ] ], [ [ [ 109.2174, 12.6413 ], [ 109.2147, 12.6431 ], [ 109.2164, 12.6457 ], [ 109.2192, 12.644 ], [ 109.2174, 12.6413 ] ] ], [ [ [ 109.3154, 12.642 ], [ 109.3135, 12.6464 ], [ 109.3146, 12.647 ], [ 109.3164, 12.646 ], [ 109.3154, 12.642 ] ] ], [ [ [ 109.3742, 12.6444 ], [ 109.3716, 12.6461 ], [ 109.3736, 12.6489 ], [ 109.3761, 12.6471 ], [ 109.3742, 12.6444 ] ] ], [ [ [ 109.3434, 12.643 ], [ 109.3409, 12.6438 ], [ 109.3372, 12.6503 ], [ 109.3388, 12.6528 ], [ 109.3473, 12.6539 ], [ 109.3484, 12.6522 ], [ 109.3466, 12.645 ], [ 109.3434, 12.643 ] ] ], [ [ [ 109.4006, 12.6448 ], [ 109.3912, 12.6513 ], [ 109.3955, 12.6563 ], [ 109.4032, 12.6508 ], [ 109.4006, 12.6448 ] ] ], [ [ [ 109.4655, 12.6516 ], [ 109.4638, 12.656 ], [ 109.4661, 12.6595 ], [ 109.468, 12.6582 ], [ 109.4683, 12.6545 ], [ 109.4655, 12.6516 ] ] ], [ [ [ 109.2624, 12.6761 ], [ 109.2598, 12.6779 ], [ 109.2618, 12.6806 ], [ 109.2643, 12.6785 ], [ 109.2624, 12.6761 ] ] ], [ [ [ 109.2799, 12.6953 ], [ 109.2777, 12.6969 ], [ 109.2857, 12.7026 ], [ 109.2857, 12.7011 ], [ 109.2799, 12.6953 ] ] ], [ [ [ 109.3694, 12.7056 ], [ 109.3665, 12.7039 ], [ 109.3638, 12.7051 ], [ 109.3675, 12.7101 ], [ 109.3707, 12.7093 ], [ 109.3694, 12.7056 ] ] ], [ [ [ 109.3007, 12.7135 ], [ 109.2928, 12.7129 ], [ 109.2923, 12.7147 ], [ 109.2948, 12.7209 ], [ 109.3032, 12.7253 ], [ 109.311, 12.7247 ], [ 109.3107, 12.7225 ], [ 109.3038, 12.7179 ], [ 109.3007, 12.7135 ] ] ], [ [ [ 109.3769, 12.8389 ], [ 109.3627, 12.8378 ], [ 109.3551, 12.8247 ], [ 109.3592, 12.7907 ], [ 109.3724, 12.7551 ], [ 109.3918, 12.718 ], [ 109.4237, 12.6714 ], [ 109.4269, 12.6689 ], [ 109.4409, 12.6656 ], [ 109.4515, 12.67 ], [ 109.4597, 12.6517 ], [ 109.4596, 12.6495 ], [ 109.4578, 12.6486 ], [ 109.4471, 12.6509 ], [ 109.4366, 12.6487 ], [ 109.4327, 12.6417 ], [ 109.4319, 12.6366 ], [ 109.4344, 12.6157 ], [ 109.4276, 12.5994 ], [ 109.4281, 12.5969 ], [ 109.4345, 12.5942 ], [ 109.4384, 12.5703 ], [ 109.4346, 12.5668 ], [ 109.4316, 12.5663 ], [ 109.4255, 12.5752 ], [ 109.4145, 12.5817 ], [ 109.4126, 12.5857 ], [ 109.4129, 12.6043 ], [ 109.4105, 12.6059 ], [ 109.4012, 12.6055 ], [ 109.3982, 12.6074 ], [ 109.3955, 12.6174 ], [ 109.3884, 12.6287 ], [ 109.3905, 12.6322 ], [ 109.4068, 12.6371 ], [ 109.4096, 12.6485 ], [ 109.4058, 12.671 ], [ 109.3958, 12.6789 ], [ 109.3945, 12.687 ], [ 109.3916, 12.6874 ], [ 109.3885, 12.6841 ], [ 109.3929, 12.6736 ], [ 109.3917, 12.6703 ], [ 109.3781, 12.6714 ], [ 109.3721, 12.6757 ], [ 109.3676, 12.6748 ], [ 109.3645, 12.6687 ], [ 109.3691, 12.6587 ], [ 109.3659, 12.6471 ], [ 109.3632, 12.6439 ], [ 109.3612, 12.6443 ], [ 109.3588, 12.6479 ], [ 109.3497, 12.6652 ], [ 109.3466, 12.6648 ], [ 109.3426, 12.6616 ], [ 109.3372, 12.6534 ], [ 109.3325, 12.6594 ], [ 109.3329, 12.6636 ], [ 109.3425, 12.6684 ], [ 109.3472, 12.6859 ], [ 109.353, 12.6957 ], [ 109.3556, 12.6958 ], [ 109.3567, 12.6892 ], [ 109.3613, 12.6888 ], [ 109.3663, 12.6909 ], [ 109.3688, 12.6941 ], [ 109.3695, 12.7029 ], [ 109.3775, 12.7086 ], [ 109.3786, 12.7142 ], [ 109.3723, 12.7217 ], [ 109.3674, 12.7312 ], [ 109.3543, 12.7639 ], [ 109.3554, 12.7889 ], [ 109.3538, 12.8002 ], [ 109.344, 12.8031 ], [ 109.3247, 12.7962 ], [ 109.3223, 12.7926 ], [ 109.3229, 12.7796 ], [ 109.32, 12.7704 ], [ 109.3173, 12.7674 ], [ 109.3134, 12.7661 ], [ 109.2942, 12.7632 ], [ 109.2897, 12.7546 ], [ 109.2697, 12.733 ], [ 109.2596, 12.7131 ], [ 109.2539, 12.7081 ], [ 109.239, 12.7034 ], [ 109.2268, 12.696 ], [ 109.2213, 12.6851 ], [ 109.2096, 12.671 ], [ 109.2072, 12.6538 ], [ 109.1964, 12.646 ], [ 109.1832, 12.6277 ], [ 109.1806, 12.6208 ], [ 109.1904, 12.6223 ], [ 109.1993, 12.6137 ], [ 109.1998, 12.6108 ], [ 109.1944, 12.5944 ], [ 109.1934, 12.5856 ], [ 109.1887, 12.5784 ], [ 109.193, 12.5699 ], [ 109.2075, 12.558 ], [ 109.2073, 12.5391 ], [ 109.2101, 12.5394 ], [ 109.2131, 12.5504 ], [ 109.2132, 12.5578 ], [ 109.2089, 12.5689 ], [ 109.2203, 12.5844 ], [ 109.2314, 12.5953 ], [ 109.2327, 12.5931 ], [ 109.2316, 12.5834 ], [ 109.2392, 12.5843 ], [ 109.2424, 12.5827 ], [ 109.2416, 12.5777 ], [ 109.2355, 12.5758 ], [ 109.2326, 12.5708 ], [ 109.2282, 12.5491 ], [ 109.2292, 12.5317 ], [ 109.2373, 12.5098 ], [ 109.25, 12.5073 ], [ 109.2745, 12.4871 ], [ 109.2822, 12.4913 ], [ 109.2916, 12.4781 ], [ 109.2912, 12.4651 ], [ 109.2869, 12.4579 ], [ 109.2833, 12.4422 ], [ 109.2879, 12.4283 ], [ 109.2907, 12.4248 ], [ 109.2947, 12.4229 ], [ 109.3188, 12.4188 ], [ 109.3273, 12.4092 ], [ 109.3363, 12.4079 ], [ 109.3399, 12.3998 ], [ 109.3374, 12.3909 ], [ 109.3272, 12.3896 ], [ 109.3246, 12.3872 ], [ 109.3243, 12.3849 ], [ 109.3286, 12.3791 ], [ 109.327, 12.3749 ], [ 109.3251, 12.3742 ], [ 109.3191, 12.3794 ], [ 109.3129, 12.3891 ], [ 109.307, 12.3899 ], [ 109.3027, 12.3854 ], [ 109.3001, 12.3797 ], [ 109.2975, 12.3547 ], [ 109.2907, 12.3474 ], [ 109.2815, 12.3494 ], [ 109.2787, 12.3511 ], [ 109.2755, 12.3599 ], [ 109.2653, 12.3592 ], [ 109.2606, 12.3619 ], [ 109.2583, 12.3696 ], [ 109.2592, 12.3724 ], [ 109.2624, 12.3747 ], [ 109.2625, 12.3781 ], [ 109.2443, 12.3961 ], [ 109.2427, 12.4031 ], [ 109.2392, 12.4079 ], [ 109.2156, 12.4296 ], [ 109.1756, 12.4572 ], [ 109.1738, 12.4515 ], [ 109.1612, 12.4353 ], [ 109.1582, 12.4334 ], [ 109.1532, 12.433 ], [ 109.1496, 12.4303 ], [ 109.1494, 12.4266 ], [ 109.1552, 12.4249 ], [ 109.1568, 12.4192 ], [ 109.1538, 12.4181 ], [ 109.147, 12.4213 ], [ 109.14, 12.411 ], [ 109.1485, 12.4065 ], [ 109.1545, 12.4071 ], [ 109.1666, 12.4038 ], [ 109.1822, 12.4048 ], [ 109.1976, 12.3945 ], [ 109.1991, 12.3898 ], [ 109.1945, 12.3793 ], [ 109.1939, 12.3631 ], [ 109.1998, 12.3391 ], [ 109.2286, 12.3138 ], [ 109.241, 12.3071 ], [ 109.2326, 12.2976 ], [ 109.2152, 12.2985 ], [ 109.2045, 12.2916 ], [ 109.201, 12.2807 ], [ 109.2011, 12.277 ], [ 109.2043, 12.2709 ], [ 109.2021, 12.2673 ], [ 109.1973, 12.2659 ], [ 109.1885, 12.2692 ], [ 109.1728, 12.2708 ], [ 109.1746, 12.268 ], [ 109.1833, 12.267 ], [ 109.1898, 12.2632 ], [ 109.1977, 12.262 ], [ 109.1949, 12.2525 ], [ 109.1958, 12.2378 ], [ 109.2028, 12.2224 ], [ 109.2153, 12.2114 ], [ 109.2139, 12.2051 ], [ 109.2107, 12.2019 ], [ 109.2051, 12.2011 ], [ 109.2006, 12.2028 ], [ 109.1948, 12.2083 ], [ 109.1816, 12.21 ], [ 109.1748, 12.204 ], [ 109.1673, 12.2089 ], [ 109.1653, 12.2083 ], [ 109.1649, 12.2056 ], [ 109.1681, 12.2014 ], [ 109.1689, 12.1966 ], [ 109.1723, 12.1962 ], [ 109.1765, 12.2009 ], [ 109.1826, 12.2044 ], [ 109.1882, 12.2045 ], [ 109.2062, 12.1886 ], [ 109.2075, 12.1854 ], [ 109.2061, 12.1766 ], [ 109.1974, 12.1728 ], [ 109.1964, 12.167 ], [ 109.2029, 12.1617 ], [ 109.2188, 12.1549 ], [ 109.2206, 12.1519 ], [ 109.2208, 12.1427 ], [ 109.2145, 12.1402 ], [ 109.2128, 12.138 ], [ 109.2103, 12.1327 ], [ 109.2089, 12.1236 ], [ 109.2046, 12.1188 ], [ 109.1966, 12.1192 ], [ 109.1939, 12.1175 ], [ 109.1921, 12.107 ], [ 109.193, 12.0889 ], [ 109.2003, 12.0635 ], [ 109.2177, 12.0268 ], [ 109.2291, 12.0058 ], [ 109.2448, 11.9819 ], [ 109.2522, 11.9758 ], [ 109.2577, 11.9799 ], [ 109.2685, 11.9752 ], [ 109.2701, 11.9674 ], [ 109.2692, 11.957 ], [ 109.2716, 11.9523 ], [ 109.2748, 11.9517 ], [ 109.2823, 11.956 ], [ 109.2833, 11.9548 ], [ 109.2812, 11.9467 ], [ 109.2743, 11.9449 ], [ 109.2728, 11.9361 ], [ 109.2694, 11.9349 ], [ 109.2677, 11.9375 ], [ 109.2654, 11.9375 ], [ 109.2604, 11.9337 ], [ 109.2576, 11.9298 ], [ 109.2561, 11.9203 ], [ 109.2608, 11.9031 ], [ 109.266, 11.8985 ], [ 109.2725, 11.8842 ], [ 109.2783, 11.8811 ], [ 109.2785, 11.8777 ], [ 109.2701, 11.8667 ], [ 109.2701, 11.8612 ], [ 109.2609, 11.8626 ], [ 109.259, 11.8658 ], [ 109.2556, 11.867 ], [ 109.2526, 11.8645 ], [ 109.2498, 11.8551 ], [ 109.2475, 11.8543 ], [ 109.2456, 11.8567 ], [ 109.2464, 11.8639 ], [ 109.2397, 11.8667 ], [ 109.2351, 11.8785 ], [ 109.2298, 11.8824 ], [ 109.2123, 11.8842 ], [ 109.2029, 11.8809 ], [ 109.2015, 11.8821 ], [ 109.2054, 11.8958 ], [ 109.2042, 11.9079 ], [ 109.21, 11.9185 ], [ 109.2113, 11.9253 ], [ 109.2066, 11.9239 ], [ 109.2031, 11.9283 ], [ 109.2106, 11.9313 ], [ 109.214, 11.9409 ], [ 109.2119, 11.9461 ], [ 109.204, 11.9527 ], [ 109.2047, 11.9547 ], [ 109.2114, 11.9557 ], [ 109.212, 11.9571 ], [ 109.2134, 11.9761 ], [ 109.2127, 11.9787 ], [ 109.2088, 11.981 ], [ 109.2095, 11.9883 ], [ 109.2045, 12.0 ], [ 109.2053, 12.0151 ], [ 109.2006, 12.0305 ], [ 109.1998, 12.0417 ], [ 109.1981, 12.044 ], [ 109.1925, 12.0447 ], [ 109.187, 12.0563 ], [ 109.1823, 12.0586 ], [ 109.1811, 12.0729 ], [ 109.1771, 12.0849 ], [ 109.1771, 12.0917 ], [ 109.1733, 12.0992 ], [ 109.1795, 12.1054 ], [ 109.1796, 12.1123 ], [ 109.1703, 12.1189 ], [ 109.1608, 12.12 ], [ 109.1512, 12.1054 ], [ 109.1516, 12.1026 ], [ 109.1564, 12.0979 ], [ 109.1729, 12.0876 ], [ 109.1789, 12.0571 ], [ 109.1757, 12.0563 ], [ 109.1734, 12.0655 ], [ 109.1711, 12.0663 ], [ 109.1699, 12.0604 ], [ 109.1714, 12.0455 ], [ 109.1757, 12.0406 ], [ 109.1871, 12.0339 ], [ 109.1981, 12.0238 ], [ 109.2008, 12.017 ], [ 109.1999, 12.0074 ], [ 109.196, 11.9968 ], [ 109.1983, 11.9912 ], [ 109.2035, 11.9885 ], [ 109.2047, 11.9838 ], [ 109.2042, 11.9821 ], [ 109.2012, 11.9825 ], [ 109.198, 11.9785 ], [ 109.1849, 11.9482 ], [ 109.1875, 11.9421 ], [ 109.1852, 11.9397 ], [ 109.1806, 11.9389 ], [ 109.1756, 11.9329 ], [ 109.1669, 11.9173 ], [ 109.165, 11.9084 ], [ 109.1614, 11.9067 ], [ 109.1563, 11.9112 ], [ 109.1525, 11.9099 ], [ 109.1499, 11.9063 ], [ 109.1539, 11.9037 ], [ 109.1542, 11.9014 ], [ 109.1513, 11.898 ], [ 109.1466, 11.8957 ], [ 109.1378, 11.9116 ], [ 109.1338, 11.9119 ], [ 109.1305, 11.9087 ], [ 109.1187, 11.8883 ], [ 109.1189, 11.8768 ], [ 109.1144, 11.8682 ], [ 109.109, 11.8502 ], [ 109.1115, 11.8454 ], [ 109.1162, 11.8438 ], [ 109.116, 11.8334 ], [ 109.1223, 11.8259 ], [ 109.1327, 11.8201 ], [ 109.1423, 11.8191 ], [ 109.1506, 11.8294 ], [ 109.1588, 11.847 ], [ 109.1599, 11.8565 ], [ 109.1658, 11.8543 ], [ 109.1692, 11.8653 ], [ 109.187, 11.8777 ], [ 109.1902, 11.8752 ], [ 109.1903, 11.873 ], [ 109.1793, 11.8601 ], [ 109.1762, 11.8412 ], [ 109.1807, 11.8175 ], [ 109.1833, 11.8157 ], [ 109.1908, 11.8159 ], [ 109.1932, 11.8127 ], [ 109.1868, 11.8139 ], [ 109.1745, 11.8131 ], [ 109.1351, 11.8056 ], [ 109.1078, 11.8078 ], [ 109.0979, 11.811 ], [ 109.091, 11.8165 ], [ 109.0641, 11.8492 ], [ 109.054, 11.8697 ], [ 109.0451, 11.899 ], [ 109.0373, 11.9086 ], [ 109.0227, 11.9121 ], [ 109.0027, 11.9241 ], [ 108.9847, 11.9168 ], [ 108.9728, 11.9181 ], [ 108.9571, 11.926 ], [ 108.9463, 11.9383 ], [ 108.9324, 11.9383 ], [ 108.9228, 11.9418 ], [ 108.9191, 11.9462 ], [ 108.9183, 11.9505 ], [ 108.9142, 11.953 ], [ 108.8893, 11.9489 ], [ 108.861, 11.9695 ], [ 108.85, 11.9649 ], [ 108.8483, 11.9661 ], [ 108.8461, 11.9702 ], [ 108.8453, 11.9841 ], [ 108.8524, 11.9915 ], [ 108.8559, 12.0007 ], [ 108.8551, 12.01 ], [ 108.8525, 12.0155 ], [ 108.8447, 12.0211 ], [ 108.8343, 12.0231 ], [ 108.8202, 12.0317 ], [ 108.8182, 12.0405 ], [ 108.8086, 12.0441 ], [ 108.7973, 12.0459 ], [ 108.8071, 12.061 ], [ 108.8017, 12.0693 ], [ 108.7982, 12.0831 ], [ 108.7928, 12.0914 ], [ 108.7904, 12.1113 ], [ 108.7815, 12.1248 ], [ 108.7875, 12.151 ], [ 108.7863, 12.162 ], [ 108.7812, 12.1677 ], [ 108.7784, 12.1681 ], [ 108.7723, 12.1654 ], [ 108.7673, 12.1557 ], [ 108.7356, 12.1578 ], [ 108.7271, 12.1633 ], [ 108.7216, 12.17 ], [ 108.7156, 12.1845 ], [ 108.7089, 12.1938 ], [ 108.7171, 12.2154 ], [ 108.7176, 12.2223 ], [ 108.7136, 12.2277 ], [ 108.7007, 12.2372 ], [ 108.6988, 12.241 ], [ 108.7024, 12.26 ], [ 108.7005, 12.2815 ], [ 108.7022, 12.3057 ], [ 108.6972, 12.3111 ], [ 108.6784, 12.3179 ], [ 108.6832, 12.3252 ], [ 108.683, 12.3286 ], [ 108.6773, 12.3427 ], [ 108.6767, 12.3535 ], [ 108.6856, 12.3681 ], [ 108.6868, 12.3755 ], [ 108.6838, 12.3879 ], [ 108.6767, 12.3934 ], [ 108.6728, 12.3994 ], [ 108.668, 12.4245 ], [ 108.6722, 12.434 ], [ 108.6958, 12.4593 ], [ 108.703, 12.4769 ], [ 108.7145, 12.4849 ], [ 108.7331, 12.4768 ], [ 108.7388, 12.4772 ], [ 108.7468, 12.486 ], [ 108.7505, 12.4988 ], [ 108.7719, 12.5065 ], [ 108.7784, 12.5064 ], [ 108.7882, 12.5011 ], [ 108.8201, 12.4742 ], [ 108.835, 12.4647 ], [ 108.8594, 12.4555 ], [ 108.8683, 12.4549 ], [ 108.8764, 12.4751 ], [ 108.877, 12.4801 ], [ 108.8573, 12.4947 ], [ 108.8732, 12.5134 ], [ 108.8741, 12.5171 ], [ 108.8712, 12.5268 ], [ 108.8721, 12.5306 ], [ 108.8804, 12.5425 ], [ 108.8896, 12.5486 ], [ 108.8943, 12.5621 ], [ 108.8942, 12.5673 ], [ 108.8895, 12.5816 ], [ 108.8849, 12.5807 ], [ 108.8756, 12.5894 ], [ 108.8619, 12.5961 ], [ 108.8603, 12.6057 ], [ 108.8651, 12.6176 ], [ 108.8739, 12.6273 ], [ 108.881, 12.6275 ], [ 108.8883, 12.6251 ], [ 108.8956, 12.6269 ], [ 108.9096, 12.6429 ], [ 108.9115, 12.6473 ], [ 108.9125, 12.6616 ], [ 108.9, 12.6732 ], [ 108.9034, 12.6785 ], [ 108.9169, 12.6806 ], [ 108.9407, 12.6958 ], [ 108.9502, 12.6887 ], [ 108.9681, 12.6862 ], [ 108.9764, 12.6832 ], [ 108.9812, 12.6881 ], [ 108.9903, 12.707 ], [ 109.0003, 12.7135 ], [ 109.0267, 12.7374 ], [ 109.0401, 12.7472 ], [ 109.0588, 12.7502 ], [ 109.0834, 12.7438 ], [ 109.0895, 12.7526 ], [ 109.0879, 12.762 ], [ 109.089, 12.7692 ], [ 109.1032, 12.778 ], [ 109.1133, 12.7983 ], [ 109.1165, 12.8001 ], [ 109.122, 12.7985 ], [ 109.1313, 12.7864 ], [ 109.1412, 12.7815 ], [ 109.1467, 12.7859 ], [ 109.1493, 12.8011 ], [ 109.1593, 12.8218 ], [ 109.1645, 12.8276 ], [ 109.1885, 12.8314 ], [ 109.2023, 12.8296 ], [ 109.2104, 12.8268 ], [ 109.2206, 12.8162 ], [ 109.226, 12.8137 ], [ 109.2538, 12.8392 ], [ 109.2836, 12.8332 ], [ 109.2966, 12.8414 ], [ 109.3051, 12.843 ], [ 109.3135, 12.8403 ], [ 109.3177, 12.8368 ], [ 109.324, 12.8409 ], [ 109.327, 12.8477 ], [ 109.3441, 12.8546 ], [ 109.3646, 12.8682 ], [ 109.3869, 12.8443 ], [ 109.3769, 12.8389 ] ] ] ] } }
]
}
